#pragma once
#include <Arduino.h>
#define MASK_W 128
#define MASK_H 128
#define MASK_FRAMES 6

static const uint16_t MASK_DATA[MASK_FRAMES][MASK_W * MASK_H] PROGMEM = {
  { // 0 idle
    0x0000, 0x0000, 0x0000, 0x0000, 0x0000, 0x0000, 0x0000, 0x0000, 0x0000, 0x0000, 0x0000, 0x0000,
    0x0000, 0x0000, 0x0000, 0x0000, 0x0000, 0x0000, 0x0000, 0x0000, 0x0000, 0x0000, 0x0000, 0x0000,
    0x0000, 0x0000, 0x0000, 0x0000, 0x0000, 0x0000, 0x0000, 0x0000, 0x0000, 0x0000, 0x0000, 0x0000,
    0x0000, 0x0000, 0x0000, 0x0000, 0x0000, 0x0000, 0x0000, 0x0000, 0x0000, 0x0000, 0x0000, 0x0000,
    0x0000, 0x0000, 0x0000, 0x0000, 0x0000, 0x0000, 0x0000, 0x0000, 0x0000, 0x0000, 0x0000, 0x0000,
    0x0000, 0x0000, 0x0000, 0x0000, 0x0000, 0x0000, 0x0000, 0x0000, 0x0000, 0x0000, 0x0000, 0x0000,
    0x0000, 0x0000, 0x0000, 0x0000, 0x0000, 0x0000, 0x0000, 0x0000, 0x0000, 0x0000, 0x0000, 0x0000,
    0x0000, 0x0000, 0x0000, 0x0000, 0x0000, 0x0000, 0x0000, 0x0000, 0x0000, 0x0000, 0x0000, 0x0000,
    0x0000, 0x0000, 0x0000, 0x0000, 0x0000, 0x0000, 0x0000, 0x0000, 0x0000, 0x0000, 0x0000, 0x0000,
    0x0000, 0x0000, 0x0000, 0x0000, 0x0000, 0x0000, 0x0000, 0x0000, 0x0000, 0x0000, 0x0000, 0x0000,
    0x0000, 0x0000, 0x0000, 0x0000, 0x0000, 0x0000, 0x0000, 0x0000, 0x0000, 0x0000, 0x0000, 0x0000,
    0x0000, 0x0000, 0x0000, 0x0000, 0x0000, 0x0000, 0x0000, 0x0000, 0x0000, 0x0000, 0x0000, 0x0000,
    0x0000, 0x0000, 0x0000, 0x0000, 0x0000, 0x0000, 0x0000, 0x0000, 0x0000, 0x0000, 0x0000, 0x0000,
    0x0000, 0x0000, 0x0000, 0x0000, 0x0000, 0x0000, 0x0000, 0x0000, 0x0000, 0x0000, 0x0000, 0x0000,
    0x0000, 0x0000, 0x0000, 0x0000, 0x0000, 0x0000, 0x0000, 0x0000, 0x0000, 0x0000, 0x0000, 0x0000,
    0x0000, 0x0000, 0x0000, 0x0000, 0x0000, 0x0000, 0x0000, 0x0000, 0x0000, 0x0000, 0x0000, 0x0000,
    0x0000, 0x0000, 0x0000, 0x0000, 0x0000, 0x0000, 0x0000, 0x0000, 0x0000, 0x0000, 0x0000, 0x0000,
    0x0000, 0x0000, 0x0000, 0x0000, 0x0000, 0x0000, 0x0000, 0x0000, 0x0000, 0x0000, 0x0000, 0x0000,
    0x0000, 0x0000, 0x0000, 0x0000, 0x0000, 0x0000, 0x0000, 0x0000, 0x0000, 0x0000, 0x0000, 0x0000,
    0x0000, 0x0000, 0x0000, 0x0000, 0x0000, 0x0000, 0x0000, 0x0000, 0x0000, 0x0000, 0x0000, 0x0000,
    0x0000, 0x0000, 0x0000, 0x0000, 0x0000, 0x0000, 0x0000, 0x0000, 0x0000, 0x0000, 0x0000, 0x0000,
    0x0000, 0x0000, 0x0000, 0x0000, 0x0000, 0x0000, 0x0000, 0x0000, 0x0000, 0x0000, 0x0000, 0x0000,
    0x0000, 0x0000, 0x0000, 0x0000, 0x0000, 0x0000, 0x0000, 0x0000, 0x0000, 0x0000, 0x0000, 0x0000,
    0x0000, 0x0000, 0x10A2, 0x2965, 0x31C7, 0x39E8, 0x31A7, 0x2124, 0x1082, 0x0000, 0x0000, 0x0000,
    0x0000, 0x0000, 0x0000, 0x0000, 0x0000, 0x0000, 0x0000, 0x0000, 0x0000, 0x0000, 0x0000, 0x0000,
    0x0000, 0x0000, 0x0000, 0x0000, 0x0000, 0x0000, 0x0000, 0x0000, 0x0000, 0x0000, 0x0000, 0x0000,
    0x0000, 0x0000, 0x0000, 0x0000, 0x0000, 0x0000, 0x0000, 0x0000, 0x0000, 0x0000, 0x0000, 0x0000,
    0x0000, 0x0000, 0x0000, 0x0000, 0x0000, 0x0000, 0x0000, 0x0000, 0x0000, 0x0000, 0x0000, 0x0000,
    0x0000, 0x0000, 0x0000, 0x0000, 0x0000, 0x0000, 0x0000, 0x0000, 0x0000, 0x0000, 0x0000, 0x0000,
    0x0000, 0x0000, 0x0000, 0x0000, 0x0000, 0x0000, 0x0000, 0x10A2, 0x2145, 0x31C7, 0x39E8, 0x31C7,
    0x2125, 0x0000, 0x0000, 0x0000, 0x0000, 0x0000, 0x0000, 0x0000, 0x0000, 0x0000, 0x0000, 0x0000,
    0x0000, 0x0000, 0x0000, 0x0000, 0x0000, 0x0000, 0x0000, 0x0000, 0x0000, 0x0000, 0x0000, 0x0000,
    0x0000, 0x0000, 0x0000, 0x0000, 0x0000, 0x0000, 0x0000, 0x0000, 0x0000, 0x0000, 0x0000, 0x0000,
    0x0000, 0x0000, 0x0000, 0x0000, 0x0000, 0x0000, 0x0000, 0x0000, 0x426A, 0x84B3, 0xADD8, 0xB63A,
    0xBE7A, 0xBE7B, 0xBE7A, 0xB63A, 0xADD8, 0xA576, 0x8472, 0x5B0C, 0x31A6, 0x0000, 0x0000, 0x0000,
    0x0000, 0x0000, 0x0000, 0x0000, 0x0000, 0x0000, 0x0000, 0x0000, 0x0000, 0x0000, 0x0000, 0x0000,
    0x0000, 0x0000, 0x0000, 0x0000, 0x0000, 0x0000, 0x0000, 0x0000, 0x0000, 0x0000, 0x0000, 0x0000,
    0x0000, 0x0000, 0x0000, 0x0000, 0x0000, 0x0000, 0x0000, 0x0000, 0x0000, 0x0000, 0x0000, 0x0000,
    0x0000, 0x0000, 0x0000, 0x0000, 0x0000, 0x0000, 0x0000, 0x0000, 0x0000, 0x0000, 0x0000, 0x0000,
    0x0000, 0x0000, 0x0000, 0x0000, 0x0000, 0x0000, 0x0000, 0x0000, 0x0000, 0x0000, 0x10A2, 0x31C7,
    0x5B0C, 0x8493, 0xA5B7, 0xADF8, 0xB63A, 0xBE7B, 0xBE7B, 0xBE5A, 0xB63A, 0xA5B8, 0x8493, 0x3A08,
    0x0000, 0x0000, 0x0000, 0x0000, 0x0000, 0x0000, 0x0000, 0x0000, 0x0000, 0x0000, 0x0000, 0x0000,
    0x0000, 0x0000, 0x0000, 0x0000, 0x0000, 0x0000, 0x0000, 0x0000, 0x0000, 0x0000, 0x0000, 0x0000,
    0x0000, 0x0000, 0x0000, 0x0000, 0x0000, 0x0000, 0x0000, 0x0000, 0x0000, 0x0000, 0x0000, 0x0000,
    0x0000, 0x0000, 0x2986, 0x9536, 0xBE7B, 0xBE5A, 0xB63A, 0xB619, 0xB619, 0xB619, 0xB639, 0xB639,
    0xC6BB, 0xD75D, 0x0000, 0x0000, 0xD75D, 0xC69A, 0x9D55, 0x6BAF, 0x4228, 0x10C3, 0x0000, 0x0000,
    0x0000, 0x0000, 0x0000, 0x0000, 0x0000, 0x0000, 0x0000, 0x0000, 0x0000, 0x0000, 0x0000, 0x0000,
    0x0000, 0x0000, 0x0000, 0x0000, 0x0000, 0x0000, 0x0000, 0x0000, 0x0000, 0x0000, 0x0000, 0x0000,
    0x0000, 0x0000, 0x0000, 0x0000, 0x0000, 0x0000, 0x0000, 0x0000, 0x0000, 0x0000, 0x0000, 0x0000,
    0x0000, 0x0000, 0x0000, 0x0000, 0x0000, 0x0000, 0x0000, 0x0000, 0x0000, 0x0000, 0x0000, 0x0000,
    0x0000, 0x0000, 0x18C3, 0x4249, 0x7BF0, 0xA596, 0xC6BB, 0x0000, 0x0000, 0xD75E, 0xD73D, 0xC6BB,
    0xAE19, 0xB619, 0xAE19, 0xADF9, 0xAE19, 0xB63A, 0xBE5B, 0xB65A, 0x84B3, 0x1904, 0x0000, 0x0000,
    0x0000, 0x0000, 0x0000, 0x0000, 0x0000, 0x0000, 0x0000, 0x0000, 0x0000, 0x0000, 0x0000, 0x0000,
    0x0000, 0x0000, 0x0000, 0x0000, 0x0000, 0x0000, 0x0000, 0x0000, 0x0000, 0x0000, 0x0000, 0x0000,
    0x0000, 0x0000, 0x0000, 0x0000, 0x0000, 0x0000, 0x0000, 0x0000, 0x0000, 0x424A, 0xB63A, 0xB63A,
    0xADF9, 0xADF9, 0xB619, 0xB619, 0xB619, 0xB639, 0xB619, 0xBE9B, 0xCEFC, 0xCEFC, 0xCF1C, 0xCEFC,
    0xD71C, 0x0000, 0x0000, 0x0000, 0x0000, 0xD6FC, 0xADD7, 0x8431, 0x4AAA, 0x2124, 0x0000, 0x0000,
    0x0000, 0x0000, 0x0000, 0x0000, 0x0000, 0x0000, 0x0000, 0x0000, 0x0000, 0x0000, 0x0000, 0x0000,
    0x0000, 0x0000, 0x0000, 0x0000, 0x0000, 0x0000, 0x0000, 0x0000, 0x0000, 0x0000, 0x0000, 0x0000,
    0x0000, 0x0000, 0x0000, 0x0000, 0x0000, 0x0000, 0x0000, 0x0000, 0x0000, 0x0000, 0x0000, 0x0000,
    0x0000, 0x0000, 0x0000, 0x0000, 0x0000, 0x0000, 0x2145, 0x52AB, 0x8471, 0xB5F7, 0xD71C, 0x0000,
    0x0000, 0x0000, 0x0000, 0xD73D, 0xD71C, 0xD71C, 0xCEFC, 0xCEFC, 0xBE7A, 0xADF9, 0xAE19, 0xADF9,
    0xADF9, 0xADF9, 0xADD8, 0xADF9, 0xB65A, 0xA5D8, 0x2986, 0x0000, 0x0000, 0x0000, 0x0000, 0x0000,
    0x0000, 0x0000, 0x0000, 0x0000, 0x0000, 0x0000, 0x0000, 0x0000, 0x0000, 0x0000, 0x0000, 0x0000,
    0x0000, 0x0000, 0x0000, 0x0000, 0x0000, 0x0000, 0x0000, 0x0000, 0x0000, 0x0000, 0x0000, 0x0000,
    0x0000, 0x0000, 0x0000, 0x0000, 0x31C7, 0xB65A, 0xADF9, 0xADF8, 0xB619, 0xB619, 0xB619, 0xB619,
    0xB619, 0xB619, 0xBE7A, 0xCF1C, 0xCF1C, 0xD71D, 0xD73D, 0xD73D, 0xD73D, 0xD73D, 0xD73D, 0xD73D,
    0xD73C, 0x0000, 0x0000, 0x0000, 0x0000, 0x0000, 0xC679, 0x9D14, 0x73AE, 0x4229, 0x2104, 0x0000,
    0x0000, 0x0000, 0x0000, 0x0000, 0x0000, 0x0000, 0x0000, 0x0000, 0x0000, 0x0000, 0x0000, 0x0000,
    0x0000, 0x0000, 0x0000, 0x0000, 0x0000, 0x0000, 0x0000, 0x0000, 0x0000, 0x0000, 0x0000, 0x0000,
    0x0000, 0x0000, 0x0000, 0x0000, 0x0000, 0x0000, 0x0000, 0x0000, 0x0000, 0x2124, 0x4A69, 0x73CF,
    0xA555, 0xCE9A, 0x0000, 0x0000, 0x0000, 0x0000, 0x0000, 0x0000, 0x0000, 0x0000, 0x0000, 0x0000,
    0x0000, 0xD73D, 0xD73D, 0xD71D, 0xCEFC, 0xBE5A, 0xB619, 0xB619, 0xADF9, 0xADF9, 0xADF9, 0xADF9,
    0xADD9, 0xAE19, 0xA5D8, 0x2125, 0x0000, 0x0000, 0x0000, 0x0000, 0x0000, 0x0000, 0x0000, 0x0000,
    0x0000, 0x0000, 0x0000, 0x0000, 0x0000, 0x0000, 0x0000, 0x0000, 0x0000, 0x0000, 0x0000, 0x0000,
    0x0000, 0x0000, 0x0000, 0x0000, 0x0000, 0x0000, 0x0000, 0x0000, 0x0000, 0x0000, 0x0000, 0x0882,
    0x9D77, 0xB619, 0xADF9, 0xADF9, 0xB619, 0xB619, 0xB639, 0xB639, 0xB619, 0xB63A, 0xCEFC, 0xCF1C,
    0xD71D, 0xD73D, 0x0000, 0x0000, 0x0000, 0x0000, 0x0000, 0x0000, 0x0000, 0x0000, 0x0000, 0x0000,
    0x0000, 0x0000, 0x0000, 0x0000, 0x0000, 0x0000, 0x0000, 0xC67A, 0xA575, 0x8451, 0x630C, 0x4208,
    0x2124, 0x1082, 0x0000, 0x0000, 0x0000, 0x0000, 0x0000, 0x0000, 0x0000, 0x0000, 0x0000, 0x0000,
    0x0000, 0x0000, 0x0000, 0x0000, 0x0000, 0x0000, 0x0000, 0x0000, 0x0000, 0x0000, 0x1082, 0x2145,
    0x4208, 0x632C, 0x8C71, 0xAD96, 0xCE9A, 0x0000, 0x0000, 0x0000, 0x0000, 0x0000, 0x0000, 0x0000,
    0x0000, 0x0000, 0x0000, 0x0000, 0x0000, 0x0000, 0x0000, 0x0000, 0x0000, 0x0000, 0x0000, 0xD73D,
    0xD71C, 0xCEFC, 0xBE5A, 0xB63A, 0xB639, 0xB619, 0xB619, 0xA5D8, 0xADD9, 0xA5D8, 0xAE3A, 0x9515,
    0x0000, 0x0000, 0x0000, 0x0000, 0x0000, 0x0000, 0x0000, 0x0000, 0x0000, 0x0000, 0x0000, 0x0000,
    0x0000, 0x0000, 0x0000, 0x0000, 0x0000, 0x0000, 0x0000, 0x0000, 0x0000, 0x0000, 0x0000, 0x0000,
    0x0000, 0x0000, 0x0000, 0x0000, 0x0000, 0x0000, 0x0000, 0x634E, 0xB63A, 0xADD8, 0xADF9, 0xB619,
    0xB619, 0xB639, 0xB639, 0xB619, 0xB619, 0xC6DC, 0xCF1C, 0xCF1C, 0xD73D, 0xD73D, 0x0000, 0x0000,
    0x0000, 0x0000, 0x0000, 0x0000, 0x0000, 0x0000, 0x0000, 0x0000, 0x0000, 0x0000, 0x0000, 0x0000,
    0x0000, 0x0000, 0x0000, 0x0000, 0x0000, 0x0000, 0x0000, 0x0000, 0x0000, 0x0000, 0xC659, 0xADB6,
    0x9CF3, 0x8451, 0x73CF, 0x634D, 0x5AEB, 0x4A8A, 0x4A69, 0x4249, 0x4A49, 0x4A8A, 0x52AB, 0x5B0C,
    0x6B4D, 0x73CF, 0x8C51, 0x9CF4, 0xB5B7, 0xC679, 0x0000, 0x0000, 0x0000, 0x0000, 0x0000, 0x0000,
    0x0000, 0x0000, 0x0000, 0x0000, 0x0000, 0x0000, 0x0000, 0x0000, 0x0000, 0x0000, 0x0000, 0x0000,
    0x0000, 0x0000, 0x0000, 0x0000, 0x0000, 0x0000, 0x0000, 0xD73D, 0xD71D, 0xD71D, 0xC6DC, 0xB63A,
    0xB63A, 0xB639, 0xB619, 0xADF9, 0xADF9, 0xAE19, 0xA5D8, 0xBE7B, 0x52CB, 0x0000, 0x0000, 0x0000,
    0x0000, 0x0000, 0x0000, 0x0000, 0x0000, 0x0000, 0x0000, 0x0000, 0x0000, 0x0000, 0x0000, 0x0000,
    0x0000, 0x0000, 0x0000, 0x0000, 0x0000, 0x0000, 0x0000, 0x0000, 0x0000, 0x0000, 0x0000, 0x0000,
    0x0000, 0x0000, 0x10A2, 0xA598, 0xADD9, 0xADF9, 0xAE19, 0xB619, 0xB619, 0xB619, 0xB619, 0xAE19,
    0xBE7A, 0xCF1D, 0xCF1D, 0xD71D, 0xD73D, 0x0000, 0x0000, 0x0000, 0x0000, 0x0000, 0x0000, 0x0000,
    0x0000, 0x0000, 0x0000, 0x0000, 0x0000, 0x0000, 0x0000, 0x0000, 0x0000, 0x0000, 0x0000, 0x0000,
    0x0000, 0x0000, 0x0000, 0x0000, 0x0000, 0x0000, 0x0000, 0x0000, 0x0000, 0x0000, 0x0000, 0x0000,
    0x0000, 0x0000, 0x0000, 0x0000, 0x0000, 0x0000, 0x0000, 0x0000, 0x0000, 0x0000, 0x0000, 0x0000,
    0x0000, 0x0000, 0x0000, 0x0000, 0x0000, 0x0000, 0x0000, 0x0000, 0x0000, 0x0000, 0x0000, 0x0000,
    0x0000, 0x0000, 0x0000, 0x0000, 0x0000, 0x0000, 0x0000, 0x0000, 0x0000, 0x0000, 0x0000, 0x0000,
    0x0000, 0x0000, 0x0000, 0xD73D, 0xD73D, 0xD71D, 0xD71D, 0xBE7B, 0xB63A, 0xB63A, 0xB619, 0xAE19,
    0xADF9, 0xAE19, 0xADF9, 0xAE19, 0x9D56, 0x0000, 0x0000, 0x0000, 0x0000, 0x0000, 0x0000, 0x0000,
    0x0000, 0x0000, 0x0000, 0x0000, 0x0000, 0x0000, 0x0000, 0x0000, 0x0000, 0x0000, 0x0000, 0x0000,
    0x0000, 0x0000, 0x0000, 0x0000, 0x0000, 0x0000, 0x0000, 0x0000, 0x0000, 0x0000, 0x4A8A, 0xB65A,
    0xA5D8, 0xADF9, 0xADF9, 0xAE19, 0xB619, 0xB619, 0xB619, 0xB63A, 0xCEFC, 0xCF1C, 0xD73D, 0xD73D,
    0xD73D, 0x0000, 0x0000, 0x0000, 0x0000, 0x0000, 0x0000, 0x0000, 0x0000, 0x0000, 0x0000, 0x0000,
    0x0000, 0x0000, 0x0000, 0x0000, 0x0000, 0x0000, 0x0000, 0x0000, 0x0000, 0x0000, 0x0000, 0x0000,
    0x0000, 0x0000, 0x0000, 0x0000, 0x0000, 0x0000, 0x0000, 0x0000, 0x0000, 0x0000, 0x0000, 0x0000,
    0x0000, 0x0000, 0x0000, 0x0000, 0x0000, 0x0000, 0x0000, 0x0000, 0x0000, 0x0000, 0x0000, 0x0000,
    0x0000, 0x0000, 0x0000, 0x0000, 0x0000, 0x0000, 0x0000, 0x0000, 0x0000, 0x0000, 0x0000, 0x0000,
    0x0000, 0x0000, 0x0000, 0x0000, 0x0000, 0x0000, 0x0000, 0x0000, 0x0000, 0x0000, 0x0000, 0x0000,
    0x0000, 0xD73D, 0xD71D, 0xCEFC, 0xB63A, 0xB63A, 0xB63A, 0xB63A, 0xB619, 0xADF9, 0xADF9, 0xADF9,
    0xB65A, 0x3A08, 0x0000, 0x0000, 0x0000, 0x0000, 0x0000, 0x0000, 0x0000, 0x0000, 0x0000, 0x0000,
    0x0000, 0x0000, 0x0000, 0x0000, 0x0000, 0x0000, 0x0000, 0x0000, 0x0000, 0x0000, 0x0000, 0x0000,
    0x0000, 0x0000, 0x0000, 0x0000, 0x0000, 0x0000, 0x7C52, 0xB65A, 0xADF9, 0xADF9, 0xADF9, 0xAE19,
    0xB63A, 0xB63A, 0xB619, 0xC6BB, 0xCF1C, 0xCF1C, 0xD73D, 0xD73D, 0x0000, 0x0000, 0x0000, 0x0000,
    0x0000, 0x0000, 0x0000, 0x0000, 0x0000, 0x0000, 0x0000, 0x0000, 0x0000, 0x0000, 0x0000, 0x0000,
    0x0000, 0x0000, 0x0000, 0x0000, 0x0000, 0x0000, 0x0000, 0x0000, 0x0000, 0x0000, 0x0000, 0x0000,
    0x0000, 0x0000, 0x0000, 0x0000, 0x0000, 0x0000, 0x0000, 0x0000, 0x0000, 0x0000, 0x0000, 0x0000,
    0x0000, 0x0000, 0x0000, 0x0000, 0x0000, 0x0000, 0x0000, 0x0000, 0x0000, 0x0000, 0x0000, 0x0000,
    0x0000, 0x0000, 0x0000, 0x0000, 0x0000, 0x0000, 0x0000, 0x0000, 0x0000, 0x0000, 0x0000, 0x0000,
    0x0000, 0x0000, 0x0000, 0x0000, 0x0000, 0x0000, 0x0000, 0x0000, 0x0000, 0xD73D, 0xD71C, 0xD71D,
    0xC6BB, 0xB63A, 0xB63A, 0xB63A, 0xB619, 0xADF9, 0xADF9, 0xADD9, 0xB65A, 0x73F0, 0x0000, 0x0000,
    0x0000, 0x0000, 0x0000, 0x0000, 0x0000, 0x0000, 0x0000, 0x0000, 0x0000, 0x0000, 0x0000, 0x0000,
    0x0000, 0x0000, 0x0000, 0x0000, 0x0000, 0x0000, 0x0000, 0x0000, 0x0000, 0x0000, 0x0000, 0x0000,
    0x0000, 0x0882, 0xA597, 0xAE19, 0xADF9, 0xADF9, 0xADF9, 0xAE19, 0xB619, 0xAE19, 0xBE5A, 0xCEFC,
    0xCEFC, 0xCF1D, 0xD73D, 0xD73D, 0x0000, 0x0000, 0x0000, 0x0000, 0x0000, 0x0000, 0x0000, 0x0000,
    0x0000, 0x0000, 0x0000, 0x0000, 0x0000, 0x0000, 0x0000, 0x0000, 0x0000, 0x0000, 0x0000, 0x0000,
    0x0000, 0x0000, 0x0000, 0x0000, 0x0000, 0x0000, 0x0000, 0x0000, 0x0000, 0x0000, 0x0000, 0x0000,
    0x0000, 0x0000, 0x0000, 0x0000, 0x0000, 0x0000, 0x0000, 0x0000, 0x0000, 0x0000, 0x0000, 0x0000,
    0x0000, 0x0000, 0x0000, 0x0000, 0x0000, 0x0000, 0x0000, 0x0000, 0x0000, 0x0000, 0x0000, 0x0000,
    0x0000, 0x0000, 0x0000, 0x0000, 0x0000, 0x0000, 0x0000, 0x0000, 0x0000, 0x0000, 0x0000, 0x0000,
    0x0000, 0x0000, 0x0000, 0x0000, 0x0000, 0xD73D, 0xD71D, 0xD71D, 0xCF1C, 0xB65A, 0xB63A, 0xB63A,
    0xAE19, 0xADF9, 0xADF9, 0xA5D8, 0xADF9, 0x9D56, 0x0000, 0x0000, 0x0000, 0x0000, 0x0000, 0x0000,
    0x0000, 0x0000, 0x0000, 0x0000, 0x0000, 0x0000, 0x0000, 0x0000, 0x0000, 0x0000, 0x0000, 0x0000,
    0x0000, 0x0000, 0x0000, 0x0000, 0x0000, 0x0000, 0x0000, 0x0000, 0x0000, 0x31A7, 0xB63A, 0xADF9,
    0xADF9, 0xADD9, 0xADF9, 0xADF9, 0xB619, 0xB619, 0xC6BB, 0xCF1C, 0xCEFC, 0xCF1C, 0xD71D, 0xD73D,
    0x0000, 0x0000, 0x0000, 0x0000, 0x0000, 0x0000, 0x0000, 0x0000, 0x0000, 0x0000, 0x0000, 0x0000,
    0x0000, 0x0000, 0x0000, 0x0000, 0x0000, 0x0000, 0x0000, 0x0000, 0x0000, 0x0000, 0x0000, 0x0000,
    0x0000, 0x0000, 0x0000, 0x0000, 0x0000, 0x0000, 0x0000, 0x0000, 0x0000, 0x0000, 0x0000, 0x0000,
    0x0000, 0x0000, 0x0000, 0x0000, 0x0000, 0x0000, 0x0000, 0x0000, 0x0000, 0x0000, 0x0000, 0x0000,
    0x0000, 0x0000, 0x0000, 0x0000, 0x0000, 0x0000, 0x0000, 0x0000, 0x0000, 0x0000, 0x0000, 0x0000,
    0x0000, 0x0000, 0x0000, 0x0000, 0x0000, 0x0000, 0x0000, 0x0000, 0x0000, 0x0000, 0x0000, 0xD73D,
    0xD73D, 0xD73D, 0xD71D, 0xCEFC, 0xCF1C, 0xC6BB, 0xB619, 0xB639, 0xB619, 0xADF9, 0xADF9, 0xADD9,
    0xA5D8, 0xADF9, 0x2145, 0x0000, 0x0000, 0x0000, 0x0000, 0x0000, 0x0000, 0x0000, 0x0000, 0x0000,
    0x0000, 0x0000, 0x0000, 0x0000, 0x0000, 0x0000, 0x0000, 0x0000, 0x0000, 0x0000, 0x0000, 0x0000,
    0x0000, 0x0000, 0x0000, 0x0000, 0x0000, 0x52CC, 0xBE7B, 0xADF9, 0xADF9, 0xADD9, 0xAE19, 0xAE19,
    0xB619, 0xB65A, 0xCF1C, 0xCEFC, 0xCF1C, 0xD71D, 0xD71D, 0xD71D, 0xD73D, 0x0000, 0x0000, 0x0000,
    0x0000, 0x0000, 0x0000, 0x0000, 0x0000, 0x0000, 0x0000, 0x0000, 0x0000, 0x0000, 0x0000, 0x0000,
    0x0000, 0x0000, 0x0000, 0x0000, 0x0000, 0x0000, 0x0000, 0x0000, 0x0000, 0x0000, 0x0000, 0x0000,
    0x0000, 0x0000, 0x0000, 0x0000, 0x0000, 0x0000, 0x0000, 0x0000, 0x0000, 0x0000, 0x0000, 0x0000,
    0x0000, 0x0000, 0x0000, 0x0000, 0x0000, 0x0000, 0x0000, 0x0000, 0x0000, 0x0000, 0x0000, 0x0000,
    0x0000, 0x0000, 0x0000, 0x0000, 0x0000, 0x0000, 0x0000, 0x0000, 0x0000, 0x0000, 0x0000, 0x0000,
    0x0000, 0x0000, 0x0000, 0x0000, 0x0000, 0x0000, 0x0000, 0xD73D, 0xD71C, 0xD71D, 0xCF1D, 0xCEFC,
    0xCF1C, 0xCEFC, 0xB639, 0xB639, 0xAE19, 0xAE19, 0xAE19, 0xADF9, 0xA5B8, 0xB63A, 0x426A, 0x0000,
    0x0000, 0x0000, 0x0000, 0x0000, 0x0000, 0x0000, 0x0000, 0x0000, 0x0000, 0x0000, 0x0000, 0x0000,
    0x0000, 0x0000, 0x0000, 0x0000, 0x0000, 0x0000, 0x0000, 0x0000, 0x0000, 0x0000, 0x0000, 0x0000,
    0x0000, 0x6BD0, 0xB65A, 0xADD9, 0xADF9, 0xADF9, 0xAE19, 0xAE19, 0xB619, 0xC6BB, 0xCF1C, 0xCEFC,
    0xCF1C, 0xD71D, 0xD73D, 0xD73D, 0xD73D, 0x0000, 0x0000, 0x0000, 0x0000, 0x0000, 0x0000, 0x0000,
    0x0000, 0x0000, 0x0000, 0x0000, 0x0000, 0x0000, 0x0000, 0x0000, 0x0000, 0x0000, 0x0000, 0x0000,
    0x0000, 0x0000, 0x0000, 0x0000, 0x0000, 0x0000, 0x0000, 0x0000, 0x0000, 0x0000, 0x0000, 0x0000,
    0x0000, 0x0000, 0x0000, 0x0000, 0x0000, 0x0000, 0x0000, 0x0000, 0x0000, 0x0000, 0x0000, 0x0000,
    0x0000, 0x0000, 0x0000, 0x0000, 0x0000, 0x0000, 0x0000, 0x0000, 0x0000, 0x0000, 0x0000, 0x0000,
    0x0000, 0x0000, 0x0000, 0x0000, 0x0000, 0x0000, 0x0000, 0x0000, 0x0000, 0x0000, 0x0000, 0x0000,
    0x0000, 0x0000, 0x0000, 0x0000, 0xD71C, 0xD71D, 0xD73D, 0xCF1D, 0xCEFC, 0xCEFC, 0xBE9B, 0xB619,
    0xAE19, 0xB619, 0xAE19, 0xADF9, 0xADD8, 0xB63A, 0x638F, 0x0000, 0x0000, 0x0000, 0x0000, 0x0000,
    0x0000, 0x0000, 0x0000, 0x0000, 0x0000, 0x0000, 0x0000, 0x0000, 0x0000, 0x0000, 0x0000, 0x0000,
    0x0000, 0x0000, 0x0000, 0x0000, 0x0000, 0x0000, 0x0000, 0x0000, 0x0000, 0x84B4, 0xB63A, 0xADF9,
    0xADF9, 0xADF9, 0xAE19, 0xB619, 0xB65A, 0xCEFC, 0xCEFC, 0xCF1C, 0xCF1C, 0xD71D, 0xD73D, 0xD73D,
    0xD71C, 0xD73D, 0x0000, 0x0000, 0x0000, 0x0000, 0x0000, 0x0000, 0x0000, 0x0000, 0x0000, 0x0000,
    0x0000, 0x0000, 0x0000, 0x0000, 0x0000, 0x0000, 0x0000, 0x0000, 0x0000, 0x0000, 0x0000, 0x0000,
    0x0000, 0x0000, 0x0000, 0x0000, 0x0000, 0x0000, 0x0000, 0x0000, 0x0000, 0x0000, 0x0000, 0x0000,
    0x0000, 0x0000, 0x0000, 0x0000, 0x0000, 0x0000, 0x0000, 0x0000, 0x0000, 0x0000, 0x0000, 0x0000,
    0x0000, 0x0000, 0x0000, 0x0000, 0x0000, 0x0000, 0x0000, 0x0000, 0x0000, 0x0000, 0x0000, 0x0000,
    0x0000, 0x0000, 0x0000, 0x0000, 0x0000, 0x0000, 0x0000, 0x0000, 0x0000, 0x0000, 0x0000, 0xD73D,
    0xD73D, 0xD73D, 0xD73D, 0xCF1D, 0xCEFC, 0xCEDC, 0xC6DC, 0xB639, 0xB619, 0xB619, 0xADF9, 0xAE19,
    0xADF9, 0xB65A, 0x7C73, 0x0000, 0x0000, 0x0000, 0x0000, 0x0000, 0x0000, 0x0000, 0x0000, 0x0000,
    0x0000, 0x0000, 0x0000, 0x0000, 0x0000, 0x0000, 0x0000, 0x0000, 0x0000, 0x0000, 0x0000, 0x0000,
    0x0000, 0x0000, 0x0000, 0x0000, 0x0000, 0x9D56, 0xAE19, 0xADF9, 0xADD9, 0xADF9, 0xB619, 0xB619,
    0xBE9B, 0xCF1C, 0xCF1C, 0xCF1C, 0xD71D, 0xD71D, 0xD71C, 0x0000, 0x0000, 0x0000, 0xD71C, 0xBE59,
    0xB5F7, 0xB618, 0xCE9A, 0x0000, 0x0000, 0x0000, 0x0000, 0x0000, 0x0000, 0x0000, 0x0000, 0x0000,
    0x0000, 0x0000, 0x0000, 0x0000, 0x0000, 0x0000, 0x0000, 0x0000, 0x0000, 0x0000, 0x0000, 0x0000,
    0x0000, 0x0000, 0x0000, 0x0000, 0x0000, 0x0000, 0x0000, 0x0000, 0x0000, 0x0000, 0x0000, 0x0000,
    0x0000, 0x0000, 0x0000, 0x0000, 0x0000, 0x0000, 0x0000, 0x0000, 0x0000, 0x0000, 0x0000, 0x0000,
    0x0000, 0x0000, 0x0000, 0x0000, 0x0000, 0x0000, 0x0000, 0x0000, 0x0000, 0x0000, 0x0000, 0x0000,
    0x0000, 0xC69A, 0xB618, 0xB5F7, 0xBE59, 0xD6FC, 0x0000, 0x0000, 0x0000, 0xD71C, 0xD71D, 0xCF1D,
    0xCEFC, 0xCEFC, 0xCEFC, 0xBE7A, 0xB619, 0xB619, 0xB619, 0xAE19, 0xADF9, 0xB63A, 0x94F5, 0x0000,
    0x0000, 0x0000, 0x0000, 0x0000, 0x0000, 0x0000, 0x0000, 0x0000, 0x0000, 0x0000, 0x0000, 0x0000,
    0x0000, 0x0000, 0x0000, 0x0000, 0x0000, 0x0000, 0x0000, 0x0000, 0x0000, 0x0000, 0x0000, 0x0000,
    0x10C3, 0xA5B8, 0xADF9, 0xADD9, 0xADF9, 0xADF9, 0xB619, 0xB619, 0xC6DC, 0xCF1C, 0xCF1C, 0xCF1C,
    0xCEFC, 0xD73D, 0x0000, 0xCEDB, 0x8492, 0x4249, 0x18C3, 0x0000, 0x0000, 0x0000, 0x0000, 0x2104,
    0x4A69, 0x8C71, 0xCE9A, 0x0000, 0x0000, 0x0000, 0x0000, 0x0000, 0x0000, 0x0000, 0x0000, 0x0000,
    0x0000, 0x0000, 0x0000, 0x0000, 0x0000, 0x0000, 0x0000, 0x0000, 0x0000, 0x0000, 0x0000, 0x0000,
    0x0000, 0x0000, 0x0000, 0x0000, 0x0000, 0x0000, 0x0000, 0x0000, 0x0000, 0x0000, 0x0000, 0x0000,
    0x0000, 0x0000, 0x0000, 0x0000, 0x0000, 0x0000, 0x0000, 0x0000, 0x0000, 0x0000, 0x0000, 0x0000,
    0x0000, 0x0000, 0x0000, 0x0000, 0x0000, 0xBE39, 0x8431, 0x4249, 0x18E3, 0x0000, 0x0000, 0x0000,
    0x0000, 0x18E3, 0x4A6A, 0x94F4, 0xD71C, 0x0000, 0xD71D, 0xCEFC, 0xCEFC, 0xCF1C, 0xCEFC, 0xC6BB,
    0xB619, 0xB619, 0xB619, 0xAE19, 0xADF9, 0xB61A, 0x9D77, 0x0882, 0x0000, 0x0000, 0x0000, 0x0000,
    0x0000, 0x0000, 0x0000, 0x0000, 0x0000, 0x0000, 0x0000, 0x0000, 0x0000, 0x0000, 0x0000, 0x0000,
    0x0000, 0x0000, 0x0000, 0x0000, 0x0000, 0x0000, 0x0000, 0x0000, 0x2145, 0xADF9, 0xADF9, 0xADF9,
    0xADF9, 0xAE19, 0xB619, 0xB63A, 0xCEFC, 0xCEFC, 0xCEFC, 0xCEFC, 0x0000, 0xD71D, 0x73F0, 0x18C3,
    0x0000, 0x0000, 0x0000, 0x0000, 0x0000, 0x0000, 0x0000, 0x0000, 0x0000, 0x0000, 0x0000, 0x4249,
    0x9D34, 0x0000, 0x0000, 0x0000, 0x0000, 0x0000, 0x0000, 0x0000, 0x0000, 0x0000, 0x0000, 0x0000,
    0x0000, 0x0000, 0x0000, 0x0000, 0x0000, 0x0000, 0x0000, 0x0000, 0x0000, 0x0000, 0x0000, 0x0000,
    0x0000, 0x0000, 0x0000, 0x0000, 0x0000, 0x0000, 0x0000, 0x0000, 0x0000, 0x0000, 0x0000, 0x0000,
    0x0000, 0x0000, 0x0000, 0x0000, 0x0000, 0x0000, 0x0000, 0x0000, 0x0000, 0x0000, 0x0000, 0x8C92,
    0x31C7, 0x0000, 0x0000, 0x0000, 0x0000, 0x0000, 0x0000, 0x0000, 0x0000, 0x0000, 0x0000, 0x0000,
    0x2124, 0x8472, 0xD73D, 0xD75D, 0xCEFC, 0xCF1C, 0xCEFC, 0xCEDC, 0xB63A, 0xB619, 0xB619, 0xAE19,
    0xADF9, 0xAE19, 0xA5B9, 0x18E4, 0x0000, 0x0000, 0x0000, 0x0000, 0x0000, 0x0000, 0x0000, 0x0000,
    0x0000, 0x0000, 0x0000, 0x0000, 0x0000, 0x0000, 0x0000, 0x0000, 0x0000, 0x0000, 0x0000, 0x0000,
    0x0000, 0x0000, 0x0000, 0x0000, 0x31C8, 0xB63A, 0xADF9, 0xADF9, 0xAE19, 0xB619, 0xB619, 0xBE7A,
    0xCEFC, 0xCEFC, 0xCEFC, 0x0000, 0xADD7, 0x2965, 0x0000, 0x0000, 0x0000, 0x0000, 0x0000, 0x0000,
    0x0000, 0x0000, 0x0000, 0x0000, 0x0000, 0x0000, 0x0000, 0x0000, 0x0000, 0x2945, 0x8C92, 0x0000,
    0x0000, 0x0000, 0x0000, 0x0000, 0x0000, 0x0000, 0x0000, 0x0000, 0x0000, 0x0000, 0x0000, 0x0000,
    0x0000, 0x0000, 0x0000, 0x0000, 0x0000, 0x0000, 0x0000, 0x0000, 0x0000, 0x0000, 0x0000, 0x0000,
    0x0000, 0x0000, 0x0000, 0x0000, 0x0000, 0x0000, 0x0000, 0x0000, 0x0000, 0x0000, 0x0000, 0x0000,
    0x0000, 0x0000, 0x0000, 0x0000, 0x0000, 0x7C10, 0x18E3, 0x0000, 0x0000, 0x0000, 0x0000, 0x0000,
    0x0000, 0x0000, 0x0000, 0x0000, 0x0000, 0x0000, 0x0000, 0x0000, 0x0000, 0x0000, 0x31C7, 0xBE39,
    0x0000, 0xCEFC, 0xCEFC, 0xCEFC, 0xBE7A, 0xAE19, 0xB619, 0xAE19, 0xAE19, 0xAE19, 0xADF9, 0x2166,
    0x0000, 0x0000, 0x0000, 0x0000, 0x0000, 0x0000, 0x0000, 0x0000, 0x0000, 0x0000, 0x0000, 0x0000,
    0x0000, 0x0000, 0x0000, 0x0000, 0x0000, 0x0000, 0x0000, 0x0000, 0x0000, 0x0000, 0x0000, 0x0000,
    0x3A29, 0xB63A, 0xADF9, 0xAE19, 0xAE19, 0xB619, 0xB619, 0xC69B, 0xCEFC, 0xCEDC, 0x0000, 0x8472,
    0x0000, 0x0000, 0x0000, 0x0000, 0x2966, 0x426B, 0x530D, 0x530E, 0x4ACD, 0x3A09, 0x1905, 0x0000,
    0x0000, 0x0000, 0x0000, 0x0000, 0x0000, 0x0000, 0x0000, 0x2945, 0x9D14, 0x0000, 0x0000, 0x0000,
    0x0000, 0x0000, 0x0000, 0x0000, 0x0000, 0x0000, 0x0000, 0x0000, 0x0000, 0x0000, 0x0000, 0x0000,
    0x0000, 0x0000, 0x0000, 0x0000, 0x0000, 0x0000, 0x0000, 0x0000, 0x0000, 0x0000, 0x0000, 0x0000,
    0x0000, 0x0000, 0x0000, 0x0000, 0x0000, 0x0000, 0x0000, 0x0000, 0x0000, 0x0000, 0x0000, 0x8C72,
    0x18E3, 0x0000, 0x0000, 0x0000, 0x0000, 0x0000, 0x0000, 0x0000, 0x0000, 0x2125, 0x3A2A, 0x52ED,
    0x5B2E, 0x530D, 0x424A, 0x2146, 0x0000, 0x0000, 0x0000, 0x1082, 0x9D35, 0x0000, 0xCEDC, 0xCEFC,
    0xC69B, 0xAE19, 0xB619, 0xAE19, 0xAE19, 0xADF9, 0xAE1A, 0x31C8, 0x0000, 0x0000, 0x0000, 0x0000,
    0x0000, 0x0000, 0x0000, 0x0000, 0x0000, 0x0000, 0x0000, 0x0000, 0x0000, 0x0000, 0x0000, 0x0000,
    0x0000, 0x0000, 0x0000, 0x0000, 0x0000, 0x0000, 0x0000, 0x0000, 0x428B, 0xB63A, 0xADF9, 0xADF9,
    0xAE19, 0xB619, 0xB61A, 0xC6DB, 0xCEDC, 0x0000, 0x73F0, 0x0000, 0x0000, 0x1082, 0x4AAC, 0x7454,
    0x84F6, 0x8D17, 0x8CF6, 0x84F7, 0x8D17, 0x8D17, 0x8CF6, 0x7433, 0x426B, 0x1082, 0x0000, 0x0000,
    0x0000, 0x0000, 0x0000, 0x0000, 0x0000, 0x4229, 0xC659, 0x0000, 0x0000, 0x0000, 0x0000, 0x0000,
    0x0000, 0x0000, 0x0000, 0x0000, 0x0000, 0x0000, 0x0000, 0x0000, 0x0000, 0x0000, 0x0000, 0x0000,
    0x0000, 0x0000, 0x0000, 0x0000, 0x0000, 0x0000, 0x0000, 0x0000, 0x0000, 0x0000, 0x0000, 0x0000,
    0x0000, 0x0000, 0x0000, 0x0000, 0x0000, 0xB5D7, 0x3186, 0x0000, 0x0000, 0x0000, 0x0000, 0x0000,
    0x0000, 0x0000, 0x10C3, 0x4AAC, 0x7453, 0x8CF6, 0x8D37, 0x8D37, 0x8D17, 0x8D17, 0x8D17, 0x84F6,
    0x7453, 0x426A, 0x0000, 0x0000, 0x0000, 0x8CB2, 0x0000, 0xCEDC, 0xC6DC, 0xB619, 0xB619, 0xB619,
    0xAE19, 0xADF9, 0xAE1A, 0x3A29, 0x0000, 0x0000, 0x0000, 0x0000, 0x0000, 0x0000, 0x0000, 0x0000,
    0x0000, 0x0000, 0x0000, 0x0000, 0x0000, 0x0000, 0x0000, 0x0000, 0x0000, 0x0000, 0x0000, 0x0000,
    0x0000, 0x0000, 0x0000, 0x0000, 0x52ED, 0xB65A, 0xADF9, 0xAE19, 0xAE19, 0xAE19, 0xB63A, 0xC6DC,
    0xD75E, 0x7C31, 0x0000, 0x0000, 0x3209, 0x7474, 0x8D17, 0x8D16, 0x9537, 0x9557, 0x9557, 0x9557,
    0x8D16, 0x84D5, 0x84B5, 0x84D6, 0x8D17, 0x7C95, 0x428B, 0x0000, 0x0000, 0x0000, 0x0000, 0x0000,
    0x0000, 0x0000, 0x0000, 0x7C10, 0x0000, 0x0000, 0x0000, 0x0000, 0x0000, 0x0000, 0x0000, 0x0000,
    0x0000, 0x0000, 0x0000, 0x0000, 0x0000, 0x0000, 0x0000, 0x0000, 0x0000, 0x0000, 0x0000, 0x0000,
    0x0000, 0x0000, 0x0000, 0x0000, 0x0000, 0x0000, 0x0000, 0x0000, 0x0000, 0x0000, 0x0000, 0x0000,
    0x636D, 0x0000, 0x0000, 0x0000, 0x0000, 0x0000, 0x0000, 0x0000, 0x0882, 0x52ED, 0x84D5, 0x8D17,
    0x84D6, 0x84D5, 0x8CF6, 0x9537, 0x9557, 0x9D77, 0x9557, 0x9536, 0x8D16, 0x8D37, 0x7433, 0x31C8,
    0x0000, 0x0000, 0x94F4, 0xD77E, 0xC6DB, 0xB63A, 0xAE19, 0xB619, 0xB619, 0xADF9, 0xAE1A, 0x426B,
    0x0000, 0x0000, 0x0000, 0x0000, 0x0000, 0x0000, 0x0000, 0x0000, 0x0000, 0x0000, 0x0000, 0x0000,
    0x0000, 0x0000, 0x0000, 0x0000, 0x0000, 0x0000, 0x0000, 0x0000, 0x0000, 0x0000, 0x0000, 0x0000,
    0x532E, 0xB65A, 0xB5F9, 0xAE19, 0xAE19, 0xAE19, 0xB65A, 0xD75D, 0x9D55, 0x0000, 0x0000, 0x532E,
    0x8D17, 0x9557, 0xA5B8, 0xB619, 0xB639, 0xB639, 0xB63A, 0xB63A, 0xB619, 0xAE19, 0xA5B8, 0x9537,
    0x84B5, 0x84D6, 0x8D37, 0x7453, 0x29A7, 0x0000, 0x0000, 0x0000, 0x0000, 0x0000, 0x0000, 0x0000,
    0x39E7, 0xCE7A, 0x0000, 0x0000, 0x0000, 0x0000, 0x0000, 0x0000, 0x0000, 0x0000, 0x0000, 0x0000,
    0x0000, 0x0000, 0x0000, 0x0000, 0x0000, 0x0000, 0x0000, 0x0000, 0x0000, 0x0000, 0x0000, 0x0000,
    0x0000, 0x0000, 0x0000, 0x0000, 0x0000, 0x0000, 0xB5D7, 0x2145, 0x0000, 0x0000, 0x0000, 0x0000,
    0x0000, 0x0000, 0x0000, 0x31E8, 0x7C74, 0x8D17, 0x84B5, 0x84D5, 0x9D77, 0xADD9, 0xB619, 0xB619,
    0xB619, 0xB639, 0xB63A, 0xB619, 0xADF9, 0xA598, 0x9557, 0x8CF6, 0x52ED, 0x0000, 0x0000, 0xADD7,
    0xD73D, 0xB639, 0xB619, 0xB619, 0xAE19, 0xADF9, 0xAE3A, 0x4AAC, 0x0000, 0x0000, 0x0000, 0x0000,
    0x0000, 0x0000, 0x0000, 0x0000, 0x0000, 0x0000, 0x0000, 0x0000, 0x0000, 0x0000, 0x0000, 0x0000,
    0x0000, 0x0000, 0x0000, 0x0000, 0x0000, 0x0000, 0x0000, 0x0000, 0x5B4E, 0xB65A, 0xB5F9, 0xAE19,
    0xAE19, 0xADF9, 0xC69B, 0xC6BB, 0x10A2, 0x0882, 0x6BF1, 0x9578, 0xA5D8, 0xB619, 0xB639, 0xB619,
    0xB619, 0xB619, 0xB619, 0xB619, 0xB619, 0xB619, 0xB639, 0xB639, 0xADF9, 0x9537, 0x7CB5, 0x84F6,
    0x8D17, 0x52ED, 0x0000, 0x0000, 0x0000, 0x0000, 0x0000, 0x0000, 0x0000, 0x0000, 0x94F3, 0x0000,
    0x0000, 0x0000, 0x0000, 0x0000, 0x0000, 0x0000, 0x0000, 0x0000, 0x0000, 0x0000, 0x0000, 0x0000,
    0x0000, 0x0000, 0x0000, 0x0000, 0x0000, 0x0000, 0x0000, 0x0000, 0x0000, 0x0000, 0x0000, 0x0000,
    0x0000, 0x7C30, 0x0000, 0x0000, 0x0000, 0x0000, 0x0000, 0x0000, 0x0000, 0x0000, 0x5B4F, 0x8D37,
    0x84D6, 0x84B5, 0x9D77, 0xAE19, 0xB639, 0xB639, 0xB619, 0xB619, 0xB619, 0xB619, 0xB639, 0xADF9,
    0xAE19, 0xB639, 0xB619, 0xA5B8, 0x9578, 0x63B0, 0x0000, 0x2124, 0xCEFC, 0xBE7A, 0xADF9, 0xB619,
    0xADF9, 0xADF9, 0xB63A, 0x4ACC, 0x0000, 0x0000, 0x0000, 0x0000, 0x0000, 0x0000, 0x0000, 0x0000,
    0x0000, 0x0000, 0x0000, 0x0000, 0x0000, 0x0000, 0x0000, 0x0000, 0x0000, 0x0000, 0x0000, 0x0000,
    0x0000, 0x0000, 0x0000, 0x0000, 0x5B4F, 0xB63A, 0xB5F9, 0xADF9, 0xAE19, 0xADF9, 0xCF1D, 0x4A8A,
    0x0000, 0x7453, 0xA5B9, 0xADF9, 0xB619, 0xADF9, 0xB619, 0xB619, 0xB619, 0xB619, 0xB619, 0xB619,
    0xB619, 0xB619, 0xB619, 0xAE19, 0xB61A, 0xB639, 0xA5B8, 0x84D6, 0x84B5, 0x8D37, 0x6C12, 0x10C3,
    0x0000, 0x0000, 0x0000, 0x0000, 0x0000, 0x0000, 0x0000, 0x634D, 0x0000, 0x0000, 0x0000, 0x0000,
    0x0000, 0x0000, 0x0000, 0x0000, 0x0000, 0x0000, 0x0000, 0x0000, 0x0000, 0x0000, 0x0000, 0x0000,
    0x0000, 0x0000, 0x0000, 0x0000, 0x0000, 0x0000, 0x0000, 0x0000, 0x4A8A, 0x0000, 0x0000, 0x0000,
    0x0000, 0x0000, 0x0000, 0x0000, 0x1905, 0x7453, 0x8D37, 0x7CB5, 0x8D16, 0xADF9, 0xB63A, 0xB619,
    0xB619, 0xB619, 0xB619, 0xB619, 0xB619, 0xAE19, 0xADF9, 0xADF9, 0xADF9, 0xB619, 0xB619, 0xB619,
    0xADF9, 0xA5D9, 0x6C12, 0x0000, 0x5B2C, 0xCEFC, 0xADF8, 0xB619, 0xADF9, 0xADF9, 0xAE1A, 0x4ACD,
    0x0000, 0x0000, 0x0000, 0x0000, 0x0000, 0x0000, 0x0000, 0x0000, 0x0000, 0x0000, 0x0000, 0x0000,
    0x0000, 0x0000, 0x0000, 0x0000, 0x0000, 0x0000, 0x0000, 0x0000, 0x0000, 0x0000, 0x0000, 0x0000,
    0x5B6F, 0xB63A, 0xB619, 0xAE19, 0xADF9, 0xBE7B, 0x94F4, 0x0000, 0x7C53, 0xAE1A, 0xADD8, 0xADF9,
    0xADF9, 0xB619, 0xB619, 0xB61A, 0xB619, 0xB619, 0xB619, 0xB619, 0xB619, 0xB619, 0xB619, 0xB619,
    0xB619, 0xB619, 0xB619, 0xADF9, 0x8D16, 0x7CB5, 0x8D17, 0x7C95, 0x2166, 0x0000, 0x0000, 0x0000,
    0x0000, 0x0000, 0x0000, 0x0000, 0x3A08, 0x0000, 0x0000, 0x0000, 0x0000, 0x0000, 0x0000, 0x0000,
    0x0000, 0x0000, 0x0000, 0x0000, 0x0000, 0x0000, 0x0000, 0x0000, 0x0000, 0x0000, 0x0000, 0x0000,
    0x0000, 0x0000, 0xC67A, 0x2145, 0x0000, 0x0000, 0x0000, 0x0000, 0x0000, 0x0000, 0x0000, 0x31C8,
    0x84D6, 0x8CF6, 0x7C95, 0x9537, 0xB639, 0xB639, 0xB619, 0xB619, 0xB619, 0xB619, 0xB619, 0xB619,
    0xAE19, 0xAE19, 0xADF9, 0xB619, 0xAE19, 0xAE19, 0xB619, 0xAE19, 0xB619, 0xB619, 0xB63A, 0x6BF1,
    0x0000, 0x9D76, 0xB65A, 0xADF9, 0xADF9, 0xADF9, 0xADF9, 0x52ED, 0x0000, 0x0000, 0x0000, 0x0000,
    0x0000, 0x0000, 0x0000, 0x0000, 0x0000, 0x0000, 0x0000, 0x0000, 0x0000, 0x0000, 0x0000, 0x0000,
    0x0000, 0x0000, 0x0000, 0x0000, 0x0000, 0x0000, 0x0000, 0x0000, 0x5B6F, 0xB63A, 0xB619, 0xAE19,
    0xAE19, 0xBE5A, 0x29A6, 0x638F, 0xB65B, 0xADD8, 0xADD9, 0xADF9, 0xADF9, 0xADF9, 0xAE19, 0xB619,
    0xB639, 0xB619, 0xB619, 0xB619, 0xB619, 0xB619, 0xB619, 0xB619, 0xB619, 0xB619, 0xAE19, 0xB619,
    0xAE19, 0x8D16, 0x7CB5, 0x84F6, 0x84F6, 0x31E9, 0x0000, 0x0000, 0x0000, 0x0000, 0x0000, 0x0000,
    0x0000, 0x2945, 0xCEDB, 0x0000, 0x0000, 0x0000, 0x0000, 0x0000, 0x0000, 0x0000, 0x0000, 0x0000,
    0x0000, 0x0000, 0x0000, 0x0000, 0x0000, 0x0000, 0x0000, 0x0000, 0x0000, 0xBE39, 0x10C3, 0x0000,
    0x0000, 0x0000, 0x0000, 0x0000, 0x0000, 0x0000, 0x426B, 0x8D17, 0x84D6, 0x7C95, 0x9557, 0xB639,
    0xB639, 0xB619, 0xB619, 0xB619, 0xB619, 0xB619, 0xB639, 0xB619, 0xB639, 0xB619, 0xADF9, 0xB619,
    0xB619, 0xAE19, 0xB619, 0xB619, 0xB619, 0xB619, 0xB619, 0xBE7B, 0x5B2D, 0x31E8, 0xBE7B, 0xADF9,
    0xADF9, 0xADD9, 0xA5F9, 0x530D, 0x0000, 0x0000, 0x0000, 0x0000, 0x0000, 0x0000, 0x0000, 0x0000,
    0x0000, 0x0000, 0x0000, 0x0000, 0x0000, 0x0000, 0x0000, 0x0000, 0x0000, 0x0000, 0x0000, 0x0000,
    0x0000, 0x0000, 0x0000, 0x0000, 0x5B6F, 0xB61A, 0xB619, 0xADF9, 0xBE5A, 0x8493, 0x530C, 0xBE7B,
    0xA5D8, 0xADF9, 0xB5F9, 0xADF9, 0xADF9, 0xAE19, 0xAE19, 0xB619, 0xB639, 0xB619, 0xB619, 0xB619,
    0xB619, 0xB619, 0xB619, 0xB619, 0xB619, 0xB619, 0xB619, 0xADF9, 0xB619, 0xAE19, 0x8D16, 0x7CB5,
    0x84D6, 0x8D17, 0x426B, 0x0000, 0x0000, 0x0000, 0x0000, 0x0000, 0x0000, 0x0000, 0x2965, 0x0000,
    0x0000, 0x0000, 0x0000, 0x0000, 0x0000, 0x0000, 0x0000, 0x0000, 0x0000, 0x0000, 0x0000, 0x0000,
    0x0000, 0x0000, 0xD73D, 0x0000, 0xCEBB, 0x18C3, 0x0000, 0x0000, 0x0000, 0x0000, 0x0000, 0x0000,
    0x0000, 0x52ED, 0x8D37, 0x84D6, 0x7CB5, 0x9536, 0xB639, 0xB619, 0xB619, 0xB619, 0xB619, 0xB619,
    0xB619, 0xB619, 0xB619, 0xAE19, 0xB619, 0xAE19, 0xB619, 0xB619, 0xB619, 0xAE19, 0xAE19, 0xB619,
    0xB619, 0xB619, 0xAE19, 0xADF9, 0xBE7B, 0x4AAB, 0x8CD4, 0xB65A, 0xA5D9, 0xADF9, 0xA5F9, 0x52ED,
    0x0000, 0x0000, 0x0000, 0x0000, 0x0000, 0x0000, 0x0000, 0x0000, 0x0000, 0x0000, 0x0000, 0x0000,
    0x0000, 0x0000, 0x0000, 0x0000, 0x0000, 0x0000, 0x0000, 0x0000, 0x0000, 0x0000, 0x0000, 0x0000,
    0x5B4F, 0xADF9, 0xB619, 0xADF9, 0xB639, 0x8CD4, 0xADD8, 0xB619, 0xADF9, 0xADF9, 0xADF9, 0xADF9,
    0xB619, 0xB619, 0xB619, 0xB619, 0xB639, 0xB639, 0xB619, 0xB619, 0xB619, 0xB619, 0xB619, 0xB639,
    0xB639, 0xB639, 0xB639, 0xB639, 0xB619, 0xB639, 0xAE19, 0x84F6, 0x7CB5, 0x7CB5, 0x8D17, 0x52ED,
    0x0000, 0x0000, 0x0000, 0x0000, 0x0000, 0x0000, 0x0000, 0x8431, 0x0000, 0xD73D, 0x0000, 0x0000,
    0x0000, 0x0000, 0x0000, 0x0000, 0x0000, 0x0000, 0x0000, 0x0000, 0x0000, 0x0000, 0xD71D, 0x0000,
    0x634D, 0x0000, 0x0000, 0x0000, 0x0000, 0x0000, 0x0000, 0x0000, 0x5B4F, 0x8D37, 0x84B5, 0x84B5,
    0x8D16, 0xB639, 0xB639, 0xB639, 0xB639, 0xB639, 0xB639, 0xB639, 0xB619, 0xB619, 0xADF9, 0xAE19,
    0xAE19, 0xAE19, 0xAE19, 0xB619, 0xB619, 0xB619, 0xB619, 0xB619, 0xB619, 0xB619, 0xB619, 0xADF9,
    0xB61A, 0xADB8, 0x8CD4, 0xB63A, 0xA5D9, 0xADF9, 0xA5F9, 0x4AED, 0x0000, 0x0000, 0x0000, 0x0000,
    0x0000, 0x0000, 0x0000, 0x0000, 0x0000, 0x0000, 0x0000, 0x0000, 0x0000, 0x0000, 0x0000, 0x0000,
    0x0000, 0x0000, 0x0000, 0x0000, 0x0000, 0x0000, 0x0000, 0x0000, 0x532E, 0xA5D9, 0xB619, 0xB619,
    0xAE19, 0xB639, 0xB619, 0xB619, 0xB619, 0xAE19, 0xAE19, 0xB619, 0xB619, 0xB619, 0xB619, 0xB619,
    0xB619, 0xB639, 0xB619, 0xB619, 0xB619, 0xB639, 0xB619, 0xAE19, 0xADF9, 0xA5B8, 0x9D98, 0x9D77,
    0x9557, 0x9D77, 0xA5B8, 0x9D98, 0x84D5, 0x84D6, 0x84B5, 0x8D37, 0x6390, 0x0000, 0x0000, 0x0000,
    0x0000, 0x0000, 0x0000, 0x4249, 0x0000, 0xD71C, 0xD73D, 0xD73D, 0xD73D, 0x0000, 0x0000, 0x0000,
    0x0000, 0xD73D, 0x0000, 0x0000, 0xD73D, 0xD73D, 0xD71C, 0x0000, 0x31A6, 0x0000, 0x0000, 0x0000,
    0x0000, 0x0000, 0x0882, 0x6BD1, 0x8D17, 0x84B5, 0x84D6, 0x84D6, 0xA598, 0xA5B8, 0x9D77, 0x9557,
    0x9D77, 0x9D98, 0xA5B8, 0xADF9, 0xAE19, 0xB619, 0xB619, 0xB619, 0xADF9, 0xB619, 0xB619, 0xB619,
    0xB619, 0xB639, 0xB639, 0xB619, 0xB619, 0xB619, 0xB619, 0xB619, 0xB619, 0xB619, 0xB619, 0xADF9,
    0xADF9, 0xADD8, 0xA5B9, 0x4ACC, 0x0000, 0x0000, 0x0000, 0x0000, 0x0000, 0x0000, 0x0000, 0x0000,
    0x0000, 0x0000, 0x0000, 0x0000, 0x0000, 0x0000, 0x0000, 0x0000, 0x0000, 0x0000, 0x0000, 0x0000,
    0x0000, 0x0000, 0x0000, 0x0000, 0x52ED, 0xA5B9, 0xB619, 0xADF9, 0xADF9, 0xADF9, 0xB619, 0xB619,
    0xB619, 0xB619, 0xB619, 0xB619, 0xB619, 0xB619, 0xB619, 0xB619, 0xB619, 0xB619, 0xB619, 0xB619,
    0xB63A, 0xAE1A, 0x9D78, 0x84B5, 0x6C13, 0x6BD1, 0x6BF2, 0x7454, 0x7C95, 0x7C95, 0x7CB5, 0x84D6,
    0x84D6, 0x84D5, 0x84D6, 0x84B5, 0x8D17, 0x7412, 0x18E4, 0x0000, 0x0000, 0x0000, 0x0000, 0x4AAA,
    0x0000, 0xCF1C, 0xD71D, 0xD71D, 0xD73D, 0xD73D, 0xD73D, 0xD73D, 0xD73D, 0xD71D, 0xD73D, 0xD71C,
    0xD73D, 0xD71D, 0xCEFC, 0x0000, 0x31C7, 0x0000, 0x0000, 0x0000, 0x0000, 0x2145, 0x7C74, 0x8D17,
    0x7CB5, 0x84D6, 0x84D5, 0x84D6, 0x84D6, 0x7C95, 0x7C95, 0x7C95, 0x7453, 0x6C12, 0x6BD2, 0x6C33,
    0x84D5, 0x9D78, 0xADFA, 0xB619, 0xADF9, 0xAE19, 0xAE19, 0xAE19, 0xB619, 0xB619, 0xB619, 0xB619,
    0xB619, 0xB619, 0xB619, 0xAE19, 0xB619, 0xAE19, 0xADF9, 0xADF9, 0xADF9, 0xADF9, 0x9D98, 0x4AAC,
    0x0000, 0x0000, 0x0000, 0x0000, 0x0000, 0x0000, 0x0000, 0x0000, 0x0000, 0x0000, 0x0000, 0x0000,
    0x0000, 0x0000, 0x0000, 0x0000, 0x0000, 0x0000, 0x0000, 0x0000, 0x0000, 0x0000, 0x0000, 0x0000,
    0x4ACD, 0x9D98, 0xADF9, 0xADF9, 0xADF9, 0xADF9, 0xAE19, 0xAE19, 0xB619, 0xB619, 0xB639, 0xB619,
    0xB619, 0xB619, 0xB619, 0xB639, 0xB619, 0xB619, 0xB639, 0xAE1A, 0x8CF6, 0x530E, 0x3A09, 0x424A,
    0x634D, 0x7C51, 0x9514, 0xA5B7, 0xB619, 0xADD9, 0x8CF6, 0x7C95, 0x84F6, 0x84D6, 0x84B5, 0x84D6,
    0x84B5, 0x8CF6, 0x84B5, 0x426A, 0x0862, 0x0000, 0x0882, 0xADB7, 0x0000, 0xD71C, 0xCF1C, 0xCEFC,
    0xD73D, 0xD71D, 0xD71D, 0xD71D, 0xCF1D, 0xCF1D, 0xD71C, 0xD71C, 0xCF1C, 0xCF1C, 0xCEFC, 0xD75E,
    0x9D35, 0x0000, 0x0000, 0x1082, 0x4AAC, 0x84F6, 0x84F6, 0x84B5, 0x84D6, 0x84B5, 0x84D6, 0x84F6,
    0x7C94, 0x8D16, 0xADF9, 0xB619, 0xA597, 0x94F4, 0x7C11, 0x5B0D, 0x4249, 0x3A0A, 0x532F, 0x8CF6,
    0xAE1A, 0xB619, 0xADF9, 0xB619, 0xB619, 0xB619, 0xB619, 0xB619, 0xB619, 0xB619, 0xAE19, 0xAE19,
    0xB619, 0xAE19, 0xADF9, 0xADF9, 0xADF9, 0xADF9, 0x9D78, 0x426B, 0x0000, 0x0000, 0x0000, 0x0000,
    0x0000, 0x0000, 0x0000, 0x0000, 0x0000, 0x0000, 0x0000, 0x0000, 0x0000, 0x0000, 0x0000, 0x0000,
    0x0000, 0x0000, 0x0000, 0x0000, 0x0000, 0x0000, 0x0000, 0x0000, 0x428B, 0x9D98, 0xADF9, 0xADF9,
    0xADF9, 0xADF9, 0xADF9, 0xAE19, 0xB619, 0xB619, 0xB619, 0xB619, 0xB619, 0xB619, 0xB619, 0xB619,
    0xB619, 0xBE5A, 0x9D77, 0x428C, 0x2986, 0x636D, 0xAD96, 0xD71C, 0x0000, 0x0000, 0x0000, 0x0000,
    0x0000, 0x0000, 0xD71C, 0x9D16, 0x6B90, 0x84D5, 0x8D17, 0x84B5, 0x84D6, 0x84D5, 0x84D6, 0x8D17,
    0x7C74, 0x63D1, 0x7453, 0xBE9B, 0xD73D, 0xD71C, 0xD71D, 0xD71D, 0xCF1D, 0xCF1C, 0xCF1D, 0xD71D,
    0xCF1C, 0xCF1C, 0xD71D, 0xD71C, 0xCF1C, 0xD71D, 0xCEFC, 0xD71C, 0xBE9B, 0x7453, 0x6BD1, 0x7C95,
    0x8D37, 0x84D6, 0x84D6, 0x84D6, 0x84B5, 0x8D17, 0x7C95, 0x6390, 0x9D36, 0xD71C, 0x0000, 0x0000,
    0x0000, 0x0000, 0x0000, 0x0000, 0xCEDB, 0xA576, 0x632D, 0x2986, 0x4ACC, 0x9D98, 0xB63A, 0xB619,
    0xB619, 0xB619, 0xB619, 0xB619, 0xB619, 0xAE19, 0xAE19, 0xAE19, 0xAE19, 0xAE19, 0xADF9, 0xADF9,
    0xADF9, 0xADD9, 0x9557, 0x3A2A, 0x0000, 0x0000, 0x0000, 0x0000, 0x0000, 0x0000, 0x0000, 0x0000,
    0x0000, 0x0000, 0x0000, 0x0000, 0x0000, 0x0000, 0x0000, 0x0000, 0x0000, 0x0000, 0x0000, 0x0000,
    0x0000, 0x0000, 0x0000, 0x0000, 0x3A4A, 0x9578, 0xADF9, 0xADF9, 0xAE19, 0xADF9, 0xADF9, 0xAE19,
    0xB619, 0xB619, 0xB619, 0xB619, 0xB619, 0xB619, 0xB619, 0xB619, 0xBE7B, 0x7C53, 0x2125, 0x634D,
    0xC69A, 0x0000, 0x0000, 0x0000, 0xD73C, 0x0000, 0x0000, 0x0000, 0x0000, 0x0000, 0xD73D, 0x0000,
    0xA4F5, 0x528B, 0x6C12, 0x8D37, 0x84D5, 0x84D6, 0x84D5, 0x84B5, 0x84D6, 0x8D17, 0x84D6, 0x84B5,
    0xCEFC, 0xD73D, 0xD71C, 0xD71D, 0xD71D, 0xCF1C, 0xD71D, 0xD71D, 0xCEFC, 0xCF1C, 0xCF1C, 0xCEFC,
    0xCF1C, 0xCEFC, 0xD71D, 0xCEDC, 0x84D5, 0x84F6, 0x8D17, 0x84F6, 0x84D5, 0x84D6, 0x84D6, 0x84B5,
    0x8D37, 0x6BF1, 0x52AC, 0x0000, 0x0000, 0xD73D, 0x0000, 0x0000, 0x0000, 0x0000, 0xD71C, 0xD71D,
    0x0000, 0x0000, 0x0000, 0xBE79, 0x5AEC, 0x2166, 0x84B4, 0xBE7B, 0xB5F9, 0xB619, 0xAE19, 0xAE19,
    0xAE19, 0xAE19, 0xAE19, 0xAE19, 0xADF9, 0xADF9, 0xADF9, 0xADF9, 0xADF9, 0xADD9, 0x8D37, 0x31C8,
    0x0000, 0x0000, 0x0000, 0x0000, 0x0000, 0x0000, 0x0000, 0x0000, 0x0000, 0x0000, 0x0000, 0x0000,
    0x0000, 0x0000, 0x0000, 0x0000, 0x0000, 0x0000, 0x0000, 0x0000, 0x0000, 0x0000, 0x0000, 0x0000,
    0x31E8, 0x8D37, 0xADD8, 0xAE19, 0xADD8, 0xB619, 0xADF9, 0xAE19, 0xAE19, 0xB619, 0xB619, 0xB619,
    0xB619, 0xB619, 0xAE19, 0xBE7B, 0x6BD0, 0x2125, 0xA576, 0x0000, 0xD73D, 0xD6FC, 0xD71C, 0xD73D,
    0x0000, 0x0000, 0x0000, 0x0000, 0x0000, 0x0000, 0xD71C, 0xD73D, 0x0000, 0x0000, 0x4A29, 0x5B90,
    0x8D37, 0x84D5, 0x84D6, 0x84D6, 0x84D5, 0x84D5, 0x84F6, 0x7453, 0x9515, 0x0000, 0xCEFC, 0xD71D,
    0xCF1C, 0xCEFC, 0xCF1C, 0xD71D, 0xCEFC, 0xCEFC, 0xCF1C, 0xCEFC, 0xCEFC, 0xCEFC, 0xD75D, 0x8CF4,
    0x7C74, 0x84F6, 0x84D5, 0x84D6, 0x84D6, 0x84D6, 0x84B5, 0x8D37, 0x532E, 0x524A, 0x0000, 0x0000,
    0xD71C, 0xD71C, 0x0000, 0x0000, 0x0000, 0x0000, 0x0000, 0x0000, 0xD73D, 0xCF1C, 0xCEFC, 0xD73D,
    0x0000, 0x9D14, 0x2125, 0x7432, 0xBE7B, 0xADF9, 0xB619, 0xB619, 0xAE19, 0xAE19, 0xADF9, 0xADF9,
    0xADF9, 0xADF9, 0xAE19, 0xA5D8, 0xADF9, 0xA5B8, 0x8D16, 0x2986, 0x0000, 0x0000, 0x0000, 0x0000,
    0x0000, 0x0000, 0x0000, 0x0000, 0x0000, 0x0000, 0x0000, 0x0000, 0x0000, 0x0000, 0x0000, 0x0000,
    0x0000, 0x0000, 0x0000, 0x0000, 0x0000, 0x0000, 0x0000, 0x0000, 0x2986, 0x8D16, 0x9D98, 0xB63A,
    0x9536, 0x9D35, 0xB65A, 0xADF9, 0xB619, 0xB619, 0xB619, 0xB619, 0xB619, 0xADF9, 0xBE7B, 0x7411,
    0x3146, 0xBE3A, 0x0000, 0xCF1C, 0x0000, 0x0000, 0x0000, 0x0000, 0xD6FC, 0xD6DC, 0x0000, 0x0000,
    0x0000, 0x0000, 0x0000, 0xD73D, 0xD71C, 0xCEBC, 0x0000, 0x39C8, 0x5B90, 0x8D37, 0x84D5, 0x84D6,
    0x84D6, 0x84D6, 0x84D5, 0x84F7, 0x5B6F, 0xBE59, 0xD73D, 0xCEFC, 0xCEFC, 0xCF1C, 0xCEFC, 0xCEFC,
    0xCF1C, 0xCEFC, 0xCEFC, 0xCEFC, 0xCEFC, 0xD75D, 0xB618, 0x638F, 0x8D17, 0x84D6, 0x84D6, 0x84D6,
    0x84D6, 0x84B5, 0x8D37, 0x5B4E, 0x4A09, 0x0000, 0xCEDC, 0xD71C, 0xD73D, 0x0000, 0x0000, 0x0000,
    0x0000, 0x0000, 0xD6DC, 0xD6FC, 0xD71D, 0x0000, 0x0000, 0x0000, 0xCF1C, 0x0000, 0xB5D8, 0x2126,
    0x7C93, 0xBE7B, 0xAE19, 0xB619, 0xB619, 0xB619, 0xADF9, 0xAE19, 0xADF9, 0xB65A, 0x94F4, 0x9D56,
    0xB63A, 0x9D77, 0x84D6, 0x1905, 0x0000, 0x0000, 0x0000, 0x0000, 0x0000, 0x0000, 0x0000, 0x0000,
    0x0000, 0x0000, 0x0000, 0x0000, 0x0000, 0x0000, 0x0000, 0x0000, 0x0000, 0x0000, 0x0000, 0x0000,
    0x0000, 0x0000, 0x0000, 0x0000, 0x1904, 0x84D6, 0x9537, 0xADF9, 0xADF9, 0x634E, 0xA597, 0xB65A,
    0xADF9, 0xB619, 0xB619, 0xB619, 0xAE19, 0xBE5A, 0x8CF4, 0x3187, 0xBDF9, 0x0000, 0xCEDC, 0xC63A,
    0xA515, 0x7BAF, 0x4A6A, 0x3166, 0x20E4, 0x18C3, 0x18E4, 0x2965, 0x4229, 0x73AF, 0xAD97, 0xD71C,
    0x0000, 0xD73D, 0xBDB8, 0xA475, 0x2966, 0x7433, 0x8CF6, 0x84D6, 0x84D6, 0x84D6, 0x84D6, 0x8D17,
    0x6C12, 0x73F0, 0x0000, 0xCEFC, 0xCEFC, 0xCEFC, 0xCEFC, 0xCEFC, 0xCF1C, 0xCF1C, 0xCF1C, 0xCEFC,
    0xCEFC, 0x0000, 0x638E, 0x7433, 0x8CF6, 0x84D6, 0x84D6, 0x84D6, 0x84B5, 0x8D17, 0x6BF1, 0x39A8,
    0x0000, 0xBDD9, 0xD73D, 0x0000, 0xD6FC, 0x0000, 0x73AF, 0x4A69, 0x2966, 0x2104, 0x18C3, 0x2104,
    0x3166, 0x4A49, 0x738F, 0xA535, 0xC67A, 0xCEDC, 0x0000, 0x0000, 0x3167, 0x9D77, 0xB65A, 0xAE19,
    0xB619, 0xB619, 0xB619, 0xADF9, 0xB65A, 0x9535, 0x636E, 0xB63A, 0xAE19, 0x9537, 0x84B5, 0x10A3,
    0x0000, 0x0000, 0x0000, 0x0000, 0x0000, 0x0000, 0x0000, 0x0000, 0x0000, 0x0000, 0x0000, 0x0000,
    0x0000, 0x0000, 0x0000, 0x0000, 0x0000, 0x0000, 0x0000, 0x0000, 0x0000, 0x0000, 0x0000, 0x0000,
    0x0882, 0x7CB5, 0x84F6, 0xA5B8, 0xB65A, 0x8CD5, 0x3A29, 0xAE19, 0xB63A, 0xADF9, 0xB619, 0xADF9,
    0xB619, 0xB619, 0x4A4A, 0x9CB5, 0xCE9C, 0xA4D5, 0x62ED, 0x20C4, 0x0000, 0x0000, 0x0000, 0x0000,
    0x0000, 0x0000, 0x0000, 0x0000, 0x0000, 0x0000, 0x0000, 0x39A7, 0x9473, 0xD6DC, 0xCEBB, 0x0000,
    0x83D1, 0x31C8, 0x8D16, 0x84D6, 0x84D6, 0x84D6, 0x84D6, 0x7CB5, 0x8CF6, 0x4A8B, 0xBE7A, 0xD73D,
    0xCEFC, 0xD71C, 0xCF1D, 0xCF1D, 0xD71D, 0xCF1C, 0xD71D, 0xCEFC, 0xD73D, 0xB5F8, 0x4A8B, 0x8D17,
    0x84B5, 0x84D6, 0x84D6, 0x84D6, 0x84D6, 0x84D5, 0x29A7, 0x9433, 0x0000, 0xD6FC, 0xCE9B, 0x8431,
    0x3166, 0x0000, 0x0000, 0x0000, 0x0000, 0x0000, 0x0000, 0x0000, 0x0000, 0x0000, 0x0000, 0x0000,
    0x20E4, 0x62ED, 0xA4F5, 0xCE9C, 0x8C33, 0x4A8B, 0xB65A, 0xB619, 0xB619, 0xB619, 0xADF9, 0xBE5A,
    0xA597, 0x3A09, 0x9D56, 0xB63A, 0xA5B8, 0x84F6, 0x7C53, 0x0000, 0x0000, 0x0000, 0x0000, 0x0000,
    0x0000, 0x0000, 0x0000, 0x0000, 0x0000, 0x0000, 0x0000, 0x0000, 0x0000, 0x0000, 0x0000, 0x0000,
    0x0000, 0x0000, 0x0000, 0x0000, 0x0000, 0x0000, 0x0000, 0x0000, 0x0000, 0x7433, 0x84F6, 0x84D6,
    0xA5B8, 0xBEBC, 0x6BD1, 0x31A7, 0xA5B8, 0xB63A, 0xB619, 0xB619, 0xBE5A, 0x7C52, 0x83F2, 0x9475,
    0x4A0A, 0x0000, 0x0000, 0x0000, 0x41E7, 0x7B8D, 0x2124, 0x0000, 0x0000, 0x0000, 0x0000, 0x0000,
    0x0000, 0x0000, 0x0000, 0x0000, 0x0000, 0x41C8, 0x0000, 0x0000, 0x0000, 0x526B, 0x5B4F, 0x8D37,
    0x84D5, 0x84D6, 0x84B6, 0x84F6, 0x9557, 0x52ED, 0x7C31, 0x0000, 0xCEFC, 0xD71D, 0xD71D, 0xD71D,
    0xD73D, 0xD73C, 0xD71C, 0xCEFC, 0x0000, 0x73CF, 0x5B2F, 0x9557, 0x84F6, 0x84D6, 0x84D6, 0x84B5,
    0x8D37, 0x4ACC, 0x62CD, 0x0000, 0xBD78, 0xA515, 0x3166, 0x0000, 0x0000, 0x0000, 0x0000, 0x0000,
    0x0000, 0x0000, 0x18C3, 0xC617, 0xC618, 0x62EB, 0x7B8D, 0x41E7, 0x0000, 0x0000, 0x0000, 0x524A,
    0x9C95, 0x7B91, 0x84B3, 0xBE7B, 0xB619, 0xAE19, 0xBE5B, 0x9D56, 0x2966, 0x7C73, 0xC6BC, 0x9D98,
    0x84D5, 0x8CF6, 0x6BD1, 0x0000, 0x0000, 0x0000, 0x0000, 0x0000, 0x0000, 0x0000, 0x0000, 0x0000,
    0x0000, 0x0000, 0x0000, 0x0000, 0x0000, 0x0000, 0x0000, 0x0000, 0x0000, 0x0000, 0x0000, 0x0000,
    0x0000, 0x0000, 0x0000, 0x0000, 0x0000, 0x6390, 0x8D17, 0x7C95, 0x6BD1, 0x6BF1, 0x8D16, 0x4AED,
    0x1925, 0x7C73, 0xA5B9, 0x9557, 0x9537, 0x8C74, 0x62EE, 0x1082, 0x0000, 0x3185, 0x8BEF, 0xCDD5,
    0xEEF9, 0xE698, 0x0000, 0x0000, 0x0000, 0x0000, 0x0000, 0x0000, 0x0000, 0x0000, 0x0000, 0x526A,
    0x18C3, 0x0000, 0x1062, 0x7BB0, 0x0000, 0x9434, 0x3A2A, 0x84F6, 0x84D6, 0x84D6, 0x84D5, 0xADD8,
    0xAE19, 0x7433, 0x426A, 0x0000, 0xD71C, 0xD73D, 0xD73D, 0xD73D, 0xD73D, 0xD73D, 0xD71C, 0xD71D,
    0xD71C, 0x4249, 0x7C74, 0xAE19, 0xA5B8, 0x84B5, 0x84D6, 0x84D6, 0x7C94, 0x3A09, 0xA4B5, 0x0000,
    0x736F, 0x0000, 0x0000, 0x0000, 0x0000, 0x0000, 0x0000, 0x0000, 0x0000, 0x0000, 0x18C3, 0xD69A,
    0x0000, 0x62EB, 0xE6B8, 0xEEF9, 0xC5D5, 0x83EE, 0x2944, 0x0000, 0x18A3, 0x6B2F, 0x8C74, 0x9537,
    0x9557, 0x9DB9, 0x7432, 0x1925, 0x5B4F, 0x8CD5, 0x6BD0, 0x6C12, 0x7CB5, 0x8D17, 0x530E, 0x0000,
    0x0000, 0x0000, 0x0000, 0x0000, 0x0000, 0x0000, 0x0000, 0x0000, 0x0000, 0x0000, 0x0000, 0x0000,
    0x0000, 0x0000, 0x0000, 0x0000, 0x0000, 0x0000, 0x0000, 0x0000, 0x0000, 0x0000, 0x0000, 0x0000,
    0x0000, 0x4ACD, 0x8D17, 0xA598, 0x9D56, 0x6BD0, 0x4AAB, 0x428B, 0x18E4, 0x0000, 0x530D, 0x84B5,
    0x7C94, 0x31A8, 0x0000, 0x0000, 0x2103, 0x62CA, 0x6B0B, 0x6B0B, 0x840E, 0x9470, 0x0000, 0x0000,
    0x0000, 0x0000, 0x0000, 0x0000, 0x0000, 0x0000, 0x5ACB, 0x0000, 0x0000, 0x39A6, 0x0000, 0x0000,
    0x6B0E, 0x0000, 0x5AAD, 0x6BF1, 0x8D17, 0x84B5, 0x9D77, 0xB619, 0xB619, 0xA5B9, 0x31E9, 0xB618,
    0x0000, 0xD73D, 0x0000, 0x0000, 0x0000, 0xD73D, 0xD71D, 0x0000, 0xADD7, 0x3A09, 0xA5D9, 0xB619,
    0xB639, 0x9557, 0x7CB5, 0x8D17, 0x5B90, 0x630F, 0x0000, 0x62ED, 0x0000, 0x10A2, 0x20E3, 0x0000,
    0x0000, 0x0000, 0x0000, 0x0000, 0x0000, 0x0000, 0x0000, 0x0000, 0x0000, 0x10A2, 0x9CB1, 0x7BCE,
    0x6B0B, 0x62CA, 0x5268, 0x18C2, 0x0000, 0x0000, 0x3A09, 0x7C95, 0x7C95, 0x428C, 0x0000, 0x2125,
    0x426A, 0x52CC, 0x7411, 0x9D76, 0x9D77, 0x8D17, 0x426B, 0x0000, 0x0000, 0x0000, 0x0000, 0x0000,
    0x0000, 0x0000, 0x0000, 0x0000, 0x0000, 0x0000, 0x0000, 0x0000, 0x0000, 0x0000, 0x0000, 0x0000,
    0x0000, 0x0000, 0x0000, 0x0000, 0x0000, 0x0000, 0x0000, 0x0000, 0x0000, 0x424A, 0x8D17, 0xADF9,
    0xBE7B, 0xAE1A, 0x84D4, 0x52ED, 0x31E8, 0x1905, 0x10A3, 0x7412, 0x4ACC, 0x0000, 0x10A3, 0x18C3,
    0x2124, 0x18E3, 0x10A2, 0x0882, 0x0000, 0x0000, 0x0000, 0x0000, 0x0000, 0x0000, 0x0000, 0x0000,
    0x0000, 0x0000, 0x0000, 0x7BEF, 0x8430, 0x9450, 0xB513, 0x1082, 0x0000, 0x732F, 0x8BF3, 0x5B4F,
    0x8D17, 0x84D6, 0xADF9, 0xB619, 0xB619, 0xBE7B, 0x4AAC, 0x8C92, 0x0000, 0xD71D, 0x0000, 0x0000,
    0x0000, 0x0000, 0xD71C, 0x0000, 0x7C31, 0x530D, 0xBE7B, 0xADF9, 0xB639, 0xA5D8, 0x84B5, 0x84F6,
    0x5B2E, 0x9454, 0x6B2E, 0x0000, 0x18C3, 0xC595, 0x6B0B, 0x0000, 0x0000, 0x0000, 0x0000, 0x0000,
    0x0000, 0x0000, 0x0000, 0x0000, 0x0000, 0x0000, 0x0000, 0x0000, 0x10A2, 0x10C3, 0x1904, 0x2104,
    0x10A3, 0x1082, 0x0000, 0x5B4F, 0x63D1, 0x10C3, 0x2146, 0x3A09, 0x532E, 0x8D15, 0xB63A, 0xBE7A,
    0xADD8, 0x8D17, 0x3A09, 0x0000, 0x0000, 0x0000, 0x0000, 0x0000, 0x0000, 0x0000, 0x0000, 0x0000,
    0x0000, 0x0000, 0x0000, 0x0000, 0x0000, 0x0000, 0x0000, 0x0000, 0x0000, 0x0000, 0x0000, 0x0000,
    0x0000, 0x0000, 0x0000, 0x0000, 0x0000, 0x3A4A, 0x8D17, 0x8CD5, 0x638F, 0x3A4A, 0x428B, 0x532E,
    0x530E, 0x5B70, 0x8CD5, 0x9D98, 0xA598, 0x94D5, 0x7BB2, 0x8C14, 0x9CD6, 0xB598, 0xCE5A, 0xD6BB,
    0xCEDB, 0xCEBB, 0xC659, 0xB5B6, 0x94D3, 0x7BCF, 0x528A, 0x2945, 0x0000, 0x0000, 0x0000, 0x0000,
    0x0000, 0xC5F5, 0x0000, 0xC594, 0x18C2, 0x0000, 0x7350, 0x73D1, 0x7CB5, 0x9537, 0xB619, 0xB619,
    0xB5F9, 0xBE9B, 0x7411, 0x634D, 0x0000, 0xD73C, 0x0000, 0x0000, 0x0000, 0x0000, 0xD71D, 0x0000,
    0x5AEC, 0x7C73, 0xBE7A, 0xAE19, 0xB619, 0xAE19, 0x8D16, 0x7C94, 0x73B1, 0x7370, 0x0000, 0x2124,
    0xCDD5, 0x0000, 0x9470, 0x0000, 0x0000, 0x0000, 0x0000, 0x1082, 0x3186, 0x5AEB, 0x8430, 0xA534,
    0xB5F7, 0xC679, 0xCEBB, 0xCEDB, 0xCE9B, 0xCE5A, 0xB598, 0x9CB5, 0x83D3, 0x7BB2, 0x94D5, 0xA5B8,
    0xA5B8, 0x8CF6, 0x63B1, 0x532E, 0x532E, 0x428B, 0x426B, 0x63B0, 0x84D5, 0x8D16, 0x31E8, 0x0000,
    0x0000, 0x0000, 0x0000, 0x0000, 0x0000, 0x0000, 0x0000, 0x0000, 0x0000, 0x0000, 0x0000, 0x0000,
    0x0000, 0x0000, 0x0000, 0x0000, 0x0000, 0x0000, 0x0000, 0x0000, 0x0000, 0x0000, 0x0000, 0x0000,
    0x0000, 0x428B, 0x8D17, 0x63D1, 0x6C12, 0x84F6, 0x6C12, 0x530D, 0x7411, 0xB618, 0xCEFC, 0xCF1C,
    0xCEFC, 0xCEDC, 0xADB8, 0x6B4F, 0x6B30, 0x8C34, 0xA495, 0x0000, 0x0000, 0xB598, 0xC61A, 0xD6BC,
    0x0000, 0x0000, 0x0000, 0x0000, 0xD6FB, 0xADB6, 0x7BEF, 0x4228, 0x18A2, 0x0000, 0x2944, 0x83CE,
    0x942F, 0x10A2, 0x10A3, 0x7C13, 0x7CB5, 0x9D77, 0xB639, 0xB619, 0xB619, 0xBE5A, 0x9536, 0x4AAB,
    0x0000, 0x0000, 0x0000, 0x0000, 0x0000, 0x0000, 0x0000, 0x0000, 0x426A, 0x9D97, 0xB63A, 0xB619,
    0xB619, 0xB639, 0x9557, 0x7C94, 0x7BF2, 0x1083, 0x18C3, 0x9450, 0x734C, 0x18C2, 0x0000, 0x18C3,
    0x528A, 0x8C71, 0xBDF7, 0x0000, 0x0000, 0x0000, 0x0000, 0x0000, 0xCE9B, 0xC61A, 0xB578, 0x0000,
    0x0000, 0xA4B6, 0x8C14, 0x62EF, 0x7390, 0xB5F9, 0xCEDC, 0xCEFC, 0xCEFC, 0xC6DB, 0xA5B7, 0x6BD0,
    0x530D, 0x6C12, 0x84D5, 0x6BD1, 0x63B1, 0x8D17, 0x3A29, 0x0000, 0x0000, 0x0000, 0x0000, 0x0000,
    0x0000, 0x0000, 0x0000, 0x0000, 0x0000, 0x0000, 0x0000, 0x0000, 0x0000, 0x0000, 0x0000, 0x0000,
    0x0000, 0x0000, 0x0000, 0x0000, 0x0000, 0x0000, 0x0000, 0x0000, 0x0000, 0x532E, 0x8D17, 0x8D17,
    0x7C95, 0x4AAC, 0x6B8E, 0xB618, 0x0000, 0x0000, 0xD73D, 0xD73D, 0xD73D, 0xD73D, 0x0000, 0xC6BA,
    0x6B8F, 0x420A, 0x7350, 0xA496, 0x0000, 0x0000, 0x0000, 0x0000, 0x0000, 0x0000, 0x0000, 0xBDB8,
    0xC63A, 0xD6BC, 0x0000, 0x0000, 0xCEBA, 0x9D34, 0x4AAA, 0x0000, 0x0000, 0x0000, 0x0000, 0x424A,
    0x8D17, 0xA5D8, 0xB639, 0xB619, 0xB619, 0xB639, 0xADF9, 0x4A8A, 0xD71C, 0x0000, 0x0000, 0x0000,
    0x0000, 0x0000, 0x0000, 0xC6BA, 0x4A6A, 0xB63A, 0xB619, 0xB619, 0xB619, 0xB619, 0xA5B8, 0x84D6,
    0x39E9, 0x0000, 0x0000, 0x0000, 0x10A2, 0x5AEB, 0xA555, 0xCEDB, 0x0000, 0x0000, 0xCE9B, 0xC5F9,
    0xB578, 0x0000, 0x0000, 0x0000, 0x0000, 0x0000, 0x0000, 0x0000, 0x9C95, 0x62EF, 0x41E9, 0x7C10,
    0xCEFC, 0x0000, 0xD73D, 0xD73D, 0xD71C, 0xD71D, 0x0000, 0x0000, 0xB5F8, 0x634E, 0x4ACC, 0x7CB5,
    0x84F6, 0x8D17, 0x4ACC, 0x0000, 0x0000, 0x0000, 0x0000, 0x0000, 0x0000, 0x0000, 0x0000, 0x0000,
    0x0000, 0x0000, 0x0000, 0x0000, 0x0000, 0x0000, 0x0000, 0x0000, 0x0000, 0x0000, 0x0000, 0x0000,
    0x0000, 0x0000, 0x0000, 0x0000, 0x0000, 0x6BF2, 0x8D17, 0x6BF2, 0x5B2D, 0xADD7, 0x0000, 0xD73D,
    0xCEFC, 0xCF1C, 0xD73D, 0xD73D, 0xD73D, 0xD73D, 0xD73D, 0x0000, 0x0000, 0xA575, 0x4229, 0x3187,
    0x62EE, 0x9C75, 0x0000, 0x0000, 0x0000, 0x0000, 0x0000, 0x0000, 0x0000, 0x0000, 0x0000, 0x0000,
    0x0000, 0xC5F9, 0xCE5B, 0xBDD8, 0x83F1, 0x39C8, 0x0000, 0x0000, 0x8CF5, 0xB63A, 0xB619, 0xB619,
    0xB619, 0xB619, 0xBE5A, 0x52CC, 0xC69A, 0x0000, 0x0000, 0x0000, 0x0000, 0x0000, 0x0000, 0xB618,
    0x52CB, 0xBE7B, 0xB619, 0xB619, 0xB619, 0xAE19, 0xB63A, 0x8494, 0x0000, 0x0000, 0x4A29, 0x8C72,
    0xC619, 0xCE3A, 0xC5B9, 0x0000, 0x0000, 0x0000, 0x0000, 0x0000, 0x0000, 0x0000, 0x0000, 0x0000,
    0x0000, 0x0000, 0x9455, 0x5A8D, 0x2946, 0x4A8A, 0xADF7, 0x0000, 0x0000, 0xD73C, 0xD73D, 0xD71C,
    0xD71D, 0xD73D, 0xD71C, 0xCF1C, 0xD75E, 0x0000, 0xADB7, 0x5B4E, 0x6C12, 0x8D17, 0x63B0, 0x0000,
    0x0000, 0x0000, 0x0000, 0x0000, 0x0000, 0x0000, 0x0000, 0x0000, 0x0000, 0x0000, 0x0000, 0x0000,
    0x0000, 0x0000, 0x0000, 0x0000, 0x0000, 0x0000, 0x0000, 0x0000, 0x0000, 0x0000, 0x0000, 0x0000,
    0x10E4, 0x84D6, 0x7C74, 0x7C73, 0xC6DB, 0xD75D, 0xCEFC, 0xCF1C, 0xCF1C, 0xCEFC, 0xD71C, 0xD73D,
    0x0000, 0x0000, 0x0000, 0x0000, 0x0000, 0x0000, 0x0000, 0x9D14, 0x4249, 0x2125, 0x41C9, 0x7350,
    0x9C75, 0x0000, 0x0000, 0x0000, 0x0000, 0x0000, 0x0000, 0x0000, 0x0000, 0x0000, 0x0000, 0x0000,
    0x0000, 0x9C53, 0x8C32, 0x73D0, 0xC69B, 0xBE7A, 0xB619, 0xB619, 0xB619, 0xAE19, 0xBE7B, 0x634E,
    0xBE38, 0x0000, 0x0000, 0x0000, 0x0000, 0x0000, 0x0000, 0xADB6, 0x634E, 0xBE9B, 0xB619, 0xB619,
    0xB639, 0xAE19, 0xBE9B, 0xC69A, 0x73F0, 0x8C12, 0x9C53, 0x0000, 0x0000, 0x0000, 0x0000, 0x0000,
    0x0000, 0x0000, 0x0000, 0x0000, 0x0000, 0x0000, 0x0000, 0x9C74, 0x6B0F, 0x3988, 0x2125, 0x4A8A,
    0xA596, 0x0000, 0x0000, 0x0000, 0x0000, 0x0000, 0x0000, 0x0000, 0x0000, 0xD71D, 0xD71D, 0xD71D,
    0xCF1C, 0xCEFC, 0xD75E, 0xCEFC, 0x8493, 0x7C74, 0x7CB5, 0x10A3, 0x0000, 0x0000, 0x0000, 0x0000,
    0x0000, 0x0000, 0x0000, 0x0000, 0x0000, 0x0000, 0x0000, 0x0000, 0x0000, 0x0000, 0x0000, 0x0000,
    0x0000, 0x0000, 0x0000, 0x0000, 0x0000, 0x0000, 0x0000, 0x0000, 0x426A, 0x8D17, 0x9557, 0xC6BB,
    0xCEFC, 0xCEDC, 0xCF1C, 0xD71C, 0xD71D, 0xD75D, 0x0000, 0x0000, 0x0000, 0x0000, 0x0000, 0x0000,
    0x0000, 0x0000, 0x0000, 0x0000, 0x0000, 0xBE18, 0x73AE, 0x31C7, 0x20E4, 0x2925, 0x41C8, 0x5A6B,
    0x6B0E, 0x7B4F, 0x7B4F, 0x732E, 0x6ACD, 0x526B, 0x4A4A, 0x528A, 0x6B8E, 0x9D55, 0xCEFC, 0x0000,
    0xD73D, 0xCEFC, 0xB619, 0xB619, 0xB619, 0xB619, 0xBE9B, 0x73D0, 0xB5F7, 0x0000, 0x0000, 0x0000,
    0x0000, 0x0000, 0x0000, 0xA576, 0x73F0, 0xBE9B, 0xB619, 0xB619, 0xB619, 0xB63A, 0xCF1C, 0xD73D,
    0x0000, 0xCEDB, 0x94F4, 0x634D, 0x526A, 0x524A, 0x5A8B, 0x6ACD, 0x732E, 0x7B4F, 0x7B4F, 0x6B0E,
    0x526B, 0x39A8, 0x2105, 0x18E4, 0x39E7, 0x7BEF, 0xC679, 0x0000, 0x0000, 0x0000, 0x0000, 0x0000,
    0x0000, 0x0000, 0x0000, 0x0000, 0x0000, 0x0000, 0x0000, 0xD71C, 0xD71C, 0xD71C, 0xCEFC, 0xCF1C,
    0xCEDC, 0x9D57, 0x84F7, 0x3A09, 0x0000, 0x0000, 0x0000, 0x0000, 0x0000, 0x0000, 0x0000, 0x0000,
    0x0000, 0x0000, 0x0000, 0x0000, 0x0000, 0x0000, 0x0000, 0x0000, 0x0000, 0x0000, 0x0000, 0x0000,
    0x0000, 0x0000, 0x0000, 0x0000, 0x6BD1, 0x9D78, 0xBE5A, 0xC6DC, 0xCEFC, 0xCEFC, 0xCEFC, 0xD75D,
    0x0000, 0xDE9A, 0xDD97, 0x0000, 0xDCB4, 0xDCB4, 0x0000, 0x0000, 0xE639, 0x0000, 0x0000, 0x0000,
    0x0000, 0x0000, 0x0000, 0x0000, 0xC679, 0x9514, 0x73CF, 0x52EB, 0x4A6A, 0x4249, 0x4A6A, 0x52EB,
    0x6BAE, 0x8CB2, 0xADF8, 0xCEDB, 0x0000, 0x0000, 0xD73D, 0xCF1C, 0xD71C, 0xD73D, 0xBE9B, 0xAE19,
    0xB639, 0xB619, 0xBE7B, 0x7C31, 0xADD7, 0x0000, 0x0000, 0x0000, 0x0000, 0x0000, 0x0000, 0xA596,
    0x8472, 0xBE9B, 0xB619, 0xB619, 0xAE19, 0xC69B, 0xD73D, 0xCF1C, 0xCEFC, 0xD73D, 0x0000, 0x0000,
    0xC6BB, 0xA596, 0x8471, 0x6B8E, 0x52EB, 0x4A8A, 0x4A6A, 0x4A8A, 0x5B0C, 0x7C10, 0xA555, 0xCEBA,
    0x0000, 0x0000, 0x0000, 0x0000, 0x0000, 0x0000, 0x0000, 0xE639, 0x0000, 0x0000, 0xDCB4, 0xDCD4,
    0x0000, 0xE5D8, 0x0000, 0x0000, 0xD75D, 0xD71C, 0xCF1C, 0xCEFC, 0xCEFC, 0xBE5A, 0x9578, 0x6390,
    0x0000, 0x0000, 0x0000, 0x0000, 0x0000, 0x0000, 0x0000, 0x0000, 0x0000, 0x0000, 0x0000, 0x0000,
    0x0000, 0x0000, 0x0000, 0x0000, 0x0000, 0x0000, 0x0000, 0x0000, 0x0000, 0x0000, 0x0000, 0x18E4,
    0x84F6, 0xADF9, 0xC6BB, 0xCEDC, 0xCEDC, 0xCEFC, 0xD75D, 0xD619, 0xDC93, 0xDBD1, 0xDBD1, 0xDBF1,
    0xDBF1, 0xDBF1, 0xDC11, 0xDBF1, 0xDBD1, 0xDC52, 0xE597, 0x0000, 0x0000, 0x0000, 0x0000, 0x0000,
    0x0000, 0x0000, 0x0000, 0x0000, 0x0000, 0x0000, 0x0000, 0x0000, 0x0000, 0x0000, 0x0000, 0x0000,
    0xD73D, 0xD71D, 0xD73D, 0xD73D, 0xD73D, 0xD73D, 0xCEFC, 0xB619, 0xB619, 0xB619, 0xBE7B, 0x8CB3,
    0xB5F8, 0x0000, 0x0000, 0x0000, 0x0000, 0x0000, 0x0000, 0xADB7, 0x94F4, 0xBE7B, 0xB619, 0xB639,
    0xB639, 0xCEFC, 0xCF1C, 0xD71C, 0xD71D, 0xD73D, 0xD71C, 0xD73D, 0x0000, 0x0000, 0x0000, 0x0000,
    0x0000, 0x0000, 0x0000, 0x0000, 0x0000, 0x0000, 0x0000, 0x0000, 0x0000, 0x0000, 0x0000, 0x0000,
    0x0000, 0x0000, 0xDC32, 0xDBD0, 0xDBF1, 0xDBF1, 0xDBF1, 0xDC11, 0xDBF1, 0xDBF1, 0xDC12, 0x0000,
    0xDE9A, 0xD75D, 0xCF1C, 0xCEFC, 0xCEFC, 0xC6BB, 0xADF9, 0x84D6, 0x10C3, 0x0000, 0x0000, 0x0000,
    0x0000, 0x0000, 0x0000, 0x0000, 0x0000, 0x0000, 0x0000, 0x0000, 0x0000, 0x0000, 0x0000, 0x0000,
    0x0000, 0x0000, 0x0000, 0x0000, 0x0000, 0x0000, 0x0000, 0x3A2A, 0x9DB8, 0xB639, 0xCEDC, 0xC6DC,
    0xCEFC, 0xCEFC, 0x0000, 0xD3B0, 0xDBD1, 0xDC12, 0xDC32, 0xDC32, 0xDC32, 0x0000, 0xEDD8, 0xEDF8,
    0x0000, 0xDC12, 0xDBF1, 0xDC52, 0xE67A, 0x0000, 0x0000, 0x0000, 0x0000, 0x0000, 0x0000, 0x0000,
    0x0000, 0x0000, 0x0000, 0x0000, 0xD73C, 0xD73C, 0x0000, 0x0000, 0x0000, 0x0000, 0xD73D, 0xD73D,
    0xD73D, 0xCF1C, 0xD71D, 0xBE5A, 0xB619, 0xB619, 0xBE5A, 0x9535, 0xBE39, 0x0000, 0x0000, 0x0000,
    0x0000, 0x0000, 0x0000, 0xB5F8, 0x9D56, 0xBE5A, 0xB619, 0xB619, 0xBE5A, 0xD71D, 0xD71C, 0xD73D,
    0xD73D, 0xD73D, 0xD73D, 0x0000, 0x0000, 0xD73D, 0xD71D, 0xD73D, 0x0000, 0x0000, 0x0000, 0x0000,
    0x0000, 0x0000, 0x0000, 0x0000, 0x0000, 0x0000, 0x0000, 0xE639, 0xDC32, 0xDBF1, 0xDC32, 0x0000,
    0xEDF8, 0xEDD7, 0xE4D4, 0xDC32, 0xDC32, 0xDC32, 0xDC12, 0xDBD1, 0xD3D1, 0xD5B7, 0xD73D, 0xCEFC,
    0xCEFC, 0xCEFC, 0xB639, 0xA5B9, 0x3A09, 0x0000, 0x0000, 0x0000, 0x0000, 0x0000, 0x0000, 0x0000,
    0x0000, 0x0000, 0x0000, 0x0000, 0x0000, 0x0000, 0x0000, 0x0000, 0x0000, 0x0000, 0x0000, 0x0000,
    0x0000, 0x0000, 0x0000, 0x6390, 0xADF9, 0xBE7A, 0xCEFC, 0xC6DC, 0xCEFC, 0xCCB4, 0xD34F, 0xD3F1,
    0xDC12, 0xDC12, 0xDC32, 0xDC12, 0xE4B4, 0xF659, 0xF6BB, 0x0000, 0xFEBB, 0x0000, 0xDC12, 0xE412,
    0xDBF1, 0xE619, 0x0000, 0x0000, 0x0000, 0x0000, 0x0000, 0x0000, 0x0000, 0x0000, 0x0000, 0x0000,
    0x0000, 0x0000, 0x0000, 0x0000, 0x0000, 0x0000, 0xD73D, 0xD73D, 0xD73D, 0xD71C, 0xD71D, 0xBE7A,
    0xB619, 0xB639, 0xB63A, 0xA597, 0xC69A, 0x0000, 0x0000, 0x0000, 0x0000, 0x0000, 0x0000, 0xBE59,
    0xA597, 0xBE5A, 0xB639, 0xB619, 0xBE9B, 0xD73D, 0xD71D, 0xD73D, 0xD73D, 0x0000, 0x0000, 0x0000,
    0x0000, 0x0000, 0x0000, 0x0000, 0x0000, 0x0000, 0x0000, 0x0000, 0x0000, 0x0000, 0x0000, 0x0000,
    0x0000, 0x0000, 0xE5D8, 0xDBF1, 0xE432, 0xDC32, 0xED96, 0x0000, 0x0000, 0x0000, 0xEE19, 0xE473,
    0xDC12, 0xDC32, 0xDC12, 0xDC12, 0xDBF1, 0xD370, 0x0000, 0xCF3D, 0xCEDC, 0xCEFC, 0xBE7A, 0xAE19,
    0x5B6F, 0x0000, 0x0000, 0x0000, 0x0000, 0x0000, 0x0000, 0x0000, 0x0000, 0x0000, 0x0000, 0x0000,
    0x0000, 0x0000, 0x0000, 0x0000, 0x0000, 0x0000, 0x0000, 0x0000, 0x0000, 0x0000, 0x0000, 0x7C94,
    0xAE19, 0xC6BB, 0xC6DC, 0xCF1D, 0x0000, 0xCB4F, 0xD3D1, 0xD3D1, 0xDBF1, 0xDC12, 0xE432, 0xDC12,
    0xE4B4, 0xF67A, 0xFEBB, 0xF69A, 0xFEBB, 0xF639, 0xE452, 0xDC31, 0xE432, 0xDBF1, 0xE65A, 0x0000,
    0x0000, 0x0000, 0x0000, 0x0000, 0x0000, 0x0000, 0x0000, 0x0000, 0x0000, 0x0000, 0x0000, 0xD73D,
    0x0000, 0x0000, 0x0000, 0xD73D, 0xD73D, 0xD71D, 0xD73D, 0xC69B, 0xB619, 0xB639, 0xB63A, 0xADD8,
    0xCEFC, 0x0000, 0x0000, 0x0000, 0x0000, 0x0000, 0x0000, 0xCEBB, 0xADD8, 0xB63A, 0xB639, 0xB619,
    0xC69B, 0xD73D, 0xD71D, 0xD73D, 0x0000, 0x0000, 0x0000, 0x0000, 0x0000, 0x0000, 0x0000, 0x0000,
    0x0000, 0x0000, 0x0000, 0x0000, 0x0000, 0x0000, 0x0000, 0x0000, 0x0000, 0xE619, 0xDBF1, 0xE432,
    0xDC32, 0xE493, 0xF67A, 0x0000, 0xF6BB, 0x0000, 0xF639, 0xE493, 0xDC12, 0xDC32, 0xDC12, 0xDC12,
    0xDBF1, 0xD3D1, 0xCB4F, 0xCDB8, 0xCF1D, 0xCEFC, 0xC69B, 0xB619, 0x7C73, 0x0000, 0x0000, 0x0000,
    0x0000, 0x0000, 0x0000, 0x0000, 0x0000, 0x0000, 0x0000, 0x0000, 0x0000, 0x0000, 0x0000, 0x0000,
    0x0000, 0x0000, 0x0000, 0x0000, 0x0000, 0x0000, 0x10C3, 0x9536, 0xB619, 0xC6BB, 0xC6FC, 0xCE7A,
    0xCB90, 0xCB90, 0xD3B1, 0xDBD1, 0xDC11, 0xDC12, 0xE432, 0xE432, 0xDC32, 0xEDB7, 0xF6BB, 0xFEBB,
    0xF6BB, 0xEDF8, 0xE473, 0xDC12, 0xE432, 0xE432, 0xE432, 0x0000, 0x0000, 0x0000, 0x0000, 0x0000,
    0x0000, 0x0000, 0x0000, 0x0000, 0x0000, 0x0000, 0x0000, 0x0000, 0xD71D, 0xD71D, 0xD73D, 0xD73D,
    0xD73D, 0xD71D, 0xD73D, 0xC6BB, 0xB619, 0xB639, 0xB63A, 0xB619, 0xD71C, 0x0000, 0x0000, 0x0000,
    0x0000, 0x0000, 0x0000, 0xD71C, 0xB619, 0xB639, 0xB639, 0xB619, 0xC6BB, 0xD73D, 0xD73D, 0xD73D,
    0x0000, 0x0000, 0x0000, 0x0000, 0x0000, 0x0000, 0x0000, 0x0000, 0x0000, 0x0000, 0x0000, 0x0000,
    0x0000, 0x0000, 0x0000, 0x0000, 0x0000, 0xDC32, 0xE432, 0xE432, 0xDC11, 0xE4B3, 0xF659, 0x0000,
    0x0000, 0xF6BA, 0x0000, 0xDC32, 0xDC32, 0xE432, 0xDC12, 0xDC12, 0xDBF1, 0xD3D1, 0xD390, 0xCBB1,
    0xCEBB, 0xCEFC, 0xC6BB, 0xB619, 0x9516, 0x0882, 0x0000, 0x0000, 0x0000, 0x0000, 0x0000, 0x0000,
    0x0000, 0x0000, 0x0000, 0x0000, 0x0000, 0x0000, 0x0000, 0x0000, 0x0000, 0x0000, 0x0000, 0x0000,
    0x0000, 0x0000, 0x2166, 0x9D98, 0xB619, 0xC6DB, 0xCF3D, 0x0000, 0xCB2F, 0xCBB0, 0xD3B1, 0xD3D1,
    0xDBF1, 0xDC12, 0xDC32, 0xE432, 0xDC32, 0xDC52, 0x0000, 0xEDF8, 0xEDD8, 0x0000, 0xDC32, 0xDC32,
    0xE432, 0xE432, 0xDBF1, 0x0000, 0x0000, 0x0000, 0x0000, 0x0000, 0x0000, 0x0000, 0x0000, 0x0000,
    0x0000, 0x0000, 0x0000, 0x0000, 0x0000, 0xD71C, 0xD73D, 0x0000, 0xD73D, 0xD73D, 0xD73D, 0xC6BB,
    0xB619, 0xB639, 0xB63A, 0xB63A, 0xD73D, 0x0000, 0x0000, 0x0000, 0x0000, 0x0000, 0x0000, 0xD73D,
    0xB639, 0xB639, 0xB63A, 0xB619, 0xC6BB, 0xD73D, 0xD73D, 0xD73D, 0x0000, 0x0000, 0x0000, 0x0000,
    0x0000, 0x0000, 0x0000, 0x0000, 0x0000, 0x0000, 0x0000, 0x0000, 0x0000, 0x0000, 0x0000, 0x0000,
    0x0000, 0xDBF1, 0xE432, 0xE432, 0xE432, 0xDC32, 0x0000, 0xEDF8, 0xF618, 0x0000, 0xDC32, 0xDC32,
    0xDC32, 0xDC12, 0xDC12, 0xDC12, 0xDBF1, 0xD3D1, 0xD3B1, 0xCB2F, 0x0000, 0xCF1D, 0xC6BB, 0xB619,
    0x9D98, 0x1904, 0x0000, 0x0000, 0x0000, 0x0000, 0x0000, 0x0000, 0x0000, 0x0000, 0x0000, 0x0000,
    0x0000, 0x0000, 0x0000, 0x0000, 0x0000, 0x0000, 0x0000, 0x0000, 0x0000, 0x0000, 0x29A8, 0xA5B9,
    0xB619, 0xC6DC, 0xCEDC, 0xC3F1, 0xCB6F, 0xCB90, 0xD3B1, 0xD3D1, 0xDBF1, 0xDC12, 0xE432, 0xE432,
    0xE432, 0xDC12, 0xDC12, 0xDC32, 0xDC52, 0xDC12, 0xDC32, 0xE432, 0xE432, 0xE432, 0xDC32, 0xDC32,
    0x0000, 0x0000, 0x0000, 0x0000, 0x0000, 0x0000, 0x0000, 0x0000, 0x0000, 0x0000, 0x0000, 0x0000,
    0x0000, 0xD73D, 0x0000, 0x0000, 0xD73D, 0xD73D, 0xD73D, 0xC69B, 0xB619, 0xB639, 0xB639, 0xB65A,
    0x0000, 0x0000, 0x0000, 0x0000, 0x0000, 0x0000, 0x0000, 0xD73D, 0xB63A, 0xB639, 0xB63A, 0xB619,
    0xC69B, 0xD73D, 0xD73D, 0xD73D, 0x0000, 0x0000, 0x0000, 0x0000, 0x0000, 0x0000, 0x0000, 0x0000,
    0x0000, 0x0000, 0x0000, 0x0000, 0x0000, 0x0000, 0x0000, 0x0000, 0xDC32, 0xE432, 0xE432, 0xE432,
    0xE432, 0xE432, 0xDC32, 0xE473, 0xE453, 0xDC12, 0xDC32, 0xDC32, 0xDC12, 0xE432, 0xDC12, 0xDC12,
    0xDBF1, 0xD3B1, 0xD390, 0xCB4F, 0xCC12, 0xCEFC, 0xC6BB, 0xB619, 0xA5B8, 0x2166, 0x0000, 0x0000,
    0x0000, 0x0000, 0x0000, 0x0000, 0x0000, 0x0000, 0x0000, 0x0000, 0x0000, 0x0000, 0x0000, 0x0000,
    0x0000, 0x0000, 0x0000, 0x0000, 0x0000, 0x0000, 0x31C8, 0xA5D9, 0xB619, 0xC6DC, 0xCE5A, 0xCB70,
    0xCB70, 0xCB90, 0xD3B1, 0xD3D1, 0xDBF1, 0xDC12, 0xDC12, 0xE432, 0xE432, 0xE432, 0xDC32, 0xDC12,
    0xDC11, 0xDC32, 0xDC32, 0xE432, 0xE432, 0xE432, 0xE432, 0xDBF1, 0xE619, 0x0000, 0x0000, 0x0000,
    0x0000, 0x0000, 0x0000, 0x0000, 0x0000, 0x0000, 0x0000, 0x0000, 0x0000, 0x0000, 0xD73D, 0xD73D,
    0xD73D, 0xD73D, 0xD73D, 0xBE7A, 0xB619, 0xB639, 0xB619, 0xBE5A, 0x0000, 0x0000, 0x0000, 0x0000,
    0x0000, 0x0000, 0x0000, 0x0000, 0xB65A, 0xB639, 0xB639, 0xB619, 0xBE7B, 0xD73D, 0xD73D, 0x0000,
    0x0000, 0x0000, 0x0000, 0x0000, 0x0000, 0x0000, 0x0000, 0x0000, 0x0000, 0x0000, 0x0000, 0x0000,
    0x0000, 0x0000, 0x0000, 0xE5D8, 0xDBF1, 0xE452, 0xE432, 0xE432, 0xE432, 0xE432, 0xE432, 0xE432,
    0xE432, 0xE432, 0xE432, 0xE432, 0xDC12, 0xDC12, 0xDC12, 0xDBF2, 0xDBD1, 0xD3B1, 0xCB90, 0xCB4F,
    0xCB90, 0xCE7B, 0xC6DB, 0xADF9, 0x9DB8, 0x2166, 0x0000, 0x0000, 0x0000, 0x0000, 0x0000, 0x0000,
    0x0000, 0x0000, 0x0000, 0x0000, 0x0000, 0x0000, 0x0000, 0x0000, 0x0000, 0x0000, 0x0000, 0x0000,
    0x0000, 0x0000, 0x29A7, 0xA5B8, 0xADF9, 0xC6DC, 0xCE19, 0xCB4F, 0xCB70, 0xCB90, 0xD390, 0xD3B1,
    0xDBF1, 0xDC11, 0xDC12, 0xE432, 0xE432, 0xE432, 0xE432, 0xE432, 0xDC32, 0xDC32, 0xDC32, 0xE432,
    0xE432, 0xE432, 0xE432, 0xDBF1, 0x0000, 0x0000, 0x0000, 0x0000, 0x0000, 0x0000, 0x0000, 0x0000,
    0x0000, 0x0000, 0x0000, 0x0000, 0x0000, 0x0000, 0x0000, 0xD71D, 0xD73D, 0xD73D, 0xD71C, 0xBE5A,
    0xB619, 0xB639, 0xB619, 0xBE7A, 0x0000, 0x0000, 0x0000, 0x0000, 0x0000, 0x0000, 0x0000, 0x0000,
    0xBE5A, 0xB639, 0xB639, 0xB639, 0xBE5A, 0xD71D, 0xD73D, 0xD73D, 0x0000, 0x0000, 0x0000, 0x0000,
    0x0000, 0x0000, 0x0000, 0x0000, 0x0000, 0x0000, 0x0000, 0x0000, 0x0000, 0x0000, 0x0000, 0x0000,
    0xDBF1, 0xE432, 0xE432, 0xE432, 0xE432, 0xE432, 0xE432, 0xE432, 0xE432, 0xE432, 0xE432, 0xE432,
    0xDC12, 0xDC12, 0xDC12, 0xDBF1, 0xD3D1, 0xD3B0, 0xCB70, 0xCB6F, 0xC34F, 0xCE3A, 0xBEBB, 0xADF9,
    0x9D98, 0x2146, 0x0000, 0x0000, 0x0000, 0x0000, 0x0000, 0x0000, 0x0000, 0x0000, 0x0000, 0x0000,
    0x0000, 0x0000, 0x0000, 0x0000, 0x0000, 0x0000, 0x0000, 0x0000, 0x0000, 0x0000, 0x2145, 0x9558,
    0xADF8, 0xBEBB, 0xCE19, 0xCB4F, 0xCB70, 0xCB90, 0xCB90, 0xD3B0, 0xD3D1, 0xDBF1, 0xDC11, 0xDC12,
    0xE432, 0xE432, 0xE432, 0xE432, 0xE432, 0xE432, 0xDC32, 0xDC32, 0xE432, 0xDC32, 0xE432, 0xE3F1,
    0x0000, 0x0000, 0x0000, 0x0000, 0x0000, 0x0000, 0x0000, 0x0000, 0x0000, 0x0000, 0x0000, 0x0000,
    0x0000, 0x0000, 0x0000, 0xD73D, 0xD73D, 0xD73D, 0xCEFC, 0xB63A, 0xB61A, 0xB639, 0xB619, 0xC69B,
    0x0000, 0x0000, 0x0000, 0x0000, 0x0000, 0x0000, 0x0000, 0x0000, 0xBE7A, 0xB619, 0xB639, 0xB639,
    0xB63A, 0xD71C, 0xD73D, 0xD73D, 0x0000, 0x0000, 0x0000, 0x0000, 0x0000, 0x0000, 0x0000, 0x0000,
    0x0000, 0x0000, 0x0000, 0x0000, 0x0000, 0x0000, 0x0000, 0x0000, 0xE3F1, 0xE432, 0xDC32, 0xE432,
    0xE432, 0xE432, 0xE432, 0xE432, 0xE432, 0xE432, 0xE432, 0xE432, 0xDC12, 0xDC11, 0xDBF1, 0xD3D1,
    0xD3B1, 0xCB90, 0xCB70, 0xCB4F, 0xC34F, 0xCE39, 0xBE9A, 0xADF9, 0x9557, 0x18E4, 0x0000, 0x0000,
    0x0000, 0x0000, 0x0000, 0x0000, 0x0000, 0x0000, 0x0000, 0x0000, 0x0000, 0x0000, 0x0000, 0x0000,
    0x0000, 0x0000, 0x0000, 0x0000, 0x0000, 0x0000, 0x10A3, 0x84F6, 0xADF9, 0xB65A, 0xCE5A, 0xCB70,
    0xCB70, 0xCB70, 0xCB90, 0xD390, 0xD3B1, 0xDBD1, 0xDBF1, 0xDC12, 0xDC12, 0xE432, 0xE432, 0xE432,
    0xE432, 0xE432, 0xDC12, 0xDC12, 0xDC12, 0xE432, 0xDC32, 0xDBF1, 0x0000, 0x0000, 0x0000, 0x0000,
    0x0000, 0x0000, 0x0000, 0x0000, 0x0000, 0x0000, 0x0000, 0x0000, 0x0000, 0x0000, 0x0000, 0xD73D,
    0xD73D, 0xD73D, 0xC6BB, 0xB619, 0xB63A, 0xB639, 0xB619, 0xBE5A, 0x0000, 0x0000, 0x0000, 0x0000,
    0x0000, 0x0000, 0x0000, 0x0000, 0xBE59, 0xB619, 0xB63A, 0xB63A, 0xB639, 0xC6DB, 0x0000, 0xD73D,
    0x0000, 0x0000, 0x0000, 0x0000, 0x0000, 0x0000, 0x0000, 0x0000, 0x0000, 0x0000, 0x0000, 0x0000,
    0x0000, 0x0000, 0x0000, 0xDCD4, 0xDBF1, 0xDC32, 0xE432, 0xDC32, 0xDC12, 0xE432, 0xE432, 0xE432,
    0xE432, 0xE432, 0xE432, 0xDC12, 0xDC12, 0xDBF1, 0xDBD1, 0xD3B1, 0xCB90, 0xCB90, 0xCB70, 0xCB50,
    0xCB70, 0xCE5A, 0xB639, 0xADF9, 0x7C94, 0x0000, 0x0000, 0x0000, 0x0000, 0x0000, 0x0000, 0x0000,
    0x0000, 0x0000, 0x0000, 0x0000, 0x0000, 0x0000, 0x0000, 0x0000, 0x0000, 0x0000, 0x0000, 0x0000,
    0x0000, 0x0000, 0x0000, 0x6C12, 0xADF9, 0xAE19, 0xC67B, 0xCBD1, 0xCB4F, 0xCB70, 0xCB70, 0xCB90,
    0xD3B0, 0xD3B1, 0xDBD1, 0xDBF1, 0xDC12, 0xDC12, 0xDC12, 0xDC12, 0xDC12, 0xDC11, 0xE432, 0xEC73,
    0xE452, 0xE432, 0xEC73, 0xEC32, 0x0000, 0x0000, 0x0000, 0x0000, 0x0000, 0x0000, 0x0000, 0x0000,
    0x0000, 0x0000, 0x0000, 0x0000, 0x0000, 0x0000, 0x0000, 0xD73D, 0xD71C, 0xD71C, 0xB639, 0xB619,
    0xB639, 0xBE5A, 0xA597, 0xADD7, 0x0000, 0x0000, 0x0000, 0x0000, 0x0000, 0x0000, 0x0000, 0x0000,
    0xADB7, 0xADD8, 0xB65A, 0xB63A, 0xB639, 0xBE5A, 0xD71C, 0xD71C, 0xD73D, 0x0000, 0x0000, 0x0000,
    0x0000, 0x0000, 0x0000, 0x0000, 0x0000, 0x0000, 0x0000, 0x0000, 0x0000, 0x0000, 0x0000, 0x0000,
    0xEC32, 0xE453, 0xE432, 0xEC73, 0xEC73, 0xDC32, 0xDC12, 0xE432, 0xDC12, 0xDC12, 0xDC12, 0xDC12,
    0xDBF2, 0xDBD1, 0xD3D1, 0xD3B0, 0xCB90, 0xCB70, 0xCB70, 0xCB4F, 0xCBF1, 0xC67A, 0xADF9, 0xADF9,
    0x63B0, 0x0000, 0x0000, 0x0000, 0x0000, 0x0000, 0x0000, 0x0000, 0x0000, 0x0000, 0x0000, 0x0000,
    0x0000, 0x0000, 0x0000, 0x0000, 0x0000, 0x0000, 0x0000, 0x0000, 0x0000, 0x0000, 0x0000, 0x4AED,
    0x9DB8, 0xADF8, 0xB67A, 0xCC94, 0xCB2F, 0xCB70, 0xCB70, 0xCB70, 0xCB90, 0xD3B0, 0xD3B1, 0xDBD1,
    0xDBF1, 0xDC11, 0xDC11, 0xDC11, 0xDC11, 0xE432, 0xDC12, 0x826B, 0x3925, 0x20A2, 0x3925, 0x8A6A,
    0xEE39, 0x0000, 0x0000, 0x0000, 0x0000, 0x0000, 0x0000, 0x0000, 0x0000, 0x0000, 0x0000, 0xD73D,
    0x0000, 0x0000, 0xD71D, 0xD73D, 0x0000, 0xD73D, 0xBE9B, 0xBE7B, 0xB619, 0xBE7B, 0x8493, 0xB618,
    0x0000, 0x0000, 0x0000, 0x0000, 0x0000, 0x0000, 0x0000, 0x0000, 0xADB7, 0x94F4, 0xBE7B, 0xB639,
    0xC69B, 0xC69B, 0x0000, 0x0000, 0xD73D, 0xD73D, 0x0000, 0x0000, 0x0000, 0x0000, 0x0000, 0x0000,
    0x0000, 0x0000, 0x0000, 0x0000, 0x0000, 0x0000, 0x0000, 0xDDB7, 0x7A09, 0x3104, 0x20A3, 0x4145,
    0x92AC, 0xE452, 0xE432, 0xDC12, 0xDC12, 0xDC12, 0xDBF2, 0xDBF2, 0xDBD1, 0xD3D1, 0xD3B0, 0xCB90,
    0xCB70, 0xCB50, 0xCB70, 0xCB2F, 0xCCB4, 0xB65A, 0xADF8, 0x9D98, 0x426B, 0x0000, 0x0000, 0x0000,
    0x0000, 0x0000, 0x0000, 0x0000, 0x0000, 0x0000, 0x0000, 0x0000, 0x0000, 0x0000, 0x0000, 0x0000,
    0x0000, 0x0000, 0x0000, 0x0000, 0x0000, 0x0000, 0x0000, 0x2145, 0x8D17, 0xADD8, 0xAE3A, 0x0000,
    0xCB4F, 0xCB70, 0xCB70, 0xCB70, 0xCB70, 0xCB90, 0xD390, 0xD3B1, 0xD3D1, 0xDBF1, 0xDBF1, 0xDBF1,
    0xE412, 0xCBD0, 0x30E4, 0x0000, 0x0000, 0x0000, 0x0000, 0x0000, 0x4A69, 0x0000, 0x0000, 0x0000,
    0x0000, 0x0000, 0x0000, 0x0000, 0x0000, 0x0000, 0x0000, 0xD73D, 0xD73D, 0xD73D, 0x0000, 0xD73D,
    0x8492, 0x39E8, 0x426A, 0x8CB4, 0xB63A, 0xB63A, 0x73CF, 0xD71C, 0x0000, 0x0000, 0x0000, 0x0000,
    0x0000, 0x0000, 0x0000, 0x0000, 0xC69A, 0x7410, 0xBE7A, 0xB619, 0x8472, 0x4229, 0x39E8, 0x8CB3,
    0x0000, 0x0000, 0xD73D, 0xD73D, 0x0000, 0x0000, 0x0000, 0x0000, 0x0000, 0x0000, 0x0000, 0x0000,
    0x0000, 0x0000, 0x0000, 0x39C7, 0x0000, 0x0000, 0x0000, 0x0000, 0x0000, 0x4145, 0xDBF1, 0xDC12,
    0xDBF1, 0xDBF1, 0xDBF1, 0xD3D1, 0xD3B1, 0xD3B0, 0xCB90, 0xCB70, 0xCB50, 0xC34F, 0xC350, 0xC34F,
    0xBD97, 0xAE39, 0xA5D8, 0x84F6, 0x18E4, 0x0000, 0x0000, 0x0000, 0x0000, 0x0000, 0x0000, 0x0000,
    0x0000, 0x0000, 0x0000, 0x0000, 0x0000, 0x0000, 0x0000, 0x0000, 0x0000, 0x0000, 0x0000, 0x0000,
    0x0000, 0x0000, 0x0000, 0x0000, 0x63D1, 0x9D78, 0xAE19, 0xAE19, 0xBC32, 0xCB2F, 0xCB70, 0xCB70,
    0xCB70, 0xCB70, 0xCB70, 0xCB90, 0xD3B0, 0xD3B1, 0xD3D1, 0xD3D1, 0xDC12, 0x3904, 0x0000, 0x20A3,
    0xA2ED, 0xCBB0, 0xBB6F, 0x51A7, 0x0000, 0x7BEF, 0x0000, 0x0000, 0x0000, 0x0000, 0x0000, 0x0000,
    0x0000, 0xD73D, 0xD73D, 0xD73D, 0x0000, 0x0000, 0xA576, 0x2966, 0x0000, 0x6B8E, 0x9D35, 0x8C93,
    0xADD8, 0xA597, 0x8451, 0x0000, 0x0000, 0x0000, 0x0000, 0x0000, 0x0000, 0x0000, 0x0000, 0x0000,
    0x0000, 0x7C10, 0xADF8, 0xADD8, 0x8CD3, 0x9D35, 0x5B4D, 0x0000, 0x31A6, 0xADB7, 0x0000, 0x0000,
    0x0000, 0x0000, 0x0000, 0x0000, 0x0000, 0x0000, 0x0000, 0x0000, 0x0000, 0x0000, 0x630C, 0x0000,
    0x59C8, 0xC38F, 0xCBB0, 0x9ACC, 0x1882, 0x0000, 0x5186, 0xE432, 0xD3D1, 0xD3D1, 0xD3B1, 0xD3B0,
    0xCB90, 0xCB70, 0xCB70, 0xC350, 0xC34F, 0xC370, 0xC32F, 0xBC33, 0xAE19, 0xADF9, 0x9557, 0x6370,
    0x0000, 0x0000, 0x0000, 0x0000, 0x0000, 0x0000, 0x0000, 0x0000, 0x0000, 0x0000, 0x0000, 0x0000,
    0x0000, 0x0000, 0x0000, 0x0000, 0x0000, 0x0000, 0x0000, 0x0000, 0x0000, 0x0000, 0x0000, 0x0000,
    0x2987, 0x8D17, 0x9D77, 0xB63A, 0xB5B8, 0xC390, 0xCB4F, 0xCB70, 0xCB70, 0xCB70, 0xCB70, 0xCB70,
    0xCB90, 0xD390, 0xCB90, 0xDBF2, 0x92AC, 0x0000, 0x1041, 0xBB4E, 0xE412, 0xD3B0, 0xDC12, 0x0000,
    0x1904, 0x18E3, 0x0000, 0x0000, 0x0000, 0x0000, 0x0000, 0xD73D, 0xD73D, 0xD73D, 0xD73D, 0x0000,
    0xC6BB, 0x5B0D, 0x0000, 0x0000, 0xA576, 0x0000, 0x0000, 0x0000, 0xD75D, 0x9D35, 0xADB7, 0x0000,
    0x0000, 0x0000, 0x0000, 0x0000, 0x0000, 0x0000, 0x0000, 0x0000, 0x0000, 0x9D34, 0xA597, 0x0000,
    0x0000, 0x0000, 0x0000, 0x9514, 0x0000, 0x0000, 0x5B2D, 0xC69B, 0xD73D, 0xD73D, 0x0000, 0x0000,
    0xD73D, 0xD73D, 0x0000, 0x0000, 0x0000, 0xD71C, 0x0000, 0x31C7, 0xE6BB, 0xDBD1, 0xD3D1, 0xEC33,
    0xB32E, 0x0000, 0x0000, 0xAB0E, 0xDBD1, 0xCB90, 0xCB90, 0xCB70, 0xCB70, 0xCB6F, 0xC34F, 0xC34F,
    0xC370, 0xC32F, 0xC390, 0xB5D8, 0xB639, 0x9D77, 0x84F6, 0x2125, 0x0000, 0x0000, 0x0000, 0x0000,
    0x0000, 0x0000, 0x0000, 0x0000, 0x0000, 0x0000, 0x0000, 0x0000, 0x0000, 0x0000, 0x0000, 0x0000,
    0x0000, 0x0000, 0x0000, 0x0000, 0x0000, 0x0000, 0x0000, 0x0000, 0x0000, 0x5B6F, 0x8D17, 0xA5B8,
    0xB65A, 0x0000, 0xC370, 0xCB4F, 0xCB70, 0xCB70, 0xCB50, 0xCB70, 0xCB70, 0xCB70, 0xCB70, 0xDBD1,
    0x5166, 0x0000, 0x5987, 0xDBF2, 0xC36F, 0xC38F, 0xD619, 0x0000, 0x52AA, 0x0000, 0xD6FC, 0x0000,
    0xD73D, 0xD73D, 0xD73D, 0xD73D, 0xD71C, 0xCEDB, 0xBE9B, 0x8CF5, 0x1905, 0x2146, 0x10C3, 0x634E,
    0x0000, 0xCEFC, 0xD71C, 0xD71C, 0x0000, 0xBE39, 0xCEFB, 0x0000, 0x0000, 0x0000, 0x0000, 0x0000,
    0x0000, 0x0000, 0x0000, 0x0000, 0x0000, 0xC6BA, 0xBE59, 0x0000, 0xD71C, 0xD71C, 0xD71C, 0x0000,
    0x4AAB, 0x1925, 0x1925, 0x2146, 0x9536, 0xBE9B, 0xC6BB, 0xCF1C, 0xD73D, 0xD73D, 0xD73D, 0xD73D,
    0x0000, 0xC69A, 0x0000, 0x6B8E, 0x0000, 0xD5B7, 0xCB4F, 0xCB90, 0xDC12, 0x4945, 0x0000, 0x69C8,
    0xDBD1, 0xCB70, 0xCB70, 0xCB4F, 0xC34F, 0xC34F, 0xC34F, 0xC34F, 0xC32F, 0xC370, 0xB597, 0xB65A,
    0x9D97, 0x8D17, 0x530E, 0x0000, 0x0000, 0x0000, 0x0000, 0x0000, 0x0000, 0x0000, 0x0000, 0x0000,
    0x0000, 0x0000, 0x0000, 0x0000, 0x0000, 0x0000, 0x0000, 0x0000, 0x0000, 0x0000, 0x0000, 0x0000,
    0x0000, 0x0000, 0x0000, 0x0000, 0x0000, 0x10A2, 0x7C94, 0x84F6, 0xA5B8, 0xB65A, 0xB597, 0xC3B1,
    0xCB2F, 0xCB4F, 0xC370, 0xCB70, 0xCB6F, 0xCB6F, 0xCB4F, 0xCB90, 0x30C3, 0x0000, 0x7A09, 0xD370,
    0xCBB0, 0x628A, 0xADF8, 0xD71D, 0x18E3, 0x2986, 0x0000, 0xD71C, 0xD71C, 0xCEDC, 0xC6BB, 0xBE5A,
    0xAE19, 0x9D98, 0x530E, 0x0000, 0x426B, 0x9556, 0x1082, 0xADD8, 0x0000, 0xD71C, 0xD73D, 0xD73D,
    0xD73D, 0xD71C, 0x0000, 0x0000, 0x0000, 0x0000, 0x0000, 0x0000, 0x0000, 0x0000, 0x0000, 0x0000,
    0x0000, 0x0000, 0xD71C, 0xD73D, 0xD73D, 0xD73D, 0xD71D, 0x0000, 0x9D36, 0x10C3, 0xA5D8, 0x3A09,
    0x0000, 0x5B6F, 0xA5D9, 0xB619, 0xBE5A, 0xC6BB, 0xCEDC, 0xCEFC, 0xD71D, 0x0000, 0x18E3, 0x2145,
    0xD73D, 0x9D96, 0x7AEC, 0xD3D1, 0xDB91, 0x69C8, 0x0000, 0x4125, 0xD3B1, 0xC34F, 0xC34F, 0xC34F,
    0xC34F, 0xC34F, 0xC34F, 0xC30E, 0xBBD1, 0xB5B7, 0xB65A, 0x9D97, 0x84F6, 0x7453, 0x0000, 0x0000,
    0x0000, 0x0000, 0x0000, 0x0000, 0x0000, 0x0000, 0x0000, 0x0000, 0x0000, 0x0000, 0x0000, 0x0000,
    0x0000, 0x0000, 0x0000, 0x0000, 0x0000, 0x0000, 0x0000, 0x0000, 0x0000, 0x0000, 0x0000, 0x0000,
    0x0000, 0x0000, 0x2146, 0x84D6, 0x84D6, 0x9D77, 0xB639, 0xB5F9, 0xBC93, 0xC36F, 0xC32F, 0xCB2F,
    0xCB4F, 0xC34F, 0xCB4F, 0xCB4F, 0x28A3, 0x0000, 0x79E9, 0xD453, 0xD69B, 0x9535, 0x10A2, 0x1082,
    0x0000, 0x9D35, 0xC6BB, 0xBE5A, 0xB639, 0xB619, 0xA5D8, 0x9D98, 0x7453, 0x2146, 0x0882, 0x5B90,
    0xCF3E, 0x8CD3, 0x10C3, 0xC69B, 0x0000, 0xD71C, 0xD73D, 0xD73D, 0xD71D, 0xD73D, 0x0000, 0x0000,
    0x0000, 0x0000, 0x0000, 0x0000, 0x0000, 0x0000, 0x0000, 0x0000, 0x0000, 0x0000, 0x0000, 0xD73D,
    0xD73D, 0xD73D, 0xD73D, 0xD75D, 0xB65A, 0x1082, 0xADB7, 0xCEFD, 0x532E, 0x0000, 0x29A7, 0x7C94,
    0x9DB9, 0xA5D8, 0xB619, 0xB63A, 0xB65A, 0xC6DC, 0x8CB3, 0x0000, 0x0000, 0x18C3, 0xADF8, 0xD65A,
    0xD453, 0x61A7, 0x0000, 0x3905, 0xD370, 0xC34F, 0xC32F, 0xC32F, 0xC30F, 0xC30E, 0xC370, 0xBC94,
    0xB619, 0xAE39, 0x9D56, 0x84F6, 0x84B5, 0x1904, 0x0000, 0x0000, 0x0000, 0x0000, 0x0000, 0x0000,
    0x0000, 0x0000, 0x0000, 0x0000, 0x0000, 0x0000, 0x0000, 0x0000, 0x0000, 0x0000, 0x0000, 0x0000,
    0x0000, 0x0000, 0x0000, 0x0000, 0x0000, 0x0000, 0x0000, 0x0000, 0x0000, 0x0000, 0x0000, 0x2166,
    0x84D5, 0x84F6, 0x8CF6, 0xA5B8, 0xAE3A, 0xB5D8, 0x0000, 0xBC32, 0xC3B0, 0xC370, 0xC370, 0xCBB1,
    0x3104, 0x0000, 0x524A, 0xC69B, 0xAE39, 0xBE7A, 0x9535, 0x73F0, 0xA576, 0xBE5A, 0xADF8, 0xA5B8,
    0x9D98, 0x9578, 0x7C95, 0x3A2A, 0x0000, 0x31C8, 0x84D5, 0xC6BC, 0x0000, 0x8C92, 0x18C3, 0xB63A,
    0xD73D, 0xD73D, 0xD73D, 0xD73D, 0x0000, 0xC67A, 0xCEDB, 0x0000, 0x0000, 0x0000, 0x0000, 0x0000,
    0x0000, 0x0000, 0x0000, 0xD73D, 0x0000, 0xC69A, 0xCEBB, 0x0000, 0x0000, 0xD75D, 0xD75D, 0xD73D,
    0xAE19, 0x10A2, 0xA576, 0x0000, 0xBE9B, 0x7C94, 0x29A7, 0x0000, 0x42AC, 0x84D6, 0x9578, 0x9D78,
    0xADD9, 0xAE19, 0xBE7A, 0x9D76, 0x73F0, 0x9D56, 0xBE7B, 0xB65A, 0xBE7A, 0x39A7, 0x0000, 0x4966,
    0xCBB1, 0xC34F, 0xC370, 0xC3B0, 0xBC32, 0x0000, 0xB5D8, 0xAE39, 0xA5B8, 0x8CF5, 0x84F6, 0x7C74,
    0x18E4, 0x0000, 0x0000, 0x0000, 0x0000, 0x0000, 0x0000, 0x0000, 0x0000, 0x0000, 0x0000, 0x0000,
    0x0000, 0x0000, 0x0000, 0x0000, 0x0000, 0x0000, 0x0000, 0x0000, 0x0000, 0x0000, 0x0000, 0x0000,
    0x0000, 0x0000, 0x0000, 0x0000, 0x0000, 0x0000, 0x0000, 0x0882, 0x10C3, 0x6BF2, 0x8D17, 0x84D5,
    0x8CF6, 0x9D98, 0xAE19, 0xAE39, 0xB5F9, 0xB5D8, 0xB5D8, 0xC67B, 0x52AB, 0x0000, 0x18E3, 0xADF9,
    0xB619, 0xAE19, 0xB63A, 0xB63A, 0xA5D8, 0x9557, 0x9557, 0x8D37, 0x7C74, 0x428B, 0x0882, 0x2125,
    0x63B0, 0x9578, 0xC6DC, 0xD73D, 0x0000, 0xB619, 0x0000, 0x9515, 0xB65A, 0xC6BB, 0xBE7A, 0xBE7A,
    0xD71D, 0xCEDC, 0x9D14, 0x0000, 0xD73D, 0x0000, 0x0000, 0x0000, 0x0000, 0x0000, 0x0000, 0x0000,
    0x0000, 0x9D35, 0xD73D, 0xCF1D, 0xBE5A, 0xBE9B, 0xC6BB, 0xBE9B, 0x84B3, 0x1082, 0xC6DB, 0xD75D,
    0xD73D, 0xC6BB, 0x9558, 0x5B6F, 0x18E4, 0x10A3, 0x4AED, 0x7CB5, 0x9537, 0x9557, 0x9D77, 0xADF9,
    0xBE7A, 0xB65A, 0xB619, 0xB63A, 0x9D77, 0x0000, 0x0000, 0x636E, 0xC65A, 0xB5B8, 0xB5F9, 0xB619,
    0xAE39, 0xA5F9, 0x9D77, 0x8CF6, 0x84D5, 0x8D17, 0x6390, 0x0882, 0x1082, 0x0000, 0x0000, 0x0000,
    0x0000, 0x0000, 0x0000, 0x0000, 0x0000, 0x0000, 0x0000, 0x0000, 0x0000, 0x0000, 0x0000, 0x0000,
    0x0000, 0x0000, 0x0000, 0x0000, 0x0000, 0x0000, 0x0000, 0x0000, 0x0000, 0x0000, 0x0000, 0x0000,
    0x0000, 0x0000, 0x0000, 0x3A4A, 0x5B2E, 0x10C3, 0x426B, 0x7C94, 0x84F6, 0x84B5, 0x84B5, 0x84F6,
    0x8D36, 0x9577, 0x9D78, 0xADF9, 0x73F1, 0x0000, 0x0000, 0x5B0D, 0xA5F9, 0x9536, 0x8D16, 0x8D16,
    0x8D17, 0x84D6, 0x6BF1, 0x3209, 0x0000, 0x18E4, 0x5B4F, 0x84F6, 0xA5D9, 0xCEFC, 0xD73D, 0xD71C,
    0xD71C, 0x0000, 0x3A29, 0x2966, 0xB65B, 0x73F1, 0x10C3, 0x2125, 0x4A8B, 0xA597, 0x9D36, 0xADD7,
    0x0000, 0xD73C, 0x0000, 0x0000, 0x0000, 0x0000, 0xD73D, 0x0000, 0xA5B6, 0xA5B8, 0x9536, 0x3A29,
    0x18E3, 0x18C3, 0x8CF5, 0xB65B, 0x1904, 0x530D, 0x0000, 0xD71C, 0xD71D, 0xD73D, 0xCEFC, 0x9DB8,
    0x84B5, 0x4AED, 0x10A3, 0x0882, 0x3A4A, 0x6C12, 0x8D16, 0x8D37, 0x8D37, 0x9537, 0x9557, 0xADFA,
    0x4A8A, 0x0000, 0x0000, 0x8493, 0xA5F9, 0x9D78, 0x9557, 0x8D37, 0x8CF6, 0x84B5, 0x84D6, 0x8CF7,
    0x7C74, 0x3A2A, 0x10C3, 0x5B6F, 0x31E8, 0x0000, 0x0000, 0x0000, 0x0000, 0x0000, 0x0000, 0x0000,
    0x0000, 0x0000, 0x0000, 0x0000, 0x0000, 0x0000, 0x0000, 0x0000, 0x0000, 0x0000, 0x0000, 0x0000,
    0x0000, 0x0000, 0x0000, 0x0000, 0x0000, 0x0000, 0x0000, 0x0000, 0x0000, 0x0000, 0x0000, 0x10A3,
    0x8D37, 0x84B5, 0x4AAC, 0x3209, 0x5B2E, 0x7C74, 0x84B5, 0x7CB5, 0x84F6, 0x8D17, 0x8CF7, 0x8D17,
    0x8D17, 0x2145, 0x0000, 0x0000, 0x5B6F, 0x84D6, 0x7433, 0x5B4F, 0x3A09, 0x10C3, 0x0000, 0x2166,
    0x5B6F, 0x84D6, 0x8D37, 0xB63A, 0xD73D, 0xD73D, 0xD71C, 0xD73D, 0xD71C, 0x0000, 0xADF9, 0x2987,
    0x424A, 0x6BB0, 0x18E4, 0x0000, 0x0000, 0x0000, 0x6BD0, 0xA5B8, 0xCEDB, 0x0000, 0xD73D, 0xD73D,
    0x0000, 0x0000, 0x0000, 0xCEDC, 0x9D98, 0x5B4E, 0x0000, 0x0000, 0x0000, 0x2145, 0x7C52, 0x3A08,
    0x31E9, 0xBE7B, 0xD75D, 0xD71C, 0xD73D, 0xD73D, 0xD73D, 0xD73D, 0xAE19, 0x8D37, 0x7CB5, 0x530D,
    0x1904, 0x0000, 0x18E4, 0x426A, 0x6390, 0x7C54, 0x8D17, 0x530E, 0x0000, 0x0000, 0x31C8, 0x9558,
    0x8D17, 0x8CF6, 0x84F6, 0x84D6, 0x84B5, 0x84D5, 0x7453, 0x52ED, 0x31E8, 0x52ED, 0x84D6, 0x84D6,
    0x0000, 0x0000, 0x0000, 0x0000, 0x0000, 0x0000, 0x0000, 0x0000, 0x0000, 0x0000, 0x0000, 0x0000,
    0x0000, 0x0000, 0x0000, 0x0000, 0x0000, 0x0000, 0x0000, 0x0000, 0x0000, 0x0000, 0x0000, 0x0000,
    0x0000, 0x0000, 0x0000, 0x0000, 0x0000, 0x0000, 0x0000, 0x0000, 0x63B1, 0x8D17, 0x8D37, 0x84B5,
    0x6BD1, 0x6BD1, 0x7C94, 0x84B5, 0x6390, 0x530E, 0x5B4F, 0x530E, 0x5B4F, 0x31C8, 0x0000, 0x0000,
    0x0000, 0x1904, 0x1082, 0x0862, 0x2125, 0x4ACC, 0x7453, 0x84F7, 0x8D17, 0xA5B8, 0xC6DC, 0xD73D,
    0xCF1C, 0xD71D, 0xD71D, 0xD73D, 0xD73D, 0xD73D, 0xCF1C, 0x9558, 0x6390, 0x5B6F, 0x7C94, 0x6C12,
    0x530D, 0x31C8, 0x0000, 0x52EC, 0xB65A, 0xC6BB, 0xD71C, 0xD73D, 0xD73D, 0xD71C, 0xC6BC, 0xAE1A,
    0x426A, 0x0000, 0x3A4A, 0x5B4F, 0x7433, 0x7C94, 0x5B6F, 0x63B1, 0x9DB9, 0xD71D, 0xD71D, 0xD73D,
    0xD73D, 0xD73D, 0xD73D, 0xD73D, 0x0000, 0xC6DC, 0x9D98, 0x8D16, 0x84D6, 0x6C12, 0x428B, 0x18E4,
    0x0000, 0x1082, 0x1905, 0x0000, 0x0000, 0x0000, 0x3A09, 0x532E, 0x530D, 0x5B4E, 0x530D, 0x63B0,
    0x84D5, 0x7C74, 0x63D1, 0x6BF2, 0x84D6, 0x8D17, 0x8D17, 0x5B4F, 0x0000, 0x0000, 0x0000, 0x0000,
    0x0000, 0x0000, 0x0000, 0x0000, 0x0000, 0x0000, 0x0000, 0x0000, 0x0000, 0x0000, 0x0000, 0x0000,
    0x0000, 0x0000, 0x0000, 0x0000, 0x0000, 0x0000, 0x0000, 0x0000, 0x0000, 0x0000, 0x0000, 0x0000,
    0x0000, 0x0000, 0x0000, 0x0000, 0x426B, 0x8D37, 0x7CB5, 0x8CF6, 0x8D17, 0x84D6, 0x7CB5, 0x7CB5,
    0x7453, 0x2125, 0x0000, 0x10C3, 0x10A3, 0x18E4, 0x1904, 0x0000, 0x0000, 0x0000, 0x2145, 0x7C74,
    0x9579, 0x8D38, 0x8D17, 0x9D98, 0xC69B, 0xD73D, 0xD71C, 0xCF1C, 0xD71D, 0xD71D, 0xD73D, 0xD73D,
    0xD71D, 0xD73D, 0xD73D, 0xBE9B, 0x8D17, 0x84D6, 0x84B5, 0x8CF6, 0x8D17, 0x9558, 0x7433, 0x0000,
    0x31C8, 0x9536, 0xB63A, 0xBE7B, 0xBE5B, 0xAE1A, 0x8CD5, 0x2146, 0x10A2, 0x7C74, 0x9579, 0x8D37,
    0x84F6, 0x84B5, 0x84D6, 0x8D37, 0xC6DB, 0xD73D, 0xD71D, 0xD73D, 0xD73D, 0xD73D, 0xD73D, 0xD71D,
    0xD71C, 0xD73D, 0xD73D, 0xBE9B, 0x9D77, 0x8D16, 0x8D58, 0x9578, 0x6BF2, 0x10C3, 0x0000, 0x0000,
    0x0000, 0x2145, 0x18E4, 0x18C4, 0x18E4, 0x0000, 0x2166, 0x7C74, 0x7CB5, 0x7CB5, 0x84D6, 0x8D16,
    0x84F6, 0x7CB5, 0x8D17, 0x31C8, 0x0000, 0x0000, 0x0000, 0x0000, 0x0000, 0x0000, 0x0000, 0x0000,
    0x0000, 0x0000, 0x0000, 0x0000, 0x0000, 0x0000, 0x0000, 0x0000, 0x0000, 0x0000, 0x0000, 0x0000,
    0x0000, 0x0000, 0x0000, 0x0000, 0x0000, 0x0000, 0x0000, 0x0000, 0x0000, 0x0000, 0x0000, 0x0000,
    0x18E4, 0x84F6, 0x7CB5, 0x9537, 0xADD9, 0x9D77, 0x8D16, 0x84B5, 0x8D37, 0x4AAC, 0x0000, 0x84B5,
    0x8D17, 0x84F6, 0x8CF6, 0x3A2A, 0x0000, 0x0000, 0x0000, 0x10A2, 0x4AAC, 0x9D77, 0xD75D, 0x0000,
    0x0000, 0xD73D, 0xD71C, 0xCF1C, 0xCF1C, 0xD71C, 0xCF1C, 0xD71C, 0xD71C, 0xD71C, 0xD71D, 0x0000,
    0xCF1C, 0x9D98, 0x8D17, 0x8D17, 0x7C94, 0x6BF2, 0x7C74, 0x84D5, 0x2166, 0x0000, 0x31C8, 0x52EC,
    0x52EC, 0x31A7, 0x0000, 0x29A7, 0x84D6, 0x7453, 0x6C12, 0x7CB5, 0x8D17, 0x8D17, 0x9D98, 0xD71D,
    0x0000, 0xD71C, 0xD71C, 0xD71C, 0xD71C, 0xD71C, 0xD71C, 0xD71C, 0xD71D, 0xD73D, 0xD75D, 0x0000,
    0x0000, 0xD71D, 0x9515, 0x3A4A, 0x0000, 0x0000, 0x0000, 0x0000, 0x428C, 0x8CF6, 0x84F6, 0x8D37,
    0x7C74, 0x0000, 0x5B2E, 0x8D37, 0x84D5, 0x8D16, 0x9D77, 0xADD8, 0x8D16, 0x84B5, 0x7C95, 0x0882,
    0x0000, 0x0000, 0x0000, 0x0000, 0x0000, 0x0000, 0x0000, 0x0000, 0x0000, 0x0000, 0x0000, 0x0000,
    0x0000, 0x0000, 0x0000, 0x0000, 0x0000, 0x0000, 0x0000, 0x0000, 0x0000, 0x0000, 0x0000, 0x0000,
    0x0000, 0x0000, 0x0000, 0x0000, 0x0000, 0x0000, 0x0000, 0x0000, 0x0000, 0x6BF1, 0x84F6, 0x84F6,
    0xAE19, 0xAE19, 0xADF9, 0xADD8, 0xA5D9, 0x5B6F, 0x0000, 0x7412, 0x8D17, 0x84D5, 0x9D78, 0xB63A,
    0x73F0, 0x0000, 0x0000, 0x0000, 0x0000, 0x0000, 0x4228, 0x73F0, 0xA576, 0xC67A, 0xD71C, 0xD75D,
    0x0000, 0x0000, 0x0000, 0x0000, 0x0000, 0xD75D, 0xCF1C, 0xC69B, 0xB618, 0x8CB3, 0x426B, 0x2146,
    0x0882, 0x0000, 0x0000, 0x3A2A, 0x9537, 0x6390, 0x31A7, 0x1904, 0x1904, 0x31E8, 0x6BD1, 0x8D37,
    0x31C8, 0x0000, 0x0000, 0x1082, 0x2966, 0x4AAB, 0x94F4, 0xB639, 0xC6BB, 0xD73D, 0x0000, 0x0000,
    0x0000, 0x0000, 0x0000, 0x0000, 0xD73D, 0xCEDC, 0xBE39, 0x9D35, 0x6B8E, 0x31A7, 0x0000, 0x0000,
    0x0000, 0x0000, 0x1082, 0x8493, 0xB65B, 0x9D77, 0x7CB5, 0x8D17, 0x63B0, 0x0000, 0x63D1, 0xA5D9,
    0xADF9, 0xAE19, 0xAE19, 0xADD9, 0x84D5, 0x8CF7, 0x636F, 0x0000, 0x0000, 0x0000, 0x0000, 0x0000,
    0x0000, 0x0000, 0x0000, 0x0000, 0x0000, 0x0000, 0x0000, 0x0000, 0x0000, 0x0000, 0x0000, 0x0000,
    0x0000, 0x0000, 0x0000, 0x0000, 0x0000, 0x0000, 0x0000, 0x0000, 0x0000, 0x0000, 0x0000, 0x0000,
    0x0000, 0x0000, 0x0000, 0x0000, 0x0000, 0x424A, 0x8D37, 0x84B5, 0xA5D8, 0xADF9, 0xADF9, 0xADF9,
    0xB61A, 0x7C74, 0x0000, 0x5B4F, 0x8D17, 0x8CF6, 0xCEDB, 0xCEDB, 0x0000, 0xBE59, 0x3A08, 0x0000,
    0x0000, 0x0000, 0x0000, 0x0000, 0x0000, 0x0000, 0x2104, 0x31A6, 0x3A08, 0x4249, 0x4A8A, 0x4A69,
    0x3A08, 0x3186, 0x2104, 0x1082, 0x0000, 0x0000, 0x0000, 0x0000, 0x0000, 0x0000, 0x0000, 0x0000,
    0x7433, 0x9537, 0x8D37, 0x8D37, 0x8D37, 0x8D37, 0x9538, 0x6BF2, 0x0000, 0x0000, 0x0000, 0x0000,
    0x0000, 0x0000, 0x0000, 0x0000, 0x10A2, 0x2145, 0x31C7, 0x4229, 0x4A6A, 0x4A6A, 0x4249, 0x39E8,
    0x2965, 0x18C3, 0x0000, 0x0000, 0x0000, 0x0000, 0x0000, 0x0000, 0x0000, 0x4AAA, 0xCEDB, 0x0000,
    0xCEFC, 0xCEDC, 0x84D6, 0x8D17, 0x52ED, 0x0000, 0x84D5, 0xB61A, 0xADF9, 0xADF9, 0xADF9, 0xA5B8,
    0x7CB5, 0x8D17, 0x31E8, 0x0000, 0x0000, 0x0000, 0x0000, 0x0000, 0x0000, 0x0000, 0x0000, 0x0000,
    0x0000, 0x0000, 0x0000, 0x0000, 0x0000, 0x0000, 0x0000, 0x0000, 0x0000, 0x0000, 0x0000, 0x0000,
    0x0000, 0x0000, 0x0000, 0x0000, 0x0000, 0x0000, 0x0000, 0x0000, 0x0000, 0x0000, 0x0000, 0x0000,
    0x0000, 0x10C3, 0x84D5, 0x84B5, 0x9D77, 0xADF9, 0xADF9, 0xADF9, 0xAE19, 0x9558, 0x0882, 0x3A29,
    0x8D37, 0x9557, 0xC6DB, 0xCEFC, 0xADD8, 0x52AB, 0x52AB, 0x8CB3, 0x4A8A, 0x0000, 0x0000, 0x0000,
    0x0000, 0x0000, 0x0000, 0x0000, 0x0000, 0x0000, 0x0000, 0x0000, 0x0000, 0x0000, 0x0000, 0x0000,
    0x0000, 0x0000, 0x0000, 0x0000, 0x0000, 0x0000, 0x0000, 0x10C3, 0x84D6, 0x84D6, 0x84B5, 0x84D6,
    0x84D6, 0x84B5, 0x84F6, 0x84B5, 0x0862, 0x0000, 0x0000, 0x0000, 0x0000, 0x0000, 0x0000, 0x0000,
    0x0000, 0x0000, 0x0000, 0x0000, 0x0000, 0x0000, 0x0000, 0x0000, 0x0000, 0x0000, 0x0000, 0x0000,
    0x0000, 0x0000, 0x0000, 0x52EB, 0x8CD3, 0x4A8A, 0x5B0C, 0xBE7A, 0xCF1C, 0xCEDC, 0x8D16, 0x8D17,
    0x31C8, 0x10C3, 0x9D98, 0xB619, 0xADF9, 0xADF9, 0xAE19, 0x9557, 0x7CB5, 0x7C94, 0x0882, 0x0000,
    0x0000, 0x0000, 0x0000, 0x0000, 0x0000, 0x0000, 0x0000, 0x0000, 0x0000, 0x0000, 0x0000, 0x0000,
    0x0000, 0x0000, 0x0000, 0x0000, 0x0000, 0x0000, 0x0000, 0x0000, 0x0000, 0x0000, 0x0000, 0x0000,
    0x0000, 0x0000, 0x0000, 0x0000, 0x0000, 0x0000, 0x0000, 0x0000, 0x0000, 0x0000, 0x63B0, 0x84F6,
    0x8D16, 0xADF9, 0xADF9, 0xADF9, 0xADF9, 0xA5FA, 0x31C8, 0x18E4, 0x8CF6, 0x9557, 0xCEFC, 0xCF1C,
    0x31C7, 0x0000, 0x10C3, 0xB5F8, 0x0000, 0xCEBB, 0x8471, 0x3A08, 0x0000, 0x0000, 0x0000, 0x0000,
    0x0000, 0x0000, 0x0000, 0x0000, 0x0000, 0x0000, 0x0000, 0x0000, 0x0000, 0x0000, 0x0000, 0x0000,
    0x0000, 0x0000, 0x0000, 0x7411, 0x84F6, 0x7CB5, 0x84D6, 0x84D6, 0x84D6, 0x84D6, 0x7CB5, 0x8D17,
    0x638F, 0x0000, 0x0000, 0x0000, 0x0000, 0x0000, 0x0000, 0x0000, 0x0000, 0x0000, 0x0000, 0x0000,
    0x0000, 0x0000, 0x0000, 0x0000, 0x0000, 0x0000, 0x0000, 0x10A2, 0x4A69, 0x8CD3, 0xCEFC, 0x0000,
    0x9514, 0x0000, 0x0000, 0x4AAA, 0x0000, 0xCEDB, 0x8D37, 0x84D6, 0x10A2, 0x3A29, 0xAE1A, 0xADF9,
    0xADF9, 0xADF9, 0xADF9, 0x8CF6, 0x8D17, 0x5B2E, 0x0000, 0x0000, 0x0000, 0x0000, 0x0000, 0x0000,
    0x0000, 0x0000, 0x0000, 0x0000, 0x0000, 0x0000, 0x0000, 0x0000, 0x0000, 0x0000, 0x0000, 0x0000,
    0x0000, 0x0000, 0x0000, 0x0000, 0x0000, 0x0000, 0x0000, 0x0000, 0x0000, 0x0000, 0x0000, 0x0000,
    0x0000, 0x0000, 0x0000, 0x0000, 0x0000, 0x0000, 0x3209, 0x8D17, 0x84B5, 0xA5D8, 0xADF9, 0xADF9,
    0xADF9, 0xB61A, 0x6390, 0x0000, 0x7453, 0x9557, 0xCEFC, 0xC69A, 0x0000, 0x52CB, 0x31C7, 0x0000,
    0x2124, 0x6BAE, 0xADB7, 0xCEDB, 0xCEDB, 0xB5F7, 0x8492, 0x634D, 0x4249, 0x2966, 0x18E3, 0x0000,
    0x0000, 0x0000, 0x0000, 0x0000, 0x0000, 0x0000, 0x0000, 0x0000, 0x0000, 0x0000, 0x73F0, 0x0000,
    0xB639, 0x9537, 0x84B5, 0x7CB5, 0x7CB5, 0x84D5, 0x9557, 0xBE7A, 0x0000, 0x634D, 0x0000, 0x0000,
    0x0000, 0x0000, 0x0000, 0x0000, 0x0000, 0x0000, 0x0000, 0x0000, 0x0000, 0x18E3, 0x2986, 0x4249,
    0x6B6E, 0x94D3, 0xB618, 0xCEBB, 0xC69A, 0xA555, 0x634D, 0x10C3, 0x0000, 0x4A6A, 0x4A6A, 0x18E3,
    0xD73D, 0xC6DB, 0x8D37, 0x7412, 0x0000, 0x6BD1, 0xAE19, 0xADF9, 0xADF9, 0xADF9, 0xA5B8, 0x7CB5,
    0x8D17, 0x2986, 0x0000, 0x0000, 0x0000, 0x0000, 0x0000, 0x0000, 0x0000, 0x0000, 0x0000, 0x0000,
    0x0000, 0x0000, 0x0000, 0x0000, 0x0000, 0x0000, 0x0000, 0x0000, 0x0000, 0x0000, 0x0000, 0x0000,
    0x0000, 0x0000, 0x0000, 0x0000, 0x0000, 0x0000, 0x0000, 0x0000, 0x0000, 0x0000, 0x0000, 0x0000,
    0x0000, 0x0000, 0x0000, 0x7C94, 0x7CD5, 0x9557, 0xADF9, 0xADF9, 0xADF9, 0xB619, 0x8D16, 0x0000,
    0x52ED, 0x9557, 0xBE9B, 0xD71D, 0x2145, 0x9D76, 0x0000, 0x8CB3, 0x18C3, 0x0000, 0x0000, 0x0000,
    0x31A6, 0x5B2C, 0x8471, 0x9D75, 0xB639, 0xC6BB, 0xCEDB, 0xCEDB, 0xC6BB, 0xC67A, 0xBE59, 0xB619,
    0xB618, 0xB5F8, 0xB5D7, 0xADB7, 0xA596, 0xB5F8, 0x0000, 0x0000, 0x0000, 0xD71C, 0xC69B, 0xB65A,
    0xB65A, 0xC6BB, 0xD71D, 0x0000, 0x0000, 0x0000, 0xB5D7, 0xA596, 0xADD7, 0xB5F8, 0xB5F8, 0xB5F8,
    0xB618, 0xBE59, 0xC69A, 0xC6BB, 0xCEDB, 0xCEDB, 0xC69B, 0xB618, 0x9D55, 0x7C31, 0x52EB, 0x2965,
    0x0000, 0x0000, 0x0000, 0x2925, 0x9D55, 0x0000, 0x8CD3, 0x31A7, 0x0000, 0xBE7A, 0x8D37, 0x4AAB,
    0x0862, 0x9537, 0xAE19, 0xADF9, 0xADF9, 0xAE19, 0x9557, 0x84D6, 0x7453, 0x0000, 0x0000, 0x0000,
    0x0000, 0x0000, 0x0000, 0x0000, 0x0000, 0x0000, 0x0000, 0x0000, 0x0000, 0x0000, 0x0000, 0x0000,
    0x0000, 0x0000, 0x0000, 0x0000, 0x0000, 0x0000, 0x0000, 0x0000, 0x0000, 0x0000, 0x0000, 0x0000,
    0x0000, 0x0000, 0x0000, 0x0000, 0x0000, 0x0000, 0x0000, 0x0000, 0x0000, 0x0000, 0x0000, 0x530D,
    0x8D17, 0x8CF6, 0xADF9, 0xADF9, 0xADF9, 0xADF9, 0xA5D9, 0x29A8, 0x2146, 0x8D17, 0xB639, 0xD75E,
    0x8CD4, 0x9D35, 0xD73D, 0xD75E, 0xCEDC, 0x628B, 0x0000, 0x0000, 0x0000, 0x0000, 0x0000, 0x1000,
    0x1842, 0x18A3, 0x2125, 0x31C7, 0x4249, 0x4ACB, 0x530C, 0x5B2C, 0x5B2D, 0x530C, 0x4AAA, 0x3A28,
    0x31C7, 0x2986, 0x31C6, 0x5B4D, 0xB618, 0x0000, 0x0000, 0x0000, 0x0000, 0x0000, 0x0000, 0xADD7,
    0x5B2C, 0x29A6, 0x2986, 0x31C7, 0x4249, 0x4AAA, 0x530C, 0x5B2C, 0x530C, 0x52EB, 0x4ACA, 0x3A49,
    0x29A6, 0x2124, 0x18A3, 0x1842, 0x1000, 0x0000, 0x0000, 0x0000, 0x0000, 0x0000, 0x72AC, 0xD71D,
    0xD75E, 0xD73D, 0x94F4, 0x9D35, 0x0000, 0xADF9, 0x84F6, 0x18E4, 0x3A2A, 0xADF9, 0xADF9, 0xADF9,
    0xADF9, 0xADF8, 0x84D5, 0x8D17, 0x428B, 0x0000, 0x0000, 0x0000, 0x0000, 0x0000, 0x0000, 0x0000,
    0x0000, 0x0000, 0x0000, 0x0000, 0x0000, 0x0000, 0x0000, 0x0000, 0x0000, 0x0000, 0x0000, 0x0000,
    0x0000, 0x0000, 0x0000, 0x0000, 0x0000, 0x0000, 0x0000, 0x0000, 0x0000, 0x0000, 0x0000, 0x0000,
    0x0000, 0x0000, 0x0000, 0x0000, 0x0000, 0x0000, 0x0000, 0x2125, 0x8CF6, 0x7CB5, 0xA598, 0xADF9,
    0xADF9, 0xADD9, 0xAE1A, 0x6BF1, 0x0000, 0x7433, 0xA5F9, 0xCEFC, 0xCEFC, 0xC6DC, 0xCEFC, 0xC6DB,
    0xCF1D, 0xD71D, 0x82CD, 0x2863, 0x0000, 0x0000, 0x0000, 0x2062, 0x38C4, 0x5106, 0x6127, 0x6106,
    0x50E5, 0x48A4, 0x4083, 0x3863, 0x3863, 0x4084, 0x48A4, 0x50C5, 0x5906, 0x6127, 0x5906, 0x3062,
    0x1061, 0x5B4D, 0xD73D, 0x0000, 0x0000, 0xCEFC, 0x4ACB, 0x1041, 0x3863, 0x5906, 0x6127, 0x5906,
    0x48C5, 0x4084, 0x3883, 0x3863, 0x3863, 0x4083, 0x48C4, 0x5906, 0x6927, 0x6127, 0x5106, 0x38C4,
    0x1862, 0x0000, 0x0000, 0x0000, 0x38A4, 0x92EE, 0x0000, 0xD73D, 0xCEFC, 0xCEFC, 0xCEFC, 0xD71D,
    0xCF1C, 0xA5B9, 0x6BF1, 0x0000, 0x7453, 0xB619, 0xADF9, 0xADF9, 0xADF9, 0x9D77, 0x84B5, 0x84D5,
    0x10A3, 0x0000, 0x0000, 0x0000, 0x0000, 0x0000, 0x0000, 0x0000, 0x0000, 0x0000, 0x0000, 0x0000,
    0x0000, 0x0000, 0x0000, 0x0000, 0x0000, 0x0000, 0x0000, 0x0000, 0x0000, 0x0000, 0x0000, 0x0000,
    0x0000, 0x0000, 0x0000, 0x0000, 0x0000, 0x0000, 0x0000, 0x0000, 0x0000, 0x0000, 0x0000, 0x0000,
    0x0000, 0x0000, 0x0000, 0x0000, 0x6BB1, 0x84F6, 0x9516, 0xADF9, 0xADF9, 0xADF9, 0xADF9, 0x9DB8,
    0x18E4, 0x426B, 0x9D98, 0xC6DC, 0xC6DC, 0xCEFC, 0xCEFC, 0xCF1C, 0xCEFC, 0xCF3D, 0xCEBB, 0x9AAE,
    0x6147, 0x1041, 0x0000, 0x0000, 0x0000, 0x0000, 0x1842, 0x2863, 0x5106, 0x79A9, 0x922B, 0xA24D,
    0xAA4D, 0xAA4D, 0xA24C, 0xA22C, 0x9A0C, 0x9A0B, 0x9A0B, 0x9A2C, 0x81A9, 0x2862, 0x2145, 0xBE59,
    0xADF7, 0x2104, 0x3884, 0x89EA, 0x9A2C, 0x9A0B, 0x9A0B, 0x9A0C, 0x9A2C, 0xA22C, 0xA24D, 0xA26D,
    0xA24C, 0x920B, 0x71A9, 0x50E5, 0x2863, 0x1041, 0x0000, 0x0000, 0x0000, 0x0000, 0x2083, 0x7168,
    0xA2EE, 0xD6FC, 0xCF3D, 0xCEFC, 0xD71D, 0xCEFC, 0xCEFC, 0xCEFC, 0xC6DB, 0x9578, 0x31E8, 0x2146,
    0xA5B9, 0xB619, 0xADF9, 0xADF9, 0xADF8, 0x8CF6, 0x8D17, 0x5B4E, 0x0000, 0x0000, 0x0000, 0x0000,
    0x0000, 0x0000, 0x0000, 0x0000, 0x0000, 0x0000, 0x0000, 0x0000, 0x0000, 0x0000, 0x0000, 0x0000,
    0x0000, 0x0000, 0x0000, 0x0000, 0x0000, 0x0000, 0x0000, 0x0000, 0x0000, 0x0000, 0x0000, 0x0000,
    0x0000, 0x0000, 0x0000, 0x0000, 0x0000, 0x0000, 0x0000, 0x0000, 0x0000, 0x0000, 0x0000, 0x0000,
    0x29A7, 0x8D17, 0x84B5, 0xA5D8, 0xADF9, 0xADF9, 0xADF9, 0xAE3A, 0x5B4E, 0x0882, 0x84D6, 0xBE9B,
    0xCEFC, 0xCEFC, 0xCEFC, 0xCF1C, 0xCF1C, 0xCEFC, 0xD75D, 0xC65A, 0x9A4C, 0x81CA, 0x28A3, 0x0000,
    0x0000, 0x0000, 0x0000, 0x41E7, 0x18E3, 0x0000, 0x0000, 0x1001, 0x3063, 0x5105, 0x6968, 0x81CA,
    0x920B, 0x920B, 0x9A0C, 0x9A0C, 0xA20C, 0xAA4D, 0x6127, 0x20C4, 0x30E4, 0x79A9, 0xAA6D, 0x9A2C,
    0x9A0C, 0x9A0C, 0x9A0B, 0x91EB, 0x81CA, 0x6988, 0x5106, 0x3083, 0x1000, 0x0000, 0x0000, 0x2124,
    0x39C6, 0x0000, 0x0000, 0x0000, 0x0000, 0x40E5, 0x91EB, 0x9A8D, 0xCE9B, 0xD75D, 0xD71C, 0xD71C,
    0xD71C, 0xCF1C, 0xCEFC, 0xCEFC, 0xBE7A, 0x7C94, 0x0000, 0x63B0, 0xB63A, 0xADF9, 0xADD9, 0xADF9,
    0xA5B8, 0x84B5, 0x8CF6, 0x2125, 0x0000, 0x0000, 0x0000, 0x0000, 0x0000, 0x0000, 0x0000, 0x0000,
    0x0000, 0x0000, 0x0000, 0x0000, 0x0000, 0x0000, 0x0000, 0x0000, 0x0000, 0x0000, 0x0000, 0x0000,
    0x0000, 0x0000, 0x0000, 0x0000, 0x0000, 0x0000, 0x0000, 0x0000, 0x0000, 0x0000, 0x0000, 0x0000,
    0x0000, 0x0000, 0x0000, 0x0000, 0x0000, 0x0000, 0x0000, 0x0000, 0x0000, 0x7432, 0x84D6, 0x9557,
    0xAE19, 0xADF9, 0xADF9, 0xB619, 0x9577, 0x10A3, 0x4ACD, 0xB63A, 0xCEFC, 0xCEFC, 0xCEFC, 0xCEFC,
    0xCEFC, 0xCEFC, 0xCEFC, 0xD77E, 0xBD97, 0x89CB, 0x920B, 0x30C4, 0x0000, 0x0000, 0x0000, 0x5A89,
    0xDE57, 0xB512, 0x7B8D, 0x4A48, 0x2944, 0x0000, 0x0000, 0x0000, 0x0000, 0x1821, 0x2863, 0x38A4,
    0x48C5, 0x5106, 0x6968, 0x5126, 0x5947, 0x6988, 0x5126, 0x48E5, 0x38A4, 0x2863, 0x1821, 0x0000,
    0x0000, 0x0000, 0x0000, 0x2944, 0x5269, 0x83AD, 0xB533, 0xD616, 0x41E7, 0x0000, 0x0000, 0x0000,
    0x4905, 0x9A2C, 0x920B, 0xC5F9, 0xD75E, 0xD71C, 0xD71D, 0xD71C, 0xD71C, 0xCF1C, 0xCEFC, 0xCEFC,
    0xAE1A, 0x426B, 0x1905, 0x9DB8, 0xADF9, 0xADF9, 0xADD9, 0xADF9, 0x8D36, 0x84F6, 0x63B0, 0x0000,
    0x0000, 0x0000, 0x0000, 0x0000, 0x0000, 0x0000, 0x0000, 0x0000, 0x0000, 0x0000, 0x0000, 0x0000,
    0x0000, 0x0000, 0x0000, 0x0000, 0x0000, 0x0000, 0x0000, 0x0000, 0x0000, 0x0000, 0x0000, 0x0000,
    0x0000, 0x0000, 0x0000, 0x0000, 0x0000, 0x0000, 0x0000, 0x0000, 0x0000, 0x0000, 0x0000, 0x0000,
    0x0000, 0x0000, 0x0000, 0x0000, 0x0000, 0x31E9, 0x8D17, 0x84B5, 0xADD9, 0xADF9, 0xADF9, 0xADF9,
    0xAE1A, 0x532E, 0x10A3, 0x9557, 0xCEFC, 0xCEFC, 0xCEFC, 0xCEFC, 0xCEFC, 0xCEFC, 0xCF1C, 0xCEFC,
    0xD77E, 0xAC94, 0x89AA, 0x922B, 0x38C4, 0x0000, 0x0000, 0x0000, 0x41E7, 0xC5B4, 0xF6D9, 0xEED9,
    0xD637, 0xBD74, 0xA4B1, 0x83EE, 0x6B0B, 0x4A48, 0x31A6, 0x2144, 0x18E3, 0x10A2, 0x0000, 0x0000,
    0x0000, 0x0000, 0x0000, 0x10A2, 0x2103, 0x3185, 0x4A28, 0x6B0B, 0x83EE, 0xA4B1, 0xBD53, 0xD636,
    0xEED9, 0xEEB8, 0xB533, 0x3165, 0x0000, 0x0000, 0x0000, 0x5126, 0x9A4C, 0x89CA, 0x0000, 0xD75D,
    0xCEFC, 0xD71D, 0xD73D, 0xD71C, 0xCEFC, 0xD71D, 0xD71D, 0xCEFC, 0x8CF6, 0x0882, 0x63B0, 0xB63A,
    0xADF8, 0xADF9, 0xADF9, 0xA5B8, 0x84D5, 0x8D17, 0x2987, 0x0000, 0x0000, 0x0000, 0x0000, 0x0000,
    0x0000, 0x0000, 0x0000, 0x0000, 0x0000, 0x0000, 0x0000, 0x0000, 0x0000, 0x0000, 0x0000, 0x0000,
    0x0000, 0x0000, 0x0000, 0x0000, 0x0000, 0x0000, 0x0000, 0x0000, 0x0000, 0x0000, 0x0000, 0x0000,
    0x0000, 0x0000, 0x0000, 0x0000, 0x0000, 0x0000, 0x0000, 0x0000, 0x0000, 0x0000, 0x0000, 0x0000,
    0x0000, 0x0000, 0x7453, 0x84D6, 0x9557, 0xB619, 0xADF9, 0xADF9, 0xADF9, 0x9D98, 0x18E4, 0x4AED,
    0xC6BC, 0xD71C, 0xCEFC, 0xCEFC, 0xD71C, 0xCEFC, 0xCEFC, 0xCEFC, 0xCEFC, 0xD73D, 0x8B0E, 0x89CA,
    0x9A2C, 0x4105, 0x0000, 0x0000, 0x20E3, 0x18C3, 0x5ACA, 0xBDB4, 0x0000, 0x0000, 0x0000, 0xEEF9,
    0xE6B8, 0xE698, 0xDE57, 0xD636, 0xCDF6, 0xC5B5, 0xC574, 0xBD74, 0xBD54, 0xBD74, 0xC594, 0xCDD5,
    0xD5F6, 0xD637, 0xDE77, 0xE6B8, 0xEF19, 0x0000, 0x0000, 0xEF3A, 0xB553, 0x4A48, 0x18A2, 0x18C3,
    0x0000, 0x0000, 0x5126, 0x9A2C, 0x89AA, 0x9BB0, 0xD75D, 0xCEFC, 0xCF1C, 0xCF1C, 0xD71C, 0xD71C,
    0xCEFC, 0xCF1C, 0xD71D, 0xBE9C, 0x428B, 0x2145, 0xA5B9, 0xB619, 0xADF9, 0xADF9, 0xAE19, 0x9536,
    0x84F6, 0x6BF1, 0x0000, 0x0000, 0x0000, 0x0000, 0x0000, 0x0000, 0x0000, 0x0000, 0x0000, 0x0000,
    0x0000, 0x0000, 0x0000, 0x0000, 0x0000, 0x0000, 0x0000, 0x0000, 0x0000, 0x0000, 0x0000, 0x0000,
    0x0000, 0x0000, 0x0000, 0x0000, 0x0000, 0x0000, 0x0000, 0x0000, 0x0000, 0x0000, 0x0000, 0x0000,
    0x0000, 0x0000, 0x0000, 0x0000, 0x0000, 0x0000, 0x0000, 0x0000, 0x0000, 0x0000, 0x31E8, 0x8D17,
    0x84D5, 0xADF9, 0xADF9, 0xADF9, 0xADD9, 0xB63A, 0x6BD1, 0x0883, 0x9577, 0xD71C, 0xCEFC, 0xCF1C,
    0xCF1C, 0xCEFC, 0xCEFC, 0xCEFC, 0xCEFC, 0xD73D, 0xB639, 0x71A9, 0x920B, 0x9A2C, 0x5126, 0x0000,
    0x39A6, 0xA4B1, 0x62EA, 0x2944, 0x4A27, 0x8C0F, 0xCE36, 0x0000, 0x0000, 0x0000, 0x0000, 0x0000,
    0xF75A, 0xF75A, 0xF75A, 0xF75A, 0xF75A, 0xF75A, 0xF75A, 0x0000, 0x0000, 0x0000, 0x0000, 0x0000,
    0x0000, 0xCE16, 0x83CE, 0x41C6, 0x2924, 0x62EA, 0x9C70, 0x2944, 0x0000, 0x6167, 0x9A2C, 0x91EB,
    0x720A, 0xC6BB, 0xD73D, 0xCEFC, 0xCEFC, 0xCEFC, 0xCF1C, 0xCF1C, 0xCF1C, 0xCEFC, 0xD71D, 0x8D16,
    0x0882, 0x7432, 0xB61A, 0xADF9, 0xADF9, 0xADF9, 0xA5B8, 0x84B5, 0x8D17, 0x2966, 0x0000, 0x0000,
    0x0000, 0x0000, 0x0000, 0x0000, 0x0000, 0x0000, 0x0000, 0x0000, 0x0000, 0x0000, 0x0000, 0x0000,
    0x0000, 0x0000, 0x0000, 0x0000, 0x0000, 0x0000, 0x0000, 0x0000, 0x0000, 0x0000, 0x0000, 0x0000,
    0x0000, 0x0000, 0x0000, 0x0000, 0x0000, 0x0000, 0x0000, 0x0000, 0x0000, 0x0000, 0x0000, 0x0000,
    0x0000, 0x0000, 0x0000, 0x0000, 0x0000, 0x0000, 0x0000, 0x7412, 0x84F6, 0x9557, 0xAE19, 0xADF9,
    0xADF9, 0xADF9, 0xA5F9, 0x2987, 0x426B, 0xC6FD, 0xCEFC, 0xCEFC, 0xCEFC, 0xCEFC, 0xCEFC, 0xCEFC,
    0xCEFC, 0xCEFC, 0x0000, 0x8431, 0x6927, 0x9A2C, 0x9A2C, 0x6968, 0x0000, 0x1903, 0xAD12, 0xD616,
    0x9C91, 0x6B0B, 0x4A48, 0x5AAA, 0x840E, 0xB574, 0xDEB8, 0xF75A, 0x0000, 0x0000, 0x0000, 0x0000,
    0x0000, 0x0000, 0x0000, 0x0000, 0xEF3A, 0xDE97, 0xB573, 0x8C0F, 0x62CA, 0x5269, 0x6B2C, 0xA4D1,
    0xD616, 0x9C91, 0x10A2, 0x1021, 0x79C9, 0x9A2C, 0x920B, 0x5926, 0x94F4, 0x0000, 0xCEFC, 0xCEFC,
    0xCEFC, 0xCF1C, 0xCF1C, 0xCF1C, 0xD71D, 0xD71C, 0xC6FC, 0x3A09, 0x3209, 0xAE1A, 0xADF9, 0xADF9,
    0xADF9, 0xAE19, 0x9536, 0x84F6, 0x6390, 0x0000, 0x0000, 0x0000, 0x0000, 0x0000, 0x0000, 0x0000,
    0x0000, 0x0000, 0x0000, 0x0000, 0x0000, 0x0000, 0x0000, 0x0000, 0x0000, 0x0000, 0x0000, 0x0000,
    0x0000, 0x0000, 0x0000, 0x0000, 0x0000, 0x0000, 0x0000, 0x0000, 0x0000, 0x0000, 0x0000, 0x0000,
    0x0000, 0x0000, 0x0000, 0x0000, 0x0000, 0x0000, 0x0000, 0x0000, 0x0000, 0x0000, 0x0000, 0x0000,
    0x0000, 0x0000, 0x0000, 0x2987, 0x8D17, 0x84B5, 0xADD8, 0xADF9, 0xADF9, 0xADF9, 0xB63A, 0x84B4,
    0x10A3, 0x9536, 0xD73D, 0xCEFC, 0xCEFC, 0xCEFC, 0xCEFC, 0xCEFC, 0xCEFC, 0xCEFC, 0xCEFC, 0xCF3D,
    0x4A49, 0x7969, 0xA24C, 0xB28D, 0x922B, 0x3083, 0x0000, 0x4227, 0xBD53, 0xF71A, 0x0000, 0xDE98,
    0xC5D5, 0xB553, 0xBD74, 0xD657, 0xEF19, 0x0000, 0x0000, 0x0000, 0x0000, 0x0000, 0x0000, 0xEF19,
    0xD636, 0xB574, 0xB553, 0xC5F5, 0xDEB8, 0x0000, 0xF71A, 0xAD12, 0x39C6, 0x0000, 0x48E5, 0xA24C,
    0xB26D, 0xA24C, 0x6927, 0x5AEC, 0xD77E, 0xCEFC, 0xCEFC, 0xCEFC, 0xCEFC, 0xCF1C, 0xCF1D, 0xCEFC,
    0xCEFC, 0xD75E, 0x84B4, 0x10A3, 0x8D16, 0xB639, 0xADF9, 0xADF9, 0xADF9, 0xA5B8, 0x84B5, 0x8CF6,
    0x1904, 0x0000, 0x0000, 0x0000, 0x0000, 0x0000, 0x0000, 0x0000, 0x0000, 0x0000, 0x0000, 0x0000,
    0x0000, 0x0000, 0x0000, 0x0000, 0x0000, 0x0000, 0x0000, 0x0000, 0x0000, 0x0000, 0x0000, 0x0000,
    0x0000, 0x0000, 0x0000, 0x0000, 0x0000, 0x0000, 0x0000, 0x0000, 0x0000, 0x0000, 0x0000, 0x0000,
    0x0000, 0x0000, 0x0000, 0x0000, 0x0000, 0x0000, 0x0000, 0x0000, 0x0000, 0x0000, 0x0000, 0x0000,
    0x638F, 0x84F6, 0x9536, 0xAE19, 0xADF9, 0xADF9, 0xADF9, 0xB63A, 0x4AED, 0x31C8, 0xCEFD, 0xCEFC,
    0xCEFC, 0xCEFC, 0xCEFC, 0xCEFC, 0xCEFC, 0xCF1C, 0xCEDC, 0xD73D, 0xB639, 0x30E4, 0x91EB, 0xAA6C,
    0xC2AD, 0xC2CD, 0x81C9, 0x1021, 0x0000, 0x39C6, 0x9C70, 0xE698, 0x0000, 0x0000, 0x0000, 0x0000,
    0x0000, 0x0000, 0x0000, 0x0000, 0x0000, 0x0000, 0x0000, 0x0000, 0x0000, 0x0000, 0x0000, 0x0000,
    0xDE98, 0x9450, 0x31A6, 0x0000, 0x2042, 0x920A, 0xC2CE, 0xBAAD, 0xAA4C, 0x7989, 0x3125, 0xBEBB,
    0xD73D, 0xCEFC, 0xCEFC, 0xCEFC, 0xCEFC, 0xCF1C, 0xCF1D, 0xCF1D, 0xD71C, 0xC6DC, 0x2146, 0x5B4E,
    0xB65A, 0xADF9, 0xADF9, 0xADF9, 0xADF9, 0x8D16, 0x8D17, 0x530D, 0x0000, 0x0000, 0x0000, 0x0000,
    0x0000, 0x0000, 0x0000, 0x0000, 0x0000, 0x0000, 0x0000, 0x0000, 0x0000, 0x0000, 0x0000, 0x0000,
    0x0000, 0x0000, 0x0000, 0x0000, 0x0000, 0x0000, 0x0000, 0x0000, 0x0000, 0x0000, 0x0000, 0x0000,
    0x0000, 0x0000, 0x0000, 0x0000, 0x0000, 0x0000, 0x0000, 0x0000, 0x0000, 0x0000, 0x0000, 0x0000,
    0x0000, 0x0000, 0x0000, 0x0000, 0x0000, 0x0000, 0x0000, 0x0000, 0x18C3, 0x84D5, 0x84D5, 0xA5B8,
    0xADF9, 0xADF9, 0xADF9, 0xB619, 0xA5D9, 0x2166, 0x7C52, 0xD75E, 0xC6DB, 0xCEFC, 0xCF1C, 0xCEFC,
    0xCEDC, 0xCEFC, 0xCEFC, 0xC6DB, 0x0000, 0x7C51, 0x3063, 0xA22C, 0xAA6C, 0xBA8D, 0xC2AE, 0xBAAD,
    0x79A8, 0x2041, 0x0000, 0x10A2, 0x5289, 0x9450, 0xC5B5, 0xE6B8, 0xF73A, 0x0000, 0x0000, 0x0000,
    0x0000, 0x0000, 0x0000, 0xF73A, 0xDE98, 0xC5B5, 0x8C2F, 0x4A48, 0x10A2, 0x0000, 0x2862, 0x81E9,
    0xC2CD, 0xC2AD, 0xBA8D, 0xAA6C, 0x920B, 0x2062, 0x9514, 0xD75E, 0xC6DB, 0xCEFC, 0xCEFC, 0xCEFC,
    0xCEFC, 0xCF1C, 0xD71D, 0xCEFC, 0x0000, 0x638F, 0x29A7, 0xAE19, 0xAE19, 0xADF9, 0xADF9, 0xAE19,
    0x9D98, 0x84D6, 0x7C94, 0x0882, 0x0000, 0x0000, 0x0000, 0x0000, 0x0000, 0x0000, 0x0000, 0x0000,
    0x0000, 0x0000, 0x0000, 0x0000, 0x0000, 0x0000, 0x0000, 0x0000, 0x0000, 0x0000, 0x0000, 0x0000,
    0x0000, 0x0000, 0x0000, 0x0000, 0x0000, 0x0000, 0x0000, 0x0000, 0x0000, 0x0000, 0x0000, 0x0000,
    0x0000, 0x0000, 0x0000, 0x0000, 0x0000, 0x0000, 0x0000, 0x0000, 0x0000, 0x0000, 0x0000, 0x0000,
    0x0000, 0x0000, 0x0000, 0x0000, 0x0000, 0x428B, 0x8D17, 0x8CF6, 0xADF9, 0xADF9, 0xADF9, 0xADF9,
    0xB63A, 0x8CD5, 0x2166, 0xBE7A, 0xCF1C, 0xCEFC, 0xCEFC, 0xCEFC, 0xCEFC, 0xCF1C, 0xCEFC, 0xCEFC,
    0xCEFC, 0x0000, 0x428A, 0x48A5, 0xA24D, 0xB26C, 0xBA8D, 0xBA8D, 0xC2AE, 0xBAAD, 0x920A, 0x5105,
    0x1821, 0x0000, 0x0000, 0x18E3, 0x39C6, 0x4A68, 0x5ACA, 0x630B, 0x630B, 0x5ACA, 0x4A48, 0x3185,
    0x10C2, 0x0000, 0x0000, 0x1821, 0x5905, 0x99EA, 0xC2AD, 0xC2CE, 0xBA8D, 0xBA8D, 0xAA6C, 0xA24C,
    0x3063, 0x5B2D, 0x0000, 0xCEFC, 0xCEFC, 0xCEFC, 0xD71D, 0xCF1C, 0xCF1C, 0xCF1C, 0xCEFC, 0xD75D,
    0xAE19, 0x1925, 0x9516, 0xB639, 0xADF9, 0xAE19, 0xADF9, 0xADF9, 0x8CF6, 0x8D37, 0x31E9, 0x0000,
    0x0000, 0x0000, 0x0000, 0x0000, 0x0000, 0x0000, 0x0000, 0x0000, 0x0000, 0x0000, 0x0000, 0x0000,
    0x0000, 0x0000, 0x0000, 0x0000, 0x0000, 0x0000, 0x0000, 0x0000, 0x0000, 0x0000, 0x0000, 0x0000,
    0x0000, 0x0000, 0x0000, 0x0000, 0x0000, 0x0000, 0x0000, 0x0000, 0x0000, 0x0000, 0x0000, 0x0000,
    0x0000, 0x0000, 0x0000, 0x0000, 0x0000, 0x0000, 0x0000, 0x0000, 0x0000, 0x0000, 0x0000, 0x0000,
    0x0000, 0x0000, 0x7412, 0x84F6, 0x9D77, 0xADF9, 0xADF9, 0xADF9, 0xADF9, 0xBE7B, 0x5B6F, 0x52EC,
    0xD75E, 0xC6DC, 0xCEFC, 0xCEFC, 0xCEFC, 0xCEFC, 0xC6DC, 0xCEFC, 0xCEFC, 0xD71D, 0xCEDC, 0x18E3,
    0x6107, 0xA24D, 0xB26C, 0xBA8D, 0xB28C, 0xBA8D, 0xC2AD, 0xC2CE, 0xBAAD, 0xA24B, 0x79A8, 0x50E5,
    0x3083, 0x2041, 0x1801, 0x1000, 0x1000, 0x1801, 0x2042, 0x38A3, 0x50E5, 0x7987, 0xA22B, 0xC2AD,
    0xD370, 0xD3F2, 0xBAAD, 0xB26C, 0xBAAD, 0xAA4C, 0xA24C, 0x48C5, 0x2986, 0xD73D, 0xCEFC, 0xCF1C,
    0xCF1C, 0xCF1C, 0xCEFC, 0xCF1C, 0xCF1C, 0xD71D, 0xCF1C, 0xD75E, 0x424A, 0x63B0, 0xBE7A, 0xADF8,
    0xAE19, 0xADF9, 0xB619, 0x9557, 0x84F6, 0x63B0, 0x0000, 0x0000, 0x0000, 0x0000, 0x0000, 0x0000,
    0x0000, 0x0000, 0x0000, 0x0000, 0x0000, 0x0000, 0x0000, 0x0000, 0x0000, 0x0000, 0x0000, 0x0000,
    0x0000, 0x0000, 0x0000, 0x0000, 0x0000, 0x0000, 0x0000, 0x0000, 0x0000, 0x0000, 0x0000, 0x0000,
    0x0000, 0x0000, 0x0000, 0x0000, 0x0000, 0x0000, 0x0000, 0x0000, 0x0000, 0x0000, 0x0000, 0x0000,
    0x0000, 0x0000, 0x0000, 0x0000, 0x0000, 0x0000, 0x0000, 0x0000, 0x0000, 0x0000, 0x2125, 0x84F6,
    0x84D5, 0xADD8, 0xADF9, 0xADF9, 0xADF9, 0xADF9, 0xB65A, 0x426A, 0x8CF4, 0xD75E, 0xC6BB, 0xCEFC,
    0xCF1C, 0xCEFC, 0xCEFC, 0xCEFC, 0xCF1C, 0xCF1C, 0x0000, 0xA5D7, 0x0000, 0x6968, 0xA22C, 0xAA6C,
    0xBAAD, 0xBA8D, 0xBA8D, 0xBA8D, 0xC2CE, 0xCAEE, 0xD30F, 0xD30F, 0xCB0E, 0xCAEE, 0xC2CE, 0xC2CE,
    0xC2EE, 0xCAEE, 0xCB0F, 0xD32F, 0xDBD1, 0xE494, 0xDC73, 0xCB0F, 0xE4B4, 0xF659, 0xC30E, 0xBA8C,
    0xAA4C, 0xA22C, 0x5926, 0x0882, 0xBE7A, 0xD73D, 0xCEFC, 0xCEFC, 0xCF1C, 0xD71D, 0xCF1C, 0xD71D,
    0xCF1C, 0xCEFC, 0x0000, 0x8472, 0x42AC, 0xB65B, 0xADF9, 0xAE19, 0xADF9, 0xAE19, 0xA5D8, 0x84D6,
    0x84B5, 0x10A3, 0x0000, 0x0000, 0x0000, 0x0000, 0x0000, 0x0000, 0x0000, 0x0000, 0x0000, 0x0000,
    0x0000, 0x0000, 0x0000, 0x0000, 0x0000, 0x0000, 0x0000, 0x0000, 0x0000, 0x0000, 0x0000, 0x0000,
    0x0000, 0x0000, 0x0000, 0x0000, 0x0000, 0x0000, 0x0000, 0x0000, 0x0000, 0x0000, 0x0000, 0x0000,
    0x0000, 0x0000, 0x0000, 0x0000, 0x0000, 0x0000, 0x0000, 0x0000, 0x0000, 0x0000, 0x0000, 0x0000,
    0x0000, 0x0000, 0x0000, 0x0000, 0x0000, 0x0000, 0x0000, 0x428B, 0x8D37, 0x8D16, 0xAE19, 0xADF9,
    0xADF9, 0xADF9, 0xB619, 0xA5B8, 0x426A, 0xC69A, 0xD73D, 0xCEFC, 0xD71D, 0xD71D, 0xCF1C, 0xD71D,
    0xD71D, 0xD71D, 0xCEFC, 0x0000, 0x94F4, 0x0000, 0x6968, 0xA22D, 0xA24C, 0xBA8D, 0xBAAD, 0xBAAD,
    0xC2CE, 0xCB0F, 0xCB4F, 0xD390, 0xD390, 0xD390, 0xD390, 0xDB90, 0xDB91, 0xDBB1, 0xD370, 0x0000,
    0xF6BB, 0xFEBB, 0xFEBB, 0xD3B1, 0xC2EE, 0xCB6F, 0xB28C, 0xA22C, 0xA22C, 0x5926, 0x0000, 0xA5B7,
    0x0000, 0xCEFC, 0xCF1C, 0xCEFC, 0xCF1C, 0xD71D, 0xCF1C, 0xCF1D, 0xCEFC, 0xD75E, 0xBE5A, 0x4AAC,
    0xADF9, 0xB619, 0xADF9, 0xADF9, 0xADF9, 0xAE19, 0x8CF6, 0x8D17, 0x3A09, 0x0000, 0x0000, 0x0000,
    0x0000, 0x0000, 0x0000, 0x0000, 0x0000, 0x0000, 0x0000, 0x0000, 0x0000, 0x0000, 0x0000, 0x0000,
    0x0000, 0x0000, 0x0000, 0x0000, 0x0000, 0x0000, 0x0000, 0x0000, 0x0000, 0x0000, 0x0000, 0x0000,
    0x0000, 0x0000, 0x0000, 0x0000, 0x0000, 0x0000, 0x0000, 0x0000, 0x0000, 0x0000, 0x0000, 0x0000,
    0x0000, 0x0000, 0x0000, 0x0000, 0x0000, 0x0000, 0x0000, 0x0000, 0x0000, 0x0000, 0x0000, 0x0000,
    0x0000, 0x0000, 0x0000, 0x0000, 0x6BD1, 0x84F6, 0x9D77, 0xB619, 0xADF9, 0xADF9, 0xADF9, 0xB65A,
    0x8CF5, 0x6BAF, 0xD75D, 0xCEFC, 0xCF1C, 0xCF1C, 0xCF1C, 0xCF1D, 0xCF1D, 0xCF1D, 0xCF1D, 0xCEFC,
    0x0000, 0x8492, 0x0000, 0x5126, 0x9A2C, 0xA22C, 0xAA4C, 0xB28D, 0xBAAD, 0xBAAD, 0xC2CE, 0xCB0E,
    0xCB2F, 0xCB4F, 0xD34F, 0xD350, 0xD370, 0xD370, 0xD32F, 0xDC32, 0x0000, 0x0000, 0xCBD1, 0xBAAD,
    0xB26C, 0xA22C, 0xA22C, 0x920C, 0x40C4, 0x0000, 0x9D55, 0x0000, 0xCEFC, 0xCF1C, 0xCEFC, 0xCEFC,
    0xCEFC, 0xCEFC, 0xCEFC, 0xCF1C, 0xCF1C, 0xD73D, 0x638F, 0x9556, 0xB65A, 0xADF9, 0xAE19, 0xADF9,
    0xB619, 0x9557, 0x8D17, 0x5B4F, 0x0000, 0x0000, 0x0000, 0x0000, 0x0000, 0x0000, 0x0000, 0x0000,
    0x0000, 0x0000, 0x0000, 0x0000, 0x0000, 0x0000, 0x0000, 0x0000, 0x0000, 0x0000, 0x0000, 0x0000,
    0x0000, 0x0000, 0x0000, 0x0000, 0x0000, 0x0000, 0x0000, 0x0000, 0x0000, 0x0000, 0x0000, 0x0000,
    0x0000, 0x0000, 0x0000, 0x0000, 0x0000, 0x0000, 0x0000, 0x0000, 0x0000, 0x0000, 0x0000, 0x0000,
    0x0000, 0x0000, 0x0000, 0x0000, 0x0000, 0x0000, 0x0000, 0x0000, 0x0000, 0x0000, 0x0000, 0x0000,
    0x10A3, 0x7C94, 0x84D6, 0xA5D8, 0xB619, 0xAE19, 0xAE19, 0xADF9, 0xBE5B, 0x84B3, 0x9515, 0xD75E,
    0xCEFC, 0xCEFC, 0xCEFC, 0xCF1C, 0xCF1C, 0xCF1C, 0xCF1D, 0xCF1C, 0xCEFC, 0x0000, 0x7C73, 0x0000,
    0x2042, 0x7188, 0x9A2C, 0xA22C, 0xAA4C, 0xAA4C, 0xB26C, 0xB28D, 0xBA8D, 0xBAAD, 0xBAAD, 0xBAAD,
    0xBAAD, 0xBAAD, 0xBAAD, 0xB26C, 0xB24C, 0xAA2B, 0xAA2B, 0xAA4C, 0xA24D, 0x920C, 0x6167, 0x1021,
    0x08A3, 0x9516, 0x0000, 0xCEFC, 0xCF1C, 0xCF1C, 0xCF1C, 0xCEFC, 0xCEFC, 0xCEFC, 0xCEFC, 0xCF1C,
    0x0000, 0x94F4, 0x8CF5, 0xBE5A, 0xADF9, 0xADF9, 0xAE19, 0xB619, 0xA5B8, 0x84F6, 0x7433, 0x0000,
    0x0000, 0x0000, 0x0000, 0x0000, 0x0000, 0x0000, 0x0000, 0x0000, 0x0000, 0x0000, 0x0000, 0x0000,
    0x0000, 0x0000, 0x0000, 0x0000, 0x0000, 0x0000, 0x0000, 0x0000, 0x0000, 0x0000, 0x0000, 0x0000,
    0x0000, 0x0000, 0x0000, 0x0000, 0x0000, 0x0000, 0x0000, 0x0000, 0x0000, 0x0000, 0x0000, 0x0000,
    0x0000, 0x0000, 0x0000, 0x0000, 0x0000, 0x0000, 0x0000, 0x0000, 0x0000, 0x0000, 0x0000, 0x0000,
    0x0000, 0x0000, 0x0000, 0x0000, 0x0000, 0x0000, 0x0000, 0x0000, 0x0000, 0x2166, 0x84D6, 0x8CF6,
    0xADF9, 0xB619, 0xB619, 0xB619, 0xAE19, 0xB65A, 0x8CD4, 0xB659, 0xCF1D, 0xCEFC, 0xCEFC, 0xCEFC,
    0xCF1C, 0xCEFC, 0xCF1C, 0xD71D, 0xCF1C, 0xCEFC, 0xD73D, 0x84D5, 0x31E9, 0x0000, 0x1821, 0x50E5,
    0x7989, 0x91EB, 0x9A2C, 0xA22C, 0xAA4D, 0xAA6D, 0xAA6C, 0xAA6C, 0xAA4C, 0xAA4C, 0xAA4C, 0xA24C,
    0xA22C, 0x9A2C, 0x89EB, 0x7188, 0x40C5, 0x1000, 0x0000, 0x3A4A, 0x9557, 0xD73D, 0xCEFC, 0xCF1C,
    0xCF1C, 0xCF1C, 0xCF1D, 0xCF1C, 0xCEFC, 0xCF1C, 0xCEFC, 0xD73D, 0xB659, 0x9535, 0xB63A, 0xADF9,
    0xAE19, 0xAE19, 0xAE19, 0xADF9, 0x8CF6, 0x84B5, 0x18E4, 0x0000, 0x0000, 0x0000, 0x0000, 0x0000,
    0x0000, 0x0000, 0x0000, 0x0000, 0x0000, 0x0000, 0x0000, 0x0000, 0x0000, 0x0000, 0x0000, 0x0000,
    0x0000, 0x0000, 0x0000, 0x0000, 0x0000, 0x0000, 0x0000, 0x0000, 0x0000, 0x0000, 0x0000, 0x0000,
    0x0000, 0x0000, 0x0000, 0x0000, 0x0000, 0x0000, 0x0000, 0x0000, 0x0000, 0x0000, 0x0000, 0x0000,
    0x0000, 0x0000, 0x0000, 0x0000, 0x0000, 0x0000, 0x0000, 0x0000, 0x0000, 0x0000, 0x0000, 0x0000,
    0x0000, 0x0000, 0x0000, 0x0000, 0x0000, 0x0000, 0x3A2A, 0x8CF7, 0x9516, 0xB619, 0xADF9, 0xB619,
    0xB619, 0xB619, 0xB639, 0xADD8, 0xCEFC, 0xCEFC, 0xCEFC, 0xCEFC, 0xCEFC, 0xCF1C, 0xCEFC, 0xCF1C,
    0xCF1C, 0xCF1C, 0xD71D, 0xC6DC, 0x9537, 0x7433, 0x3A6A, 0x10C3, 0x0000, 0x0000, 0x2021, 0x3063,
    0x40C4, 0x48E5, 0x5106, 0x5926, 0x5926, 0x5106, 0x48E5, 0x38A4, 0x2862, 0x1821, 0x0000, 0x0000,
    0x1104, 0x42AC, 0x7433, 0x9578, 0xCEFC, 0xD71C, 0xCF1C, 0xCF1C, 0xCF1C, 0xCEFC, 0xCF1C, 0xCF1C,
    0xCEFC, 0xCEFC, 0xD71D, 0xCEFC, 0xADD8, 0xB639, 0xADF9, 0xAE19, 0xAE19, 0xADF9, 0xAE19, 0x8D36,
    0x84F6, 0x29A7, 0x0000, 0x0000, 0x0000, 0x0000, 0x0000, 0x0000, 0x0000, 0x0000, 0x0000, 0x0000,
    0x0000, 0x0000, 0x0000, 0x0000, 0x0000, 0x0000, 0x0000, 0x0000, 0x0000, 0x0000, 0x0000, 0x0000,
    0x0000, 0x0000, 0x0000, 0x0000, 0x0000, 0x0000, 0x0000, 0x0000, 0x0000, 0x0000, 0x0000, 0x0000,
    0x0000, 0x0000, 0x0000, 0x0000, 0x0000, 0x0000, 0x0000, 0x0000, 0x0000, 0x0000, 0x0000, 0x0000,
    0x0000, 0x0000, 0x0000, 0x0000, 0x0000, 0x0000, 0x0000, 0x0000, 0x0000, 0x0000, 0x0000, 0x0000,
    0x0000, 0x0000, 0x0000, 0x4ACD, 0x8D17, 0x9557, 0xB619, 0xADF9, 0xAE19, 0xB619, 0xB639, 0xB619,
    0xBE7A, 0xCEFC, 0xCEFC, 0xCEFC, 0xCF1C, 0xCF1C, 0xCEFC, 0xCF1C, 0xCF1C, 0xCF1D, 0xCF1C, 0xD73D,
    0xC6BB, 0x8D17, 0x84F7, 0x84D6, 0x7433, 0x532E, 0x3A4A, 0x2187, 0x1904, 0x10C3, 0x10C3, 0x08A3,
    0x10A3, 0x10C3, 0x1104, 0x1945, 0x29A7, 0x3A4A, 0x5B4F, 0x7453, 0x8CF6, 0x84F6, 0x9557, 0xCEDC,
    0xD71C, 0xCEFC, 0xD71C, 0xCF1C, 0xCF1C, 0xCF1C, 0xCEFC, 0xCF1C, 0xCEFC, 0xCEDC, 0xCF1C, 0xBE7A,
    0xB619, 0xAE19, 0xADF9, 0xADF9, 0xADF9, 0xB619, 0x9557, 0x8D17, 0x3A4A, 0x0000, 0x0000, 0x0000,
    0x0000, 0x0000, 0x0000, 0x0000, 0x0000, 0x0000, 0x0000, 0x0000, 0x0000, 0x0000, 0x0000, 0x0000,
    0x0000, 0x0000, 0x0000, 0x0000, 0x0000, 0x0000, 0x0000, 0x0000, 0x0000, 0x0000, 0x0000, 0x0000,
    0x0000, 0x0000, 0x0000, 0x0000, 0x0000, 0x0000, 0x0000, 0x0000, 0x0000, 0x0000, 0x0000, 0x0000,
    0x0000, 0x0000, 0x0000, 0x0000, 0x0000, 0x0000, 0x0000, 0x0000, 0x0000, 0x0000, 0x0000, 0x0000,
    0x0000, 0x0000, 0x0000, 0x0000, 0x0000, 0x0000, 0x0000, 0x0000, 0x0000, 0x0000, 0x0000, 0x0000,
    0x5B4F, 0x8D17, 0xA598, 0xB619, 0xADF9, 0xB619, 0xB639, 0xAE19, 0xAE19, 0xC6BB, 0xCEFC, 0xCEFC,
    0xCEFC, 0xCEFC, 0xD71D, 0xD71C, 0xD71C, 0xCF1C, 0xCF1D, 0xCEFC, 0xD73D, 0xCEDC, 0x9557, 0x7C95,
    0x84D6, 0x8D38, 0x9D99, 0x9558, 0x84D5, 0x7453, 0x6BF1, 0x63B0, 0x63B0, 0x7412, 0x7C74, 0x8CF6,
    0x9558, 0x9558, 0x8D17, 0x7CB5, 0x7C95, 0x9D98, 0xCEFC, 0xD71D, 0xCEFC, 0xCF1C, 0xCF1C, 0xCF1D,
    0xCF1C, 0xCF1D, 0xCEFC, 0xCEFC, 0xCF1C, 0xCEFC, 0xC69B, 0xB619, 0xB619, 0xAE19, 0xAE19, 0xADF9,
    0xB619, 0x9D98, 0x8D37, 0x4AAC, 0x0000, 0x0000, 0x0000, 0x0000, 0x0000, 0x0000, 0x0000, 0x0000,
    0x0000, 0x0000, 0x0000, 0x0000, 0x0000, 0x0000, 0x0000, 0x0000, 0x0000, 0x0000, 0x0000, 0x0000,
    0x0000, 0x0000, 0x0000, 0x0000, 0x0000, 0x0000, 0x0000, 0x0000, 0x0000, 0x0000, 0x0000, 0x0000,
    0x0000, 0x0000, 0x0000, 0x0000, 0x0000, 0x0000, 0x0000, 0x0000, 0x0000, 0x0000, 0x0000, 0x0000,
    0x0000, 0x0000, 0x0000, 0x0000, 0x0000, 0x0000, 0x0000, 0x0000, 0x0000, 0x0000, 0x0000, 0x0000,
    0x0000, 0x0000, 0x0000, 0x0000, 0x0000, 0x0000, 0x0000, 0x0000, 0x0000, 0x6390, 0x8D17, 0xA5B8,
    0xB63A, 0xAE19, 0xAE19, 0xB619, 0xB619, 0xB639, 0xCEDC, 0xCF1C, 0xCEFC, 0xCF1C, 0xD71D, 0xCEFC,
    0xCF1C, 0xCF1C, 0xCF1C, 0xCF1C, 0xCF1C, 0xD71D, 0xD71D, 0xB65A, 0x9557, 0x7433, 0x3A2A, 0x2125,
    0x0882, 0x0000, 0x0000, 0x0000, 0x0000, 0x0000, 0x0000, 0x10A2, 0x2145, 0x424A, 0x7C74, 0x9557,
    0xBE7A, 0xD73D, 0xCEFC, 0xCEFC, 0xCF1C, 0xCF1C, 0xCF1C, 0xCF1C, 0xCF1C, 0xCEFC, 0xCEFC, 0xCEFC,
    0xCEFC, 0xC6BB, 0xB619, 0xB619, 0xAE19, 0xB619, 0xADF9, 0xAE19, 0xA598, 0x8D37, 0x530E, 0x0000,
    0x0000, 0x0000, 0x0000, 0x0000, 0x0000, 0x0000, 0x0000, 0x0000, 0x0000, 0x0000, 0x0000, 0x0000,
    0x0000, 0x0000, 0x0000, 0x0000, 0x0000, 0x0000, 0x0000, 0x0000, 0x0000, 0x0000, 0x0000, 0x0000,
    0x0000, 0x0000, 0x0000, 0x0000, 0x0000, 0x0000, 0x0000, 0x0000, 0x0000, 0x0000, 0x0000, 0x0000,
    0x0000, 0x0000, 0x0000, 0x0000, 0x0000, 0x0000, 0x0000, 0x0000, 0x0000, 0x0000, 0x0000, 0x0000,
    0x0000, 0x0000, 0x0000, 0x0000, 0x0000, 0x0000, 0x0000, 0x0000, 0x0000, 0x0000, 0x0000, 0x0000,
    0x0000, 0x0000, 0x0000, 0x0000, 0x0000, 0x0000, 0x63D1, 0x8D37, 0xADD8, 0xB619, 0xB619, 0xB619,
    0xB619, 0xB639, 0xBE5A, 0xCEFC, 0xCF1D, 0xCF1D, 0xCF1C, 0xCF1C, 0xCF1C, 0xCF1C, 0xCF1C, 0xCEFC,
    0xCEFC, 0xD71D, 0xD73D, 0xD73D, 0xC6BC, 0x7433, 0x0000, 0x0000, 0x0000, 0x0000, 0x0000, 0x0000,
    0x0000, 0x0000, 0x0000, 0x0000, 0x0000, 0x0000, 0x7C94, 0xC6BC, 0xD75D, 0xD73D, 0xCEFC, 0xCEFC,
    0xCF1C, 0xD71D, 0xD71D, 0xD71D, 0xCF1C, 0xCEFC, 0xD71D, 0xD73D, 0xCEFC, 0xB63A, 0xB639, 0xB639,
    0xAE19, 0xAE19, 0xB619, 0xA5B8, 0x8D37, 0x5B4F, 0x0000, 0x0000, 0x0000, 0x0000, 0x0000, 0x0000,
    0x0000, 0x0000, 0x0000, 0x0000, 0x0000, 0x0000, 0x0000, 0x0000, 0x0000, 0x0000, 0x0000, 0x0000,
    0x0000, 0x0000, 0x0000, 0x0000, 0x0000, 0x0000, 0x0000, 0x0000, 0x0000, 0x0000, 0x0000, 0x0000,
    0x0000, 0x0000, 0x0000, 0x0000, 0x0000, 0x0000, 0x0000, 0x0000, 0x0000, 0x0000, 0x0000, 0x0000,
    0x0000, 0x0000, 0x0000, 0x0000, 0x0000, 0x0000, 0x0000, 0x0000, 0x0000, 0x0000, 0x0000, 0x0000,
    0x0000, 0x0000, 0x0000, 0x0000, 0x0000, 0x0000, 0x0000, 0x0000, 0x0000, 0x0000, 0x0000, 0x0000,
    0x0000, 0x0000, 0x0000, 0x6BF2, 0x9557, 0xADF9, 0xB619, 0xAE19, 0xB619, 0xB63A, 0xB639, 0xB63A,
    0xCEFC, 0xD71D, 0xCEFC, 0xCF1C, 0xCEFC, 0xCF1C, 0xCF1C, 0xCEFC, 0xCF1C, 0xC6DC, 0xA5D8, 0x7453,
    0x5B4F, 0x428C, 0x0000, 0x0000, 0x0000, 0x0000, 0x0000, 0x0000, 0x0000, 0x0000, 0x0000, 0x0000,
    0x0000, 0x0000, 0x42AC, 0x534F, 0x7C74, 0xADF9, 0xCEFC, 0xCF1C, 0xD71D, 0xD71D, 0xD71D, 0xCEFC,
    0xCEFC, 0xCEFC, 0xCF1D, 0xCEDC, 0xB65A, 0xB63A, 0xB619, 0xB619, 0xAE19, 0xB619, 0xA5D8, 0x9558,
    0x5B6F, 0x0000, 0x0000, 0x0000, 0x0000, 0x0000, 0x0000, 0x0000, 0x0000, 0x0000, 0x0000, 0x0000,
    0x0000, 0x0000, 0x0000, 0x0000, 0x0000, 0x0000, 0x0000, 0x0000, 0x0000, 0x0000, 0x0000, 0x0000,
    0x0000, 0x0000, 0x0000, 0x0000, 0x0000, 0x0000, 0x0000, 0x0000, 0x0000, 0x0000, 0x0000, 0x0000,
    0x0000, 0x0000, 0x0000, 0x0000, 0x0000, 0x0000, 0x0000, 0x0000, 0x0000, 0x0000, 0x0000, 0x0000,
    0x0000, 0x0000, 0x0000, 0x0000, 0x0000, 0x0000, 0x0000, 0x0000, 0x0000, 0x0000, 0x0000, 0x0000,
    0x0000, 0x0000, 0x0000, 0x0000, 0x0000, 0x0000, 0x0000, 0x0000, 0x0000, 0x0000, 0x0000, 0x0000,
    0x6BF2, 0x9557, 0xADF9, 0xB619, 0xADF9, 0xB619, 0xB639, 0xB639, 0xB619, 0xC6BB, 0xCF1C, 0xCF1D,
    0xD71D, 0xD71D, 0xCEFC, 0xD71C, 0xC6BB, 0x9D77, 0x8493, 0x8CB3, 0x94F3, 0xB5F7, 0x52CB, 0x0000,
    0x0000, 0x0000, 0x0000, 0x0000, 0x0000, 0x0000, 0x0000, 0x0000, 0x0000, 0x6B6D, 0xB5F7, 0x8CB3,
    0x8452, 0x7C72, 0x9D97, 0xC6BB, 0xD71D, 0xD71D, 0xD71D, 0xD71D, 0xD71D, 0xCF1C, 0xBE9B, 0xB639,
    0xB65A, 0xB63A, 0xB619, 0xAE19, 0xB619, 0xADD8, 0x9557, 0x638F, 0x0000, 0x0000, 0x0000, 0x0000,
    0x0000, 0x0000, 0x0000, 0x0000, 0x0000, 0x0000, 0x0000, 0x0000, 0x0000, 0x0000, 0x0000, 0x0000,
    0x0000, 0x0000, 0x0000, 0x0000, 0x0000, 0x0000, 0x0000, 0x0000, 0x0000, 0x0000, 0x0000, 0x0000,
    0x0000, 0x0000, 0x0000, 0x0000, 0x0000, 0x0000, 0x0000, 0x0000, 0x0000, 0x0000, 0x0000, 0x0000,
    0x0000, 0x0000, 0x0000, 0x0000, 0x0000, 0x0000, 0x0000, 0x0000, 0x0000, 0x0000, 0x0000, 0x0000,
    0x0000, 0x0000, 0x0000, 0x0000, 0x0000, 0x0000, 0x0000, 0x0000, 0x0000, 0x0000, 0x0000, 0x0000,
    0x0000, 0x0000, 0x0000, 0x0000, 0x0000, 0x0000, 0x0000, 0x0000, 0x0000, 0x6BF2, 0x9578, 0xADD8,
    0xADF9, 0xB619, 0xB639, 0xB619, 0xAE19, 0xB619, 0xB65A, 0xC69B, 0xC6BB, 0xCEFC, 0xCF1C, 0xCF1C,
    0xCEFC, 0xD71C, 0x0000, 0x0000, 0x0000, 0x0000, 0xAD96, 0x0000, 0x0000, 0x0000, 0x0000, 0x0000,
    0x0000, 0x0000, 0x0000, 0x0000, 0x0000, 0xC659, 0x0000, 0x0000, 0x0000, 0xD73D, 0xCF1C, 0xCEFC,
    0xCEFC, 0xCEFC, 0xC6DC, 0xC6BB, 0xC6BB, 0xBE5A, 0xB63A, 0xB619, 0xB63A, 0xB63A, 0xB63A, 0xB63A,
    0xADF9, 0x9558, 0x5B6F, 0x0000, 0x0000, 0x0000, 0x0000, 0x0000, 0x0000, 0x0000, 0x0000, 0x0000,
    0x0000, 0x0000, 0x0000, 0x0000, 0x0000, 0x0000, 0x0000, 0x0000, 0x0000, 0x0000, 0x0000, 0x0000,
    0x0000, 0x0000, 0x0000, 0x0000, 0x0000, 0x0000, 0x0000, 0x0000, 0x0000, 0x0000, 0x0000, 0x0000,
    0x0000, 0x0000, 0x0000, 0x0000, 0x0000, 0x0000, 0x0000, 0x0000, 0x0000, 0x0000, 0x0000, 0x0000,
    0x0000, 0x0000, 0x0000, 0x0000, 0x0000, 0x0000, 0x0000, 0x0000, 0x0000, 0x0000, 0x0000, 0x0000,
    0x0000, 0x0000, 0x0000, 0x0000, 0x0000, 0x0000, 0x0000, 0x0000, 0x0000, 0x0000, 0x0000, 0x0000,
    0x0000, 0x0000, 0x0000, 0x0000, 0x0000, 0x0000, 0x6BF2, 0x9558, 0xADD8, 0xAE19, 0xB619, 0xAE19,
    0xB619, 0xB619, 0xB63A, 0xB639, 0xBE5A, 0xCEFC, 0xCEFC, 0xCF1C, 0xD73D, 0xD73D, 0x0000, 0x0000,
    0x0000, 0x0000, 0x0000, 0x18C3, 0x0000, 0x0000, 0x0000, 0x0000, 0x0000, 0x0000, 0x0000, 0x0000,
    0x2945, 0x0000, 0x0000, 0x0000, 0x0000, 0xD71C, 0xD71C, 0xD73D, 0xCEFC, 0xCEFC, 0xCEDC, 0xB63A,
    0xB619, 0xB639, 0xB639, 0xAE19, 0xB63A, 0xB63A, 0xB619, 0xA5D8, 0x9558, 0x5B70, 0x0000, 0x0000,
    0x0000, 0x0000, 0x0000, 0x0000, 0x0000, 0x0000, 0x0000, 0x0000, 0x0000, 0x0000, 0x0000, 0x0000,
    0x0000, 0x0000, 0x0000, 0x0000, 0x0000, 0x0000, 0x0000, 0x0000, 0x0000, 0x0000, 0x0000, 0x0000,
    0x0000, 0x0000, 0x0000, 0x0000, 0x0000, 0x0000, 0x0000, 0x0000, 0x0000, 0x0000, 0x0000, 0x0000,
    0x0000, 0x0000, 0x0000, 0x0000, 0x0000, 0x0000, 0x0000, 0x0000, 0x0000, 0x0000, 0x0000, 0x0000,
    0x0000, 0x0000, 0x0000, 0x0000, 0x0000, 0x0000, 0x0000, 0x0000, 0x0000, 0x0000, 0x0000, 0x0000,
    0x0000, 0x0000, 0x0000, 0x0000, 0x0000, 0x0000, 0x0000, 0x0000, 0x0000, 0x0000, 0x0000, 0x0000,
    0x0000, 0x0000, 0x0000, 0x6BF2, 0x9558, 0xA5D8, 0xB619, 0xAE19, 0xB619, 0xB619, 0xB63A, 0xB63A,
    0xC6DC, 0xCF1C, 0xCEFC, 0xCEFC, 0xD73D, 0xD73D, 0x0000, 0x0000, 0x0000, 0x0000, 0x0000, 0x52AB,
    0x0000, 0x0000, 0x0000, 0x0000, 0x0000, 0x0000, 0x0000, 0x0000, 0x634D, 0x0000, 0x0000, 0x0000,
    0x0000, 0x0000, 0xD73C, 0xD71C, 0xD71C, 0xCEFC, 0xCF1C, 0xC6BB, 0xB619, 0xB619, 0xADF9, 0xADF9,
    0xADF9, 0xAE19, 0xA5D8, 0x9558, 0x5B6F, 0x0000, 0x0000, 0x0000, 0x0000, 0x0000, 0x0000, 0x0000,
    0x0000, 0x0000, 0x0000, 0x0000, 0x0000, 0x0000, 0x0000, 0x0000, 0x0000, 0x0000, 0x0000, 0x0000,
    0x0000, 0x0000, 0x0000, 0x0000, 0x0000, 0x0000, 0x0000, 0x0000, 0x0000, 0x0000, 0x0000, 0x0000,
    0x0000, 0x0000, 0x0000, 0x0000, 0x0000, 0x0000, 0x0000, 0x0000, 0x0000, 0x0000, 0x0000, 0x0000,
    0x0000, 0x0000, 0x0000, 0x0000, 0x0000, 0x0000, 0x0000, 0x0000, 0x0000, 0x0000, 0x0000, 0x0000,
    0x0000, 0x0000, 0x0000, 0x0000, 0x0000, 0x0000, 0x0000, 0x0000, 0x0000, 0x0000, 0x0000, 0x0000,
    0x0000, 0x0000, 0x0000, 0x0000, 0x0000, 0x0000, 0x0000, 0x0000, 0x0000, 0x0000, 0x0000, 0x0000,
    0x6BD1, 0x9578, 0xADD8, 0xAE19, 0xAE19, 0xB619, 0xB639, 0xB63A, 0xCEFC, 0xCF1C, 0xCF1C, 0xCEFC,
    0xD71C, 0x0000, 0x0000, 0x0000, 0x0000, 0x0000, 0x0000, 0x94B3, 0x0000, 0x0000, 0x0000, 0x0000,
    0x0000, 0x0000, 0x0000, 0x0000, 0x0000, 0x0000, 0x0000, 0x0000, 0x0000, 0x0000, 0x0000, 0xD71C,
    0xD71D, 0xCEFC, 0xCEFC, 0xC6BB, 0xB619, 0xAE19, 0xB619, 0xAE19, 0xB619, 0xA5D8, 0x9558, 0x5B6F,
    0x0000, 0x0000, 0x0000, 0x0000, 0x0000, 0x0000, 0x0000, 0x0000, 0x0000, 0x0000, 0x0000, 0x0000,
    0x0000, 0x0000, 0x0000, 0x0000, 0x0000, 0x0000, 0x0000, 0x0000, 0x0000, 0x0000, 0x0000, 0x0000,
    0x0000, 0x0000, 0x0000, 0x0000, 0x0000, 0x0000, 0x0000, 0x0000, 0x0000, 0x0000, 0x0000, 0x0000,
    0x0000, 0x0000, 0x0000, 0x0000, 0x0000, 0x0000, 0x0000, 0x0000, 0x0000, 0x0000, 0x0000, 0x0000,
    0x0000, 0x0000, 0x0000, 0x0000, 0x0000, 0x0000, 0x0000, 0x0000, 0x0000, 0x0000, 0x0000, 0x0000,
    0x0000, 0x0000, 0x0000, 0x0000, 0x0000, 0x0000, 0x0000, 0x0000, 0x0000, 0x0000, 0x0000, 0x0000,
    0x0000, 0x0000, 0x0000, 0x0000, 0x0000, 0x0000, 0x0000, 0x0000, 0x0000, 0x63D1, 0x9578, 0xA5D8,
    0xAE19, 0xADD9, 0xADF9, 0xADF9, 0xC6DC, 0xCEFC, 0xD71C, 0xCF1C, 0xD71C, 0x0000, 0x0000, 0x0000,
    0x0000, 0x0000, 0x0000, 0xCE9A, 0x0000, 0x0000, 0x0000, 0x0000, 0x0000, 0x0000, 0x0000, 0x1082,
    0x0000, 0x0000, 0x0000, 0x0000, 0x0000, 0x0000, 0x0000, 0xD73D, 0xD71C, 0xCF1C, 0xCEFC, 0xC6BB,
    0xB619, 0xB619, 0xADF9, 0xB639, 0xA5D8, 0x9558, 0x5B2F, 0x0000, 0x0000, 0x0000, 0x0000, 0x0000,
    0x0000, 0x0000, 0x0000, 0x0000, 0x0000, 0x0000, 0x0000, 0x0000, 0x0000, 0x0000, 0x0000, 0x0000,
    0x0000, 0x0000, 0x0000, 0x0000, 0x0000, 0x0000, 0x0000, 0x0000, 0x0000, 0x0000, 0x0000, 0x0000,
    0x0000, 0x0000, 0x0000, 0x0000, 0x0000, 0x0000, 0x0000, 0x0000, 0x0000, 0x0000, 0x0000, 0x0000,
    0x0000, 0x0000, 0x0000, 0x0000, 0x0000, 0x0000, 0x0000, 0x0000, 0x0000, 0x0000, 0x0000, 0x0000,
    0x0000, 0x0000, 0x0000, 0x0000, 0x0000, 0x0000, 0x0000, 0x0000, 0x0000, 0x0000, 0x0000, 0x0000,
    0x0000, 0x0000, 0x0000, 0x0000, 0x0000, 0x0000, 0x0000, 0x0000, 0x0000, 0x0000, 0x0000, 0x0000,
    0x0000, 0x0000, 0x0000, 0x0000, 0x0000, 0x0000, 0x6390, 0x9558, 0xA5D8, 0xAE19, 0xA5D8, 0xA5D8,
    0xBE9B, 0xD71C, 0xD71C, 0xD71C, 0xD73D, 0x0000, 0x0000, 0x0000, 0x0000, 0x0000, 0x0000, 0x0000,
    0x2986, 0x0000, 0x0000, 0x0000, 0x0000, 0x0000, 0x0000, 0x4208, 0x0000, 0x0000, 0x0000, 0x0000,
    0x0000, 0x0000, 0x0000, 0xD73D, 0xD71D, 0xCF1C, 0xCF1C, 0xBE9B, 0xADF9, 0xAE19, 0xB619, 0xA5B8,
    0x8D37, 0x530E, 0x0000, 0x0000, 0x0000, 0x0000, 0x0000, 0x0000, 0x0000, 0x0000, 0x0000, 0x0000,
    0x0000, 0x0000, 0x0000, 0x0000, 0x0000, 0x0000, 0x0000, 0x0000, 0x0000, 0x0000, 0x0000, 0x0000,
    0x0000, 0x0000, 0x0000, 0x0000, 0x0000, 0x0000, 0x0000, 0x0000, 0x0000, 0x0000, 0x0000, 0x0000,
    0x0000, 0x0000, 0x0000, 0x0000, 0x0000, 0x0000, 0x0000, 0x0000, 0x0000, 0x0000, 0x0000, 0x0000,
    0x0000, 0x0000, 0x0000, 0x0000, 0x0000, 0x0000, 0x0000, 0x0000, 0x0000, 0x0000, 0x0000, 0x0000,
    0x0000, 0x0000, 0x0000, 0x0000, 0x0000, 0x0000, 0x0000, 0x0000, 0x0000, 0x0000, 0x0000, 0x0000,
    0x0000, 0x0000, 0x0000, 0x0000, 0x0000, 0x0000, 0x0000, 0x0000, 0x0000, 0x0000, 0x0000, 0x0000,
    0x0000, 0x0000, 0x0000, 0x6370, 0x9557, 0xA598, 0xB639, 0xADF9, 0xB63A, 0xCEFC, 0xD71C, 0xD71D,
    0xD73D, 0x0000, 0x0000, 0x0000, 0x0000, 0x0000, 0x0000, 0x0000, 0x632D, 0x0000, 0x0000, 0x0000,
    0x0000, 0x0000, 0x0000, 0x7BEF, 0x0000, 0x0000, 0x0000, 0x0000, 0x0000, 0x0000, 0xD73D, 0xD73D,
    0xCF1C, 0xCF1C, 0xCEFC, 0xB639, 0xAE19, 0xB639, 0x9D97, 0x8D37, 0x4AED, 0x0000, 0x0000, 0x0000,
    0x0000, 0x0000, 0x0000, 0x0000, 0x0000, 0x0000, 0x0000, 0x0000, 0x0000, 0x0000, 0x0000, 0x0000,
    0x0000, 0x0000, 0x0000, 0x0000, 0x0000, 0x0000, 0x0000, 0x0000, 0x0000, 0x0000, 0x0000, 0x0000,
    0x0000, 0x0000, 0x0000, 0x0000, 0x0000, 0x0000, 0x0000, 0x0000, 0x0000, 0x0000, 0x0000, 0x0000,
    0x0000, 0x0000, 0x0000, 0x0000, 0x0000, 0x0000, 0x0000, 0x0000, 0x0000, 0x0000, 0x0000, 0x0000,
    0x0000, 0x0000, 0x0000, 0x0000, 0x0000, 0x0000, 0x0000, 0x0000, 0x0000, 0x0000, 0x0000, 0x0000,
    0x0000, 0x0000, 0x0000, 0x0000, 0x0000, 0x0000, 0x0000, 0x0000, 0x0000, 0x0000, 0x0000, 0x0000,
    0x0000, 0x0000, 0x0000, 0x0000, 0x0000, 0x0000, 0x0000, 0x0000, 0x0000, 0x0000, 0x0000, 0x0000,
    0x5B2E, 0x8D37, 0x9D77, 0xB639, 0xAE19, 0xBE5A, 0xD71D, 0xD71D, 0xD71C, 0xD73D, 0xD73D, 0x0000,
    0x0000, 0x0000, 0x0000, 0x0000, 0x9D14, 0x0000, 0x0000, 0x0000, 0x0000, 0x0000, 0x0000, 0xADB7,
    0x0000, 0x0000, 0x0000, 0x0000, 0x0000, 0xD73D, 0xD71D, 0xD71D, 0xD71D, 0xCEFC, 0xB63A, 0xB619,
    0xB619, 0x9557, 0x8D17, 0x4AAC, 0x0000, 0x0000, 0x0000, 0x0000, 0x0000, 0x0000, 0x0000, 0x0000,
    0x0000, 0x0000, 0x0000, 0x0000, 0x0000, 0x0000, 0x0000, 0x0000, 0x0000, 0x0000, 0x0000, 0x0000,
    0x0000, 0x0000, 0x0000, 0x0000, 0x0000, 0x0000, 0x0000, 0x0000, 0x0000, 0x0000, 0x0000, 0x0000,
    0x0000, 0x0000, 0x0000, 0x0000, 0x0000, 0x0000, 0x0000, 0x0000, 0x0000, 0x0000, 0x0000, 0x0000,
    0x0000, 0x0000, 0x0000, 0x0000, 0x0000, 0x0000, 0x0000, 0x0000, 0x0000, 0x0000, 0x0000, 0x0000,
    0x0000, 0x0000, 0x0000, 0x0000, 0x0000, 0x0000, 0x0000, 0x0000, 0x0000, 0x0000, 0x0000, 0x0000,
    0x0000, 0x0000, 0x0000, 0x0000, 0x0000, 0x0000, 0x0000, 0x0000, 0x0000, 0x0000, 0x0000, 0x0000,
    0x0000, 0x0000, 0x0000, 0x0000, 0x0000, 0x0000, 0x0000, 0x0000, 0x0000, 0x52ED, 0x8D17, 0x9557,
    0xB619, 0xB639, 0xBE7A, 0xCF1C, 0xD71D, 0xD71D, 0xD73D, 0xD73D, 0x0000, 0x0000, 0x0000, 0x0000,
    0xC69A, 0x0000, 0x0000, 0x0000, 0x0000, 0x0000, 0x1082, 0xD71C, 0x0000, 0x0000, 0x0000, 0x0000,
    0xD73D, 0xD71D, 0xCF1C, 0xCF1C, 0xCEFC, 0xB639, 0xB619, 0xADF9, 0x8D37, 0x84F6, 0x426A, 0x0000,
    0x0000, 0x0000, 0x0000, 0x0000, 0x0000, 0x0000, 0x0000, 0x0000, 0x0000, 0x0000, 0x0000, 0x0000,
    0x0000, 0x0000, 0x0000, 0x0000, 0x0000, 0x0000, 0x0000, 0x0000, 0x0000, 0x0000, 0x0000, 0x0000,
    0x0000, 0x0000, 0x0000, 0x0000, 0x0000, 0x0000, 0x0000, 0x0000, 0x0000, 0x0000, 0x0000, 0x0000,
    0x0000, 0x0000, 0x0000, 0x0000, 0x0000, 0x0000, 0x0000, 0x0000, 0x0000, 0x0000, 0x0000, 0x0000,
    0x0000, 0x0000, 0x0000, 0x0000, 0x0000, 0x0000, 0x0000, 0x0000, 0x0000, 0x0000, 0x0000, 0x0000,
    0x0000, 0x0000, 0x0000, 0x0000, 0x0000, 0x0000, 0x0000, 0x0000, 0x0000, 0x0000, 0x0000, 0x0000,
    0x0000, 0x0000, 0x0000, 0x0000, 0x0000, 0x0000, 0x0000, 0x0000, 0x0000, 0x0000, 0x0000, 0x0000,
    0x0000, 0x0000, 0x0000, 0x0000, 0x0000, 0x0000, 0x428B, 0x8D17, 0x8D16, 0xA5D8, 0xB63A, 0xBE5A,
    0xC6BB, 0xD71C, 0xD71D, 0xD71D, 0xD71D, 0xD73D, 0x0000, 0x0000, 0x0000, 0x2945, 0x0000, 0x0000,
    0x0000, 0x0000, 0x3A08, 0x0000, 0x0000, 0x0000, 0xD73D, 0xD71D, 0xD71D, 0xD71D, 0xCF1C, 0xBE7B,
    0xB619, 0xB619, 0x9D97, 0x8CF6, 0x84D6, 0x31E8, 0x0000, 0x0000, 0x0000, 0x0000, 0x0000, 0x0000,
    0x0000, 0x0000, 0x0000, 0x0000, 0x0000, 0x0000, 0x0000, 0x0000, 0x0000, 0x0000, 0x0000, 0x0000,
    0x0000, 0x0000, 0x0000, 0x0000, 0x0000, 0x0000, 0x0000, 0x0000, 0x0000, 0x0000, 0x0000, 0x0000,
    0x0000, 0x0000, 0x0000, 0x0000, 0x0000, 0x0000, 0x0000, 0x0000, 0x0000, 0x0000, 0x0000, 0x0000,
    0x0000, 0x0000, 0x0000, 0x0000, 0x0000, 0x0000, 0x0000, 0x0000, 0x0000, 0x0000, 0x0000, 0x0000,
    0x0000, 0x0000, 0x0000, 0x0000, 0x0000, 0x0000, 0x0000, 0x0000, 0x0000, 0x0000, 0x0000, 0x0000,
    0x0000, 0x0000, 0x0000, 0x0000, 0x0000, 0x0000, 0x0000, 0x0000, 0x0000, 0x0000, 0x0000, 0x0000,
    0x0000, 0x0000, 0x0000, 0x0000, 0x0000, 0x0000, 0x0000, 0x0000, 0x0000, 0x0000, 0x0000, 0x0000,
    0x0000, 0x0000, 0x0000, 0x31C8, 0x84B5, 0x8CF7, 0x9557, 0xADF9, 0xB639, 0xBE5A, 0xC6BB, 0xCF1C,
    0xD73D, 0xD73D, 0xD71D, 0xD71C, 0x0000, 0x52CB, 0x0000, 0x0000, 0x0000, 0x0000, 0x6B8E, 0x0000,
    0xD71C, 0xD71D, 0xD71D, 0xD71D, 0xCEFC, 0xC6BB, 0xB65A, 0xB619, 0xADD8, 0x8D16, 0x84F6, 0x7C74,
    0x2166, 0x0000, 0x0000, 0x0000, 0x0000, 0x0000, 0x0000, 0x0000, 0x0000, 0x0000, 0x0000, 0x0000,
    0x0000, 0x0000, 0x0000, 0x0000, 0x0000, 0x0000, 0x0000, 0x0000, 0x0000, 0x0000, 0x0000, 0x0000,
    0x0000, 0x0000, 0x0000, 0x0000, 0x0000, 0x0000, 0x0000, 0x0000, 0x0000, 0x0000, 0x0000, 0x0000,
    0x0000, 0x0000, 0x0000, 0x0000, 0x0000, 0x0000, 0x0000, 0x0000, 0x0000, 0x0000, 0x0000, 0x0000,
    0x0000, 0x0000, 0x0000, 0x0000, 0x0000, 0x0000, 0x0000, 0x0000, 0x0000, 0x0000, 0x0000, 0x0000,
    0x0000, 0x0000, 0x0000, 0x0000, 0x0000, 0x0000, 0x0000, 0x0000, 0x0000, 0x0000, 0x0000, 0x0000,
    0x0000, 0x0000, 0x0000, 0x0000, 0x0000, 0x0000, 0x0000, 0x0000, 0x0000, 0x0000, 0x0000, 0x0000,
    0x0000, 0x0000, 0x0000, 0x0000, 0x0000, 0x0000, 0x0000, 0x0000, 0x0000, 0x0000, 0x0000, 0x0000,
    0x1904, 0x7412, 0x8D17, 0x84D6, 0x9D57, 0xADF9, 0xB639, 0xBE5A, 0xBE9B, 0xC6BB, 0xC6DC, 0xCEFC,
    0x0000, 0x8472, 0x0000, 0x0000, 0x0000, 0x0000, 0x9514, 0x0000, 0xCEFC, 0xCEDC, 0xC6BB, 0xBE7B,
    0xB65A, 0xB619, 0xADD8, 0x9557, 0x84D6, 0x8CF7, 0x6390, 0x10A3, 0x0000, 0x0000, 0x0000, 0x0000,
    0x0000, 0x0000, 0x0000, 0x0000, 0x0000, 0x0000, 0x0000, 0x0000, 0x0000, 0x0000, 0x0000, 0x0000,
    0x0000, 0x0000, 0x0000, 0x0000, 0x0000, 0x0000, 0x0000, 0x0000, 0x0000, 0x0000, 0x0000, 0x0000,
    0x0000, 0x0000, 0x0000, 0x0000, 0x0000, 0x0000, 0x0000, 0x0000, 0x0000, 0x0000, 0x0000, 0x0000,
    0x0000, 0x0000, 0x0000, 0x0000, 0x0000, 0x0000, 0x0000, 0x0000, 0x0000, 0x0000, 0x0000, 0x0000,
    0x0000, 0x0000, 0x0000, 0x0000, 0x0000, 0x0000, 0x0000, 0x0000, 0x0000, 0x0000, 0x0000, 0x0000,
    0x0000, 0x0000, 0x0000, 0x0000, 0x0000, 0x0000, 0x0000, 0x0000, 0x0000, 0x0000, 0x0000, 0x0000,
    0x0000, 0x0000, 0x0000, 0x0000, 0x0000, 0x0000, 0x0000, 0x0000, 0x0000, 0x0000, 0x0000, 0x0000,
    0x0000, 0x0000, 0x0000, 0x0000, 0x0000, 0x0000, 0x0000, 0x0000, 0x0000, 0x0000, 0x4AAC, 0x84B5,
    0x84F6, 0x84D6, 0x9537, 0xA5B8, 0xAE19, 0xB619, 0xB619, 0xB63A, 0xC69B, 0x9D76, 0x0000, 0x0000,
    0x0000, 0x0000, 0xA5B7, 0xBE9B, 0xB63A, 0xB639, 0xB61A, 0xADF9, 0xA5B8, 0x8D16, 0x84D6, 0x8517,
    0x7C95, 0x3A2A, 0x0000, 0x0000, 0x0000, 0x0000, 0x0000, 0x0000, 0x0000, 0x0000, 0x0000, 0x0000,
    0x0000, 0x0000, 0x0000, 0x0000, 0x0000, 0x0000, 0x0000, 0x0000, 0x0000, 0x0000, 0x0000, 0x0000,
    0x0000, 0x0000, 0x0000, 0x0000, 0x0000, 0x0000, 0x0000, 0x0000, 0x0000, 0x0000, 0x0000, 0x0000,
    0x0000, 0x0000, 0x0000, 0x0000, 0x0000, 0x0000, 0x0000, 0x0000, 0x0000, 0x0000, 0x0000, 0x0000,
    0x0000, 0x0000, 0x0000, 0x0000, 0x0000, 0x0000, 0x0000, 0x0000, 0x0000, 0x0000, 0x0000, 0x0000,
    0x0000, 0x0000, 0x0000, 0x0000, 0x0000, 0x0000, 0x0000, 0x0000, 0x0000, 0x0000, 0x0000, 0x0000,
    0x0000, 0x0000, 0x0000, 0x0000, 0x0000, 0x0000, 0x0000, 0x0000, 0x0000, 0x0000, 0x0000, 0x0000,
    0x0000, 0x0000, 0x0000, 0x0000, 0x0000, 0x0000, 0x0000, 0x0000, 0x0000, 0x0000, 0x0000, 0x0000,
    0x0000, 0x0000, 0x0000, 0x0000, 0x0000, 0x0000, 0x0000, 0x18E4, 0x532E, 0x84D6, 0x8D17, 0x84F6,
    0x8CF6, 0x9536, 0x9D77, 0xA5B8, 0xADF9, 0xADF9, 0x10C3, 0x0000, 0x0000, 0x2104, 0xADF9, 0xA5D8,
    0xA598, 0x9D57, 0x8D16, 0x84F6, 0x84D6, 0x8CF7, 0x7C95, 0x52ED, 0x10A2, 0x0000, 0x0000, 0x0000,
    0x0000, 0x0000, 0x0000, 0x0000, 0x0000, 0x0000, 0x0000, 0x0000, 0x0000, 0x0000, 0x0000, 0x0000,
    0x0000, 0x0000, 0x0000, 0x0000, 0x0000, 0x0000, 0x0000, 0x0000, 0x0000, 0x0000, 0x0000, 0x0000,
    0x0000, 0x0000, 0x0000, 0x0000, 0x0000, 0x0000, 0x0000, 0x0000, 0x0000, 0x0000, 0x0000, 0x0000,
    0x0000, 0x0000, 0x0000, 0x0000, 0x0000, 0x0000, 0x0000, 0x0000, 0x0000, 0x0000, 0x0000, 0x0000,
    0x0000, 0x0000, 0x0000, 0x0000, 0x0000, 0x0000, 0x0000, 0x0000, 0x0000, 0x0000, 0x0000, 0x0000,
    0x0000, 0x0000, 0x0000, 0x0000, 0x0000, 0x0000, 0x0000, 0x0000, 0x0000, 0x0000, 0x0000, 0x0000,
    0x0000, 0x0000, 0x0000, 0x0000, 0x0000, 0x0000, 0x0000, 0x0000, 0x0000, 0x0000, 0x0000, 0x0000,
    0x0000, 0x0000, 0x0000, 0x0000, 0x0000, 0x0000, 0x0000, 0x0000, 0x0000, 0x0000, 0x0000, 0x0000,
    0x0000, 0x0000, 0x0000, 0x0000, 0x0000, 0x18E4, 0x4ACC, 0x7453, 0x8D16, 0x8D17, 0x84F6, 0x84F6,
    0x84D6, 0x9537, 0x2987, 0x0000, 0x0000, 0x31C8, 0x9537, 0x84D5, 0x84F6, 0x8CF6, 0x8CF7, 0x84D6,
    0x7433, 0x428B, 0x10A3, 0x0000, 0x0000, 0x0000, 0x0000, 0x0000, 0x0000, 0x0000, 0x0000, 0x0000,
    0x0000, 0x0000, 0x0000, 0x0000, 0x0000, 0x0000, 0x0000, 0x0000, 0x0000, 0x0000, 0x0000, 0x0000,
    0x0000, 0x0000, 0x0000, 0x0000, 0x0000, 0x0000, 0x0000, 0x0000, 0x0000, 0x0000, 0x0000, 0x0000,
    0x0000, 0x0000, 0x0000, 0x0000, 0x0000, 0x0000, 0x0000, 0x0000, 0x0000, 0x0000, 0x0000, 0x0000,
    0x0000, 0x0000, 0x0000, 0x0000, 0x0000, 0x0000, 0x0000, 0x0000, 0x0000, 0x0000, 0x0000, 0x0000,
    0x0000, 0x0000, 0x0000, 0x0000, 0x0000, 0x0000, 0x0000, 0x0000, 0x0000, 0x0000, 0x0000, 0x0000,
    0x0000, 0x0000, 0x0000, 0x0000, 0x0000, 0x0000, 0x0000, 0x0000, 0x0000, 0x0000, 0x0000, 0x0000,
    0x0000, 0x0000, 0x0000, 0x0000, 0x0000, 0x0000, 0x0000, 0x0000, 0x0000, 0x0000, 0x0000, 0x0000,
    0x0000, 0x0000, 0x0000, 0x0000, 0x0000, 0x0000, 0x0000, 0x0000, 0x0000, 0x0000, 0x0000, 0x0000,
    0x0000, 0x0000, 0x0000, 0x0000, 0x2146, 0x428B, 0x6390, 0x7453, 0x7C95, 0x9558, 0x4ACC, 0x0000,
    0x0000, 0x52ED, 0x8D17, 0x7C94, 0x7433, 0x6370, 0x426A, 0x2125, 0x0000, 0x0000, 0x0000, 0x0000,
    0x0000, 0x0000, 0x0000, 0x0000, 0x0000, 0x0000, 0x0000, 0x0000, 0x0000, 0x0000, 0x0000, 0x0000,
    0x0000, 0x0000, 0x0000, 0x0000, 0x0000, 0x0000, 0x0000, 0x0000, 0x0000, 0x0000, 0x0000, 0x0000,
    0x0000, 0x0000, 0x0000, 0x0000, 0x0000, 0x0000, 0x0000, 0x0000, 0x0000, 0x0000, 0x0000, 0x0000,
    0x0000, 0x0000, 0x0000, 0x0000, 0x0000, 0x0000, 0x0000, 0x0000, 0x0000, 0x0000, 0x0000, 0x0000,
    0x0000, 0x0000, 0x0000, 0x0000, 0x0000, 0x0000, 0x0000, 0x0000, 0x0000, 0x0000, 0x0000, 0x0000,
    0x0000, 0x0000, 0x0000, 0x0000, 0x0000, 0x0000, 0x0000, 0x0000, 0x0000, 0x0000, 0x0000, 0x0000,
    0x0000, 0x0000, 0x0000, 0x0000, 0x0000, 0x0000, 0x0000, 0x0000, 0x0000, 0x0000, 0x0000, 0x0000,
    0x0000, 0x0000, 0x0000, 0x0000, 0x0000, 0x0000, 0x0000, 0x0000, 0x0000, 0x0000, 0x0000, 0x0000,
    0x0000, 0x0000, 0x0000, 0x0000, 0x0000, 0x0000, 0x0000, 0x0000, 0x0000, 0x0000, 0x0000, 0x0000,
    0x0000, 0x0000, 0x0000, 0x0000, 0x1082, 0x2125, 0x18E4, 0x0000, 0x0000, 0x18E4, 0x1904, 0x0882,
    0x0000, 0x0000, 0x0000, 0x0000, 0x0000, 0x0000, 0x0000, 0x0000, 0x0000, 0x0000, 0x0000, 0x0000,
    0x0000, 0x0000, 0x0000, 0x0000, 0x0000, 0x0000, 0x0000, 0x0000, 0x0000, 0x0000, 0x0000, 0x0000,
    0x0000, 0x0000, 0x0000, 0x0000, 0x0000, 0x0000, 0x0000, 0x0000, 0x0000, 0x0000, 0x0000, 0x0000,
    0x0000, 0x0000, 0x0000, 0x0000, 0x0000, 0x0000, 0x0000, 0x0000, 0x0000, 0x0000, 0x0000, 0x0000,
    0x0000, 0x0000, 0x0000, 0x0000, 0x0000, 0x0000, 0x0000, 0x0000, 0x0000, 0x0000, 0x0000, 0x0000,
    0x0000, 0x0000, 0x0000, 0x0000, 0x0000, 0x0000, 0x0000, 0x0000, 0x0000, 0x0000, 0x0000, 0x0000,
    0x0000, 0x0000, 0x0000, 0x0000, 0x0000, 0x0000, 0x0000, 0x0000, 0x0000, 0x0000, 0x0000, 0x0000,
    0x0000, 0x0000, 0x0000, 0x0000, 0x0000, 0x0000, 0x0000, 0x0000, 0x0000, 0x0000, 0x0000, 0x0000,
    0x0000, 0x0000, 0x0000, 0x0000, 0x0000, 0x0000, 0x0000, 0x0000, 0x0000, 0x0000, 0x0000, 0x0000,
    0x0000, 0x0000, 0x0000, 0x0000, 0x0000, 0x0000, 0x0000, 0x0000, 0x0000, 0x0000, 0x0000, 0x0000,
    0x0000, 0x0000, 0x0000, 0x0000, 0x0000, 0x0000, 0x0000, 0x0000, 0x0000, 0x0000, 0x0000, 0x0000,
    0x0000, 0x0000, 0x0000, 0x0000, 0x0000, 0x0000, 0x0000, 0x0000, 0x0000, 0x0000, 0x0000, 0x0000,
    0x0000, 0x0000, 0x0000, 0x0000, 0x0000, 0x0000, 0x0000, 0x0000, 0x0000, 0x0000, 0x0000, 0x0000,
    0x0000, 0x0000, 0x0000, 0x0000, 0x0000, 0x0000, 0x0000, 0x0000, 0x0000, 0x0000, 0x0000, 0x0000,
    0x0000, 0x0000, 0x0000, 0x0000, 0x0000, 0x0000, 0x0000, 0x0000, 0x0000, 0x0000, 0x0000, 0x0000,
    0x0000, 0x0000, 0x0000, 0x0000, 0x0000, 0x0000, 0x0000, 0x0000, 0x0000, 0x0000, 0x0000, 0x0000,
    0x0000, 0x0000, 0x0000, 0x0000, 0x0000, 0x0000, 0x0000, 0x0000, 0x0000, 0x0000, 0x0000, 0x0000,
    0x0000, 0x0000, 0x0000, 0x0000, 0x0000, 0x0000, 0x0000, 0x0000, 0x0000, 0x0000, 0x0000, 0x0000,
    0x0000, 0x0000, 0x0000, 0x0000, 0x0000, 0x0000, 0x0000, 0x0000, 0x0000, 0x0000, 0x0000, 0x0000,
    0x0000, 0x0000, 0x0000, 0x0000, 0x0000, 0x0000, 0x0000, 0x0000, 0x0000, 0x0000, 0x0000, 0x0000,
    0x0000, 0x0000, 0x0000, 0x0000, 0x0000, 0x0000, 0x0000, 0x0000, 0x0000, 0x0000, 0x0000, 0x0000,
    0x0000, 0x0000, 0x0000, 0x0000, 0x0000, 0x0000, 0x0000, 0x0000, 0x0000, 0x0000, 0x0000, 0x0000,
    0x0000, 0x0000, 0x0000, 0x0000, 0x0000, 0x0000, 0x0000, 0x0000, 0x0000, 0x0000, 0x0000, 0x0000,
    0x0000, 0x0000, 0x0000, 0x0000, 0x0000, 0x0000, 0x0000, 0x0000, 0x0000, 0x0000, 0x0000, 0x0000,
    0x0000, 0x0000, 0x0000, 0x0000, 0x0000, 0x0000, 0x0000, 0x0000, 0x0000, 0x0000, 0x0000, 0x0000,
    0x0000, 0x0000, 0x0000, 0x0000, 0x0000, 0x0000, 0x0000, 0x0000, 0x0000, 0x0000, 0x0000, 0x0000,
    0x0000, 0x0000, 0x0000, 0x0000,
  },
  { // 1 look_left
    0x0000, 0x0000, 0x0000, 0x0000, 0x0000, 0x0000, 0x0000, 0x0000, 0x0000, 0x0000, 0x0000, 0x0000,
    0x0000, 0x0000, 0x0000, 0x0000, 0x0000, 0x0000, 0x0000, 0x0000, 0x0000, 0x0000, 0x0000, 0x0000,
    0x0000, 0x0000, 0x0000, 0x0000, 0x0000, 0x0000, 0x0000, 0x0000, 0x0000, 0x0000, 0x0000, 0x0000,
    0x0000, 0x0000, 0x0000, 0x0000, 0x0000, 0x0000, 0x0000, 0x0000, 0x0000, 0x0000, 0x0000, 0x0000,
    0x0000, 0x0000, 0x0000, 0x0000, 0x0000, 0x0000, 0x0000, 0x0000, 0x0000, 0x0000, 0x0000, 0x0000,
    0x0000, 0x0000, 0x0000, 0x0000, 0x0000, 0x0000, 0x0000, 0x0000, 0x0000, 0x0000, 0x0000, 0x0000,
    0x0000, 0x0000, 0x0000, 0x0000, 0x0000, 0x0000, 0x0000, 0x0000, 0x0000, 0x0000, 0x0000, 0x0000,
    0x0000, 0x0000, 0x0000, 0x0000, 0x0000, 0x0000, 0x0000, 0x0000, 0x0000, 0x0000, 0x0000, 0x0000,
    0x0000, 0x0000, 0x0000, 0x0000, 0x0000, 0x0000, 0x0000, 0x0000, 0x0000, 0x0000, 0x0000, 0x0000,
    0x0000, 0x0000, 0x0000, 0x0000, 0x0000, 0x0000, 0x0000, 0x0000, 0x0000, 0x0000, 0x0000, 0x0000,
    0x0000, 0x0000, 0x0000, 0x0000, 0x0000, 0x0000, 0x0000, 0x0000, 0x0000, 0x0000, 0x0000, 0x0000,
    0x0000, 0x0000, 0x0000, 0x0000, 0x0000, 0x0000, 0x0000, 0x0000, 0x0000, 0x0000, 0x0000, 0x0000,
    0x0000, 0x0000, 0x0000, 0x0000, 0x0000, 0x0000, 0x0000, 0x0000, 0x0000, 0x0000, 0x0000, 0x0000,
    0x0000, 0x0000, 0x0000, 0x0000, 0x0000, 0x0000, 0x0000, 0x0000, 0x0000, 0x0000, 0x0000, 0x0000,
    0x0000, 0x0000, 0x0000, 0x0000, 0x0000, 0x0000, 0x0000, 0x0000, 0x0000, 0x0000, 0x0000, 0x0000,
    0x0000, 0x0000, 0x0000, 0x0000, 0x0000, 0x0000, 0x0000, 0x0000, 0x0000, 0x0000, 0x0000, 0x0000,
    0x0000, 0x0000, 0x0000, 0x0000, 0x0000, 0x0000, 0x0000, 0x0000, 0x0000, 0x0000, 0x0000, 0x0000,
    0x0000, 0x0000, 0x0000, 0x0000, 0x0000, 0x0000, 0x0000, 0x0000, 0x0000, 0x0000, 0x0000, 0x0000,
    0x0000, 0x0000, 0x0000, 0x0000, 0x0000, 0x0000, 0x0000, 0x0000, 0x0000, 0x0000, 0x0000, 0x0000,
    0x0000, 0x0000, 0x0000, 0x0000, 0x0000, 0x0000, 0x0000, 0x0000, 0x0000, 0x0000, 0x0000, 0x0000,
    0x0000, 0x0000, 0x0000, 0x0000, 0x0000, 0x0000, 0x0000, 0x0000, 0x0000, 0x0000, 0x0000, 0x0000,
    0x0000, 0x0000, 0x0000, 0x0000, 0x0000, 0x0000, 0x0000, 0x0000, 0x0000, 0x0000, 0x0000, 0x0000,
    0x0000, 0x0000, 0x0000, 0x0000, 0x0000, 0x0000, 0x0000, 0x0000, 0x0000, 0x0000, 0x0000, 0x0000,
    0x0000, 0x0000, 0x10A2, 0x2965, 0x31C7, 0x39E8, 0x2986, 0x2104, 0x0000, 0x0000, 0x0000, 0x0000,
    0x0000, 0x0000, 0x0000, 0x0000, 0x0000, 0x0000, 0x0000, 0x0000, 0x0000, 0x0000, 0x0000, 0x0000,
    0x0000, 0x0000, 0x0000, 0x0000, 0x0000, 0x0000, 0x0000, 0x0000, 0x0000, 0x0000, 0x0000, 0x0000,
    0x0000, 0x0000, 0x0000, 0x0000, 0x0000, 0x0000, 0x0000, 0x0000, 0x0000, 0x0000, 0x0000, 0x0000,
    0x0000, 0x0000, 0x0000, 0x0000, 0x0000, 0x0000, 0x0000, 0x0000, 0x0000, 0x0000, 0x0000, 0x0000,
    0x0000, 0x0000, 0x0000, 0x0000, 0x0000, 0x0000, 0x0000, 0x0000, 0x0000, 0x0000, 0x0000, 0x0000,
    0x0000, 0x0000, 0x0000, 0x0000, 0x0000, 0x0000, 0x0000, 0x1082, 0x2124, 0x31A7, 0x39E8, 0x31C7,
    0x2125, 0x0000, 0x0000, 0x0000, 0x0000, 0x0000, 0x0000, 0x0000, 0x0000, 0x0000, 0x0000, 0x0000,
    0x0000, 0x0000, 0x0000, 0x0000, 0x0000, 0x0000, 0x0000, 0x0000, 0x0000, 0x0000, 0x0000, 0x0000,
    0x0000, 0x0000, 0x0000, 0x0000, 0x0000, 0x0000, 0x0000, 0x0000, 0x0000, 0x0000, 0x0000, 0x0000,
    0x0000, 0x0000, 0x0000, 0x0000, 0x0000, 0x0000, 0x0000, 0x0000, 0x426A, 0x8493, 0xADD8, 0xB63A,
    0xBE7A, 0xBE7B, 0xBE7A, 0xB63A, 0xADD8, 0xA576, 0x8472, 0x5B0C, 0x31A6, 0x0000, 0x0000, 0x0000,
    0x0000, 0x0000, 0x0000, 0x0000, 0x0000, 0x0000, 0x0000, 0x0000, 0x0000, 0x0000, 0x0000, 0x0000,
    0x0000, 0x0000, 0x0000, 0x0000, 0x0000, 0x0000, 0x0000, 0x0000, 0x0000, 0x0000, 0x0000, 0x0000,
    0x0000, 0x0000, 0x0000, 0x0000, 0x0000, 0x0000, 0x0000, 0x0000, 0x0000, 0x0000, 0x0000, 0x0000,
    0x0000, 0x0000, 0x0000, 0x0000, 0x0000, 0x0000, 0x0000, 0x0000, 0x0000, 0x0000, 0x0000, 0x0000,
    0x0000, 0x0000, 0x0000, 0x0000, 0x0000, 0x0000, 0x0000, 0x0000, 0x0000, 0x0000, 0x10A2, 0x31C7,
    0x5AEC, 0x8472, 0xA597, 0xA5D8, 0xB63A, 0xBE7B, 0xBE7B, 0xBE5B, 0xB63A, 0xA5B8, 0x8493, 0x3A29,
    0x0000, 0x0000, 0x0000, 0x0000, 0x0000, 0x0000, 0x0000, 0x0000, 0x0000, 0x0000, 0x0000, 0x0000,
    0x0000, 0x0000, 0x0000, 0x0000, 0x0000, 0x0000, 0x0000, 0x0000, 0x0000, 0x0000, 0x0000, 0x0000,
    0x0000, 0x0000, 0x0000, 0x0000, 0x0000, 0x0000, 0x0000, 0x0000, 0x0000, 0x0000, 0x0000, 0x0000,
    0x0000, 0x0000, 0x2987, 0x9D35, 0xBE5B, 0xBE5A, 0xB63A, 0xB619, 0xB619, 0xB639, 0xB639, 0xB63A,
    0xC6BB, 0xD73D, 0x0000, 0x0000, 0xD73D, 0xC69A, 0x9D55, 0x6BAE, 0x3A08, 0x10A2, 0x0000, 0x0000,
    0x0000, 0x0000, 0x0000, 0x0000, 0x0000, 0x0000, 0x0000, 0x0000, 0x0000, 0x0000, 0x0000, 0x0000,
    0x0000, 0x0000, 0x0000, 0x0000, 0x0000, 0x0000, 0x0000, 0x0000, 0x0000, 0x0000, 0x0000, 0x0000,
    0x0000, 0x0000, 0x0000, 0x0000, 0x0000, 0x0000, 0x0000, 0x0000, 0x0000, 0x0000, 0x0000, 0x0000,
    0x0000, 0x0000, 0x0000, 0x0000, 0x0000, 0x0000, 0x0000, 0x0000, 0x0000, 0x0000, 0x0000, 0x0000,
    0x0000, 0x0000, 0x18C3, 0x4229, 0x7BF0, 0xA596, 0xC6BB, 0x0000, 0x0000, 0xD75E, 0xD73D, 0xC6BB,
    0xAE19, 0xB63A, 0xAE19, 0xADF9, 0xB61A, 0xB63A, 0xBE7B, 0xBE5B, 0x8CB4, 0x2104, 0x0000, 0x0000,
    0x0000, 0x0000, 0x0000, 0x0000, 0x0000, 0x0000, 0x0000, 0x0000, 0x0000, 0x0000, 0x0000, 0x0000,
    0x0000, 0x0000, 0x0000, 0x0000, 0x0000, 0x0000, 0x0000, 0x0000, 0x0000, 0x0000, 0x0000, 0x0000,
    0x0000, 0x0000, 0x0000, 0x0000, 0x0000, 0x0000, 0x0000, 0x0000, 0x0000, 0x424A, 0xB63A, 0xB63A,
    0xADF8, 0xADF9, 0xB619, 0xB619, 0xB619, 0xB639, 0xB639, 0xBE9B, 0xCEFC, 0xCEFC, 0xCEFC, 0xCEDC,
    0xD71C, 0xD73D, 0x0000, 0x0000, 0x0000, 0xCEFC, 0xADB7, 0x7C31, 0x4A8A, 0x2124, 0x0000, 0x0000,
    0x0000, 0x0000, 0x0000, 0x0000, 0x0000, 0x0000, 0x0000, 0x0000, 0x0000, 0x0000, 0x0000, 0x0000,
    0x0000, 0x0000, 0x0000, 0x0000, 0x0000, 0x0000, 0x0000, 0x0000, 0x0000, 0x0000, 0x0000, 0x0000,
    0x0000, 0x0000, 0x0000, 0x0000, 0x0000, 0x0000, 0x0000, 0x0000, 0x0000, 0x0000, 0x0000, 0x0000,
    0x0000, 0x0000, 0x0000, 0x0000, 0x0000, 0x0000, 0x2945, 0x52AA, 0x8451, 0xB5F7, 0xD71C, 0x0000,
    0x0000, 0x0000, 0x0000, 0xD73D, 0xD71C, 0xD71C, 0xCEFC, 0xCEFC, 0xBE7A, 0xADF9, 0xAE19, 0xADF9,
    0xADF9, 0xADF9, 0xADD9, 0xADF9, 0xB65A, 0xADD8, 0x2986, 0x0000, 0x0000, 0x0000, 0x0000, 0x0000,
    0x0000, 0x0000, 0x0000, 0x0000, 0x0000, 0x0000, 0x0000, 0x0000, 0x0000, 0x0000, 0x0000, 0x0000,
    0x0000, 0x0000, 0x0000, 0x0000, 0x0000, 0x0000, 0x0000, 0x0000, 0x0000, 0x0000, 0x0000, 0x0000,
    0x0000, 0x0000, 0x0000, 0x0000, 0x31C8, 0xB63A, 0xADF9, 0xADF8, 0xAE19, 0xB619, 0xB639, 0xB639,
    0xB619, 0xB619, 0xBE7A, 0xCEFC, 0xCF1C, 0xD71D, 0xD73D, 0xD73D, 0xD71D, 0xD71D, 0xD71C, 0xD73C,
    0xD73C, 0x0000, 0x0000, 0x0000, 0x0000, 0x0000, 0xC679, 0x9D14, 0x73AF, 0x4249, 0x2104, 0x0000,
    0x0000, 0x0000, 0x0000, 0x0000, 0x0000, 0x0000, 0x0000, 0x0000, 0x0000, 0x0000, 0x0000, 0x0000,
    0x0000, 0x0000, 0x0000, 0x0000, 0x0000, 0x0000, 0x0000, 0x0000, 0x0000, 0x0000, 0x0000, 0x0000,
    0x0000, 0x0000, 0x0000, 0x0000, 0x0000, 0x0000, 0x0000, 0x0000, 0x0000, 0x2124, 0x4A69, 0x73CF,
    0xA555, 0xCE9A, 0x0000, 0x0000, 0x0000, 0x0000, 0x0000, 0x0000, 0x0000, 0xD73D, 0x0000, 0x0000,
    0x0000, 0xD73D, 0xD73D, 0xCF1C, 0xCEFC, 0xBE7A, 0xB619, 0xB619, 0xADF9, 0xADF9, 0xADF9, 0xADF9,
    0xADF9, 0xAE19, 0xADF9, 0x2145, 0x0000, 0x0000, 0x0000, 0x0000, 0x0000, 0x0000, 0x0000, 0x0000,
    0x0000, 0x0000, 0x0000, 0x0000, 0x0000, 0x0000, 0x0000, 0x0000, 0x0000, 0x0000, 0x0000, 0x0000,
    0x0000, 0x0000, 0x0000, 0x0000, 0x0000, 0x0000, 0x0000, 0x0000, 0x0000, 0x0000, 0x0000, 0x1082,
    0xA577, 0xAE19, 0xADD8, 0xADF9, 0xB619, 0xB619, 0xB639, 0xB639, 0xB61A, 0xB63A, 0xCEFC, 0xCEFC,
    0xD71C, 0xD73D, 0xD73D, 0x0000, 0x0000, 0x0000, 0x0000, 0x0000, 0x0000, 0x0000, 0x0000, 0x0000,
    0x0000, 0x0000, 0x0000, 0x0000, 0x0000, 0x0000, 0x0000, 0xC67A, 0xA555, 0x8451, 0x5B0C, 0x39E8,
    0x2124, 0x0000, 0x0000, 0x0000, 0x0000, 0x0000, 0x0000, 0x0000, 0x0000, 0x0000, 0x0000, 0x0000,
    0x0000, 0x0000, 0x0000, 0x0000, 0x0000, 0x0000, 0x0000, 0x0000, 0x0000, 0x0000, 0x1082, 0x2124,
    0x3A08, 0x630C, 0x8451, 0x0000, 0xC67A, 0x0000, 0x0000, 0x0000, 0x0000, 0x0000, 0x0000, 0x0000,
    0x0000, 0x0000, 0x0000, 0x0000, 0x0000, 0x0000, 0x0000, 0x0000, 0x0000, 0x0000, 0x0000, 0xD73D,
    0xCF1C, 0xCEFC, 0xBE5A, 0xB639, 0xB639, 0xB639, 0xB619, 0xADD9, 0xADF9, 0xA5D9, 0xB63A, 0x9515,
    0x0000, 0x0000, 0x0000, 0x0000, 0x0000, 0x0000, 0x0000, 0x0000, 0x0000, 0x0000, 0x0000, 0x0000,
    0x0000, 0x0000, 0x0000, 0x0000, 0x0000, 0x0000, 0x0000, 0x0000, 0x0000, 0x0000, 0x0000, 0x0000,
    0x0000, 0x0000, 0x0000, 0x0000, 0x0000, 0x0000, 0x0000, 0x634E, 0xB63A, 0xADD8, 0xADF9, 0xADF9,
    0xB619, 0xB639, 0xB639, 0xB639, 0xB619, 0xC6BB, 0xCF1C, 0xCEFC, 0xD71D, 0xD73D, 0x0000, 0x0000,
    0x0000, 0x0000, 0x0000, 0x0000, 0x0000, 0x0000, 0x0000, 0x0000, 0x0000, 0x0000, 0x0000, 0x0000,
    0x0000, 0x0000, 0x0000, 0x0000, 0x0000, 0x0000, 0x0000, 0x0000, 0x0000, 0xD6FC, 0xC659, 0xB5B6,
    0x9CF3, 0x8451, 0x73CF, 0x6B4D, 0x5AEB, 0x52AA, 0x4A69, 0x4A69, 0x4A69, 0x4A8A, 0x52CB, 0x5B0C,
    0x6B6D, 0x73CF, 0x8451, 0x9D14, 0xB5B7, 0xC659, 0xD6FC, 0x0000, 0x0000, 0x0000, 0x0000, 0x0000,
    0x0000, 0x0000, 0x0000, 0x0000, 0x0000, 0x0000, 0x0000, 0x0000, 0x0000, 0x0000, 0x0000, 0x0000,
    0x0000, 0x0000, 0x0000, 0x0000, 0x0000, 0x0000, 0x0000, 0xD73D, 0xD71D, 0xD71D, 0xC6DB, 0xB639,
    0xB63A, 0xB639, 0xB619, 0xADF9, 0xADF9, 0xAE19, 0xA5D9, 0xBE7B, 0x52CB, 0x0000, 0x0000, 0x0000,
    0x0000, 0x0000, 0x0000, 0x0000, 0x0000, 0x0000, 0x0000, 0x0000, 0x0000, 0x0000, 0x0000, 0x0000,
    0x0000, 0x0000, 0x0000, 0x0000, 0x0000, 0x0000, 0x0000, 0x0000, 0x0000, 0x0000, 0x0000, 0x0000,
    0x0000, 0x0000, 0x10A2, 0xA597, 0xADD9, 0xADD8, 0xADF9, 0xADF9, 0xB619, 0xB619, 0xB619, 0xAE19,
    0xBE7A, 0xCF1C, 0xCF1C, 0xD71D, 0xD73D, 0x0000, 0x0000, 0x0000, 0x0000, 0x0000, 0x0000, 0x0000,
    0x0000, 0x0000, 0x0000, 0x0000, 0x0000, 0x0000, 0x0000, 0x0000, 0x0000, 0x0000, 0x0000, 0x0000,
    0x0000, 0x0000, 0x0000, 0x0000, 0x0000, 0x0000, 0x0000, 0x0000, 0x0000, 0x0000, 0x0000, 0x0000,
    0x0000, 0x0000, 0x0000, 0x0000, 0x0000, 0x0000, 0x0000, 0x0000, 0x0000, 0x0000, 0x0000, 0x0000,
    0x0000, 0x0000, 0x0000, 0x0000, 0x0000, 0x0000, 0x0000, 0x0000, 0x0000, 0x0000, 0x0000, 0x0000,
    0x0000, 0x0000, 0x0000, 0x0000, 0x0000, 0x0000, 0x0000, 0x0000, 0x0000, 0x0000, 0x0000, 0x0000,
    0x0000, 0x0000, 0x0000, 0xD73D, 0xD73D, 0xD71D, 0xD71D, 0xBE9B, 0xB63A, 0xB63A, 0xB61A, 0xB619,
    0xADF9, 0xAE19, 0xAE19, 0xB619, 0x9D56, 0x0000, 0x0000, 0x0000, 0x0000, 0x0000, 0x0000, 0x0000,
    0x0000, 0x0000, 0x0000, 0x0000, 0x0000, 0x0000, 0x0000, 0x0000, 0x0000, 0x0000, 0x0000, 0x0000,
    0x0000, 0x0000, 0x0000, 0x0000, 0x0000, 0x0000, 0x0000, 0x0000, 0x0000, 0x0000, 0x4A8B, 0xB65A,
    0xA5D8, 0xADD9, 0xADF9, 0xADF9, 0xB619, 0xB619, 0xB619, 0xB63A, 0xCEDC, 0xCEFC, 0xD71D, 0xD71C,
    0xD73D, 0x0000, 0x0000, 0x0000, 0x0000, 0x0000, 0x0000, 0x0000, 0x0000, 0x0000, 0x0000, 0x0000,
    0x0000, 0x0000, 0x0000, 0x0000, 0x0000, 0x0000, 0x0000, 0x0000, 0x0000, 0x0000, 0x0000, 0x0000,
    0x0000, 0x0000, 0x0000, 0x0000, 0x0000, 0x0000, 0x0000, 0x0000, 0x0000, 0x0000, 0x0000, 0x0000,
    0x0000, 0x0000, 0x0000, 0x0000, 0x0000, 0x0000, 0x0000, 0x0000, 0x0000, 0x0000, 0x0000, 0x0000,
    0x0000, 0x0000, 0x0000, 0x0000, 0x0000, 0x0000, 0x0000, 0x0000, 0x0000, 0x0000, 0x0000, 0x0000,
    0x0000, 0x0000, 0x0000, 0x0000, 0x0000, 0x0000, 0x0000, 0x0000, 0x0000, 0x0000, 0x0000, 0x0000,
    0xD73D, 0xD73D, 0xD71D, 0xCEFC, 0xB65A, 0xB63A, 0xB63A, 0xB63A, 0xB619, 0xADF9, 0xAE19, 0xADF9,
    0xB65A, 0x3A09, 0x0000, 0x0000, 0x0000, 0x0000, 0x0000, 0x0000, 0x0000, 0x0000, 0x0000, 0x0000,
    0x0000, 0x0000, 0x0000, 0x0000, 0x0000, 0x0000, 0x0000, 0x0000, 0x0000, 0x0000, 0x0000, 0x0000,
    0x0000, 0x0000, 0x0000, 0x0000, 0x0000, 0x0000, 0x8452, 0xB65A, 0xADF9, 0xADF9, 0xADF9, 0xADF9,
    0xB619, 0xB619, 0xB619, 0xC6BB, 0xCEFC, 0xCEFC, 0xD71D, 0xD73D, 0xD73D, 0x0000, 0x0000, 0x0000,
    0x0000, 0x0000, 0x0000, 0x0000, 0x0000, 0x0000, 0x0000, 0x0000, 0x0000, 0x0000, 0x0000, 0x0000,
    0x0000, 0x0000, 0x0000, 0x0000, 0x0000, 0x0000, 0x0000, 0x0000, 0x0000, 0x0000, 0x0000, 0x0000,
    0x0000, 0x0000, 0x0000, 0x0000, 0x0000, 0x0000, 0x0000, 0x0000, 0x0000, 0x0000, 0x0000, 0x0000,
    0x0000, 0x0000, 0x0000, 0x0000, 0x0000, 0x0000, 0x0000, 0x0000, 0x0000, 0x0000, 0x0000, 0x0000,
    0x0000, 0x0000, 0x0000, 0x0000, 0x0000, 0x0000, 0x0000, 0x0000, 0x0000, 0x0000, 0x0000, 0x0000,
    0x0000, 0x0000, 0x0000, 0x0000, 0x0000, 0x0000, 0x0000, 0x0000, 0x0000, 0xD73D, 0xD71C, 0xD71D,
    0xC6BB, 0xB63A, 0xB63A, 0xB63A, 0xB619, 0xADF9, 0xADD9, 0xADF9, 0xB65A, 0x7411, 0x0000, 0x0000,
    0x0000, 0x0000, 0x0000, 0x0000, 0x0000, 0x0000, 0x0000, 0x0000, 0x0000, 0x0000, 0x0000, 0x0000,
    0x0000, 0x0000, 0x0000, 0x0000, 0x0000, 0x0000, 0x0000, 0x0000, 0x0000, 0x0000, 0x0000, 0x0000,
    0x0000, 0x0882, 0xA597, 0xAE19, 0xADF9, 0xADF9, 0xADD8, 0xADF9, 0xB619, 0xB619, 0xBE5A, 0xCEFC,
    0xCEFC, 0xCF1C, 0xD71D, 0xD73D, 0x0000, 0x0000, 0x0000, 0x0000, 0x0000, 0x0000, 0x0000, 0x0000,
    0x0000, 0x0000, 0x0000, 0x0000, 0x0000, 0x0000, 0x0000, 0x0000, 0x0000, 0x0000, 0x0000, 0x0000,
    0x0000, 0x0000, 0x0000, 0x0000, 0x0000, 0x0000, 0x0000, 0x0000, 0x0000, 0x0000, 0x0000, 0x0000,
    0x0000, 0x0000, 0x0000, 0x0000, 0x0000, 0x0000, 0x0000, 0x0000, 0x0000, 0x0000, 0x0000, 0x0000,
    0x0000, 0x0000, 0x0000, 0x0000, 0x0000, 0x0000, 0x0000, 0x0000, 0x0000, 0x0000, 0x0000, 0x0000,
    0x0000, 0x0000, 0x0000, 0x0000, 0x0000, 0x0000, 0x0000, 0x0000, 0x0000, 0x0000, 0x0000, 0x0000,
    0x0000, 0x0000, 0x0000, 0xD73D, 0xD73D, 0xD73D, 0xD71D, 0xD71D, 0xCEFC, 0xB65A, 0xB63A, 0xB63A,
    0xAE19, 0xADF9, 0xADF9, 0xA5D8, 0xADF9, 0x9D77, 0x0000, 0x0000, 0x0000, 0x0000, 0x0000, 0x0000,
    0x0000, 0x0000, 0x0000, 0x0000, 0x0000, 0x0000, 0x0000, 0x0000, 0x0000, 0x0000, 0x0000, 0x0000,
    0x0000, 0x0000, 0x0000, 0x0000, 0x0000, 0x0000, 0x0000, 0x0000, 0x0000, 0x31A7, 0xB63A, 0xADF8,
    0xADF9, 0xA5D8, 0xADF9, 0xADD8, 0xB619, 0xB619, 0xC6BB, 0xCEFC, 0xCEFC, 0xCEFC, 0xD71C, 0xD73D,
    0x0000, 0x0000, 0x0000, 0x0000, 0x0000, 0x0000, 0x0000, 0x0000, 0x0000, 0x0000, 0x0000, 0x0000,
    0x0000, 0x0000, 0x0000, 0x0000, 0x0000, 0x0000, 0x0000, 0x0000, 0x0000, 0x0000, 0x0000, 0x0000,
    0x0000, 0x0000, 0x0000, 0x0000, 0x0000, 0x0000, 0x0000, 0x0000, 0x0000, 0x0000, 0x0000, 0x0000,
    0x0000, 0x0000, 0x0000, 0x0000, 0x0000, 0x0000, 0x0000, 0x0000, 0x0000, 0x0000, 0x0000, 0x0000,
    0x0000, 0x0000, 0x0000, 0x0000, 0x0000, 0x0000, 0x0000, 0x0000, 0x0000, 0x0000, 0x0000, 0x0000,
    0x0000, 0x0000, 0x0000, 0x0000, 0x0000, 0x0000, 0x0000, 0x0000, 0x0000, 0x0000, 0x0000, 0xD73D,
    0xD73D, 0xD73D, 0xD71C, 0xCEFC, 0xCF1C, 0xC69B, 0xB639, 0xB639, 0xB619, 0xADF9, 0xADF9, 0xADF9,
    0xA5D8, 0xADF9, 0x2145, 0x0000, 0x0000, 0x0000, 0x0000, 0x0000, 0x0000, 0x0000, 0x0000, 0x0000,
    0x0000, 0x0000, 0x0000, 0x0000, 0x0000, 0x0000, 0x0000, 0x0000, 0x0000, 0x0000, 0x0000, 0x0000,
    0x0000, 0x0000, 0x0000, 0x0000, 0x0000, 0x52CC, 0xBE5A, 0xADD8, 0xADF9, 0xA5D8, 0xADF9, 0xADF9,
    0xADF9, 0xB65A, 0xCEFC, 0xCEFC, 0xCF1C, 0xCF1D, 0xD71C, 0xD71C, 0xD73D, 0x0000, 0x0000, 0x0000,
    0x0000, 0x0000, 0x0000, 0x0000, 0x0000, 0x0000, 0x0000, 0x0000, 0x0000, 0x0000, 0x0000, 0x0000,
    0x0000, 0x0000, 0x0000, 0x0000, 0x0000, 0x0000, 0x0000, 0x0000, 0x0000, 0x0000, 0x0000, 0x0000,
    0x0000, 0x0000, 0x0000, 0x0000, 0x0000, 0x0000, 0x0000, 0x0000, 0x0000, 0x0000, 0x0000, 0x0000,
    0x0000, 0x0000, 0x0000, 0x0000, 0x0000, 0x0000, 0x0000, 0x0000, 0x0000, 0x0000, 0x0000, 0x0000,
    0x0000, 0x0000, 0x0000, 0x0000, 0x0000, 0x0000, 0x0000, 0x0000, 0x0000, 0x0000, 0x0000, 0x0000,
    0x0000, 0x0000, 0x0000, 0x0000, 0x0000, 0x0000, 0x0000, 0xD73D, 0xD71C, 0xD71C, 0xCEFC, 0xCEFC,
    0xCEFC, 0xCEDC, 0xB639, 0xB639, 0xB619, 0xAE19, 0xAE19, 0xADF9, 0xA5B8, 0xB63A, 0x426A, 0x0000,
    0x0000, 0x0000, 0x0000, 0x0000, 0x0000, 0x0000, 0x0000, 0x0000, 0x0000, 0x0000, 0x0000, 0x0000,
    0x0000, 0x0000, 0x0000, 0x0000, 0x0000, 0x0000, 0x0000, 0x0000, 0x0000, 0x0000, 0x0000, 0x0000,
    0x0000, 0x73F0, 0xB63A, 0xADD8, 0xADF9, 0xADD9, 0xADF9, 0xADF9, 0xAE19, 0xC6BB, 0xCF1C, 0xCEFC,
    0xCEFC, 0xD71D, 0xD73D, 0xD73D, 0xD71C, 0xD73D, 0x0000, 0x0000, 0x0000, 0x0000, 0x0000, 0x0000,
    0x0000, 0x0000, 0x0000, 0x0000, 0x0000, 0x0000, 0x0000, 0x0000, 0x0000, 0x0000, 0x0000, 0x0000,
    0x0000, 0x0000, 0x0000, 0x0000, 0x0000, 0x0000, 0x0000, 0x0000, 0x0000, 0x0000, 0x0000, 0x0000,
    0x0000, 0x0000, 0x0000, 0x0000, 0x0000, 0x0000, 0x0000, 0x0000, 0x0000, 0x0000, 0x0000, 0x0000,
    0x0000, 0x0000, 0x0000, 0x0000, 0x0000, 0x0000, 0x0000, 0x0000, 0x0000, 0x0000, 0x0000, 0x0000,
    0x0000, 0x0000, 0x0000, 0x0000, 0x0000, 0x0000, 0x0000, 0x0000, 0x0000, 0x0000, 0x0000, 0x0000,
    0x0000, 0x0000, 0x0000, 0x0000, 0xD71C, 0xD71C, 0xD71D, 0xCF1C, 0xCEDC, 0xC6DB, 0xBE7A, 0xB619,
    0xB619, 0xB619, 0xAE19, 0xADF9, 0xADD8, 0xB63A, 0x638F, 0x0000, 0x0000, 0x0000, 0x0000, 0x0000,
    0x0000, 0x0000, 0x0000, 0x0000, 0x0000, 0x0000, 0x0000, 0x0000, 0x0000, 0x0000, 0x0000, 0x0000,
    0x0000, 0x0000, 0x0000, 0x0000, 0x0000, 0x0000, 0x0000, 0x0000, 0x0000, 0x84B4, 0xB61A, 0xADD8,
    0xADD9, 0xADF9, 0xAE19, 0xB619, 0xB63A, 0xCEFC, 0xCEFC, 0xCEFC, 0xCEFC, 0xCF1C, 0xD71C, 0xD73D,
    0xD71C, 0xD73C, 0x0000, 0x0000, 0x0000, 0x0000, 0x0000, 0x0000, 0x0000, 0x0000, 0x0000, 0x0000,
    0x0000, 0x0000, 0x0000, 0x0000, 0x0000, 0x0000, 0x0000, 0x0000, 0x0000, 0x0000, 0x0000, 0x0000,
    0x0000, 0x0000, 0x0000, 0x0000, 0x0000, 0x0000, 0x0000, 0x0000, 0x0000, 0x0000, 0x0000, 0x0000,
    0x0000, 0x0000, 0x0000, 0x0000, 0x0000, 0x0000, 0x0000, 0x0000, 0x0000, 0x0000, 0x0000, 0x0000,
    0x0000, 0x0000, 0x0000, 0x0000, 0x0000, 0x0000, 0x0000, 0x0000, 0x0000, 0x0000, 0x0000, 0x0000,
    0x0000, 0x0000, 0x0000, 0x0000, 0x0000, 0x0000, 0x0000, 0x0000, 0x0000, 0x0000, 0x0000, 0xD73D,
    0xD71D, 0xD73D, 0xD71D, 0xCF1C, 0xCEFC, 0xC6DB, 0xC6BB, 0xB639, 0xB619, 0xB619, 0xADF9, 0xADF9,
    0xADF9, 0xB63A, 0x7C73, 0x0000, 0x0000, 0x0000, 0x0000, 0x0000, 0x0000, 0x0000, 0x0000, 0x0000,
    0x0000, 0x0000, 0x0000, 0x0000, 0x0000, 0x0000, 0x0000, 0x0000, 0x0000, 0x0000, 0x0000, 0x0000,
    0x0000, 0x0000, 0x0000, 0x0000, 0x0000, 0x9D36, 0xADF9, 0xADD9, 0xADD9, 0xADF9, 0xAE19, 0xB619,
    0xBE9B, 0xCF1C, 0xCEFC, 0xCEFC, 0xCF1C, 0xD71D, 0xCF1C, 0x0000, 0x0000, 0x0000, 0xD6FB, 0xBE39,
    0xB5F7, 0xB618, 0xCE9A, 0x0000, 0x0000, 0x0000, 0x0000, 0x0000, 0x0000, 0x0000, 0x0000, 0x0000,
    0x0000, 0x0000, 0x0000, 0x0000, 0x0000, 0x0000, 0x0000, 0x0000, 0x0000, 0x0000, 0x0000, 0x0000,
    0x0000, 0x0000, 0x0000, 0x0000, 0x0000, 0x0000, 0x0000, 0x0000, 0x0000, 0x0000, 0x0000, 0x0000,
    0x0000, 0x0000, 0x0000, 0x0000, 0x0000, 0x0000, 0x0000, 0x0000, 0x0000, 0x0000, 0x0000, 0x0000,
    0x0000, 0x0000, 0x0000, 0x0000, 0x0000, 0x0000, 0x0000, 0x0000, 0x0000, 0x0000, 0x0000, 0x0000,
    0x0000, 0xC69A, 0xBE18, 0xB5F8, 0xBE59, 0xD6FC, 0x0000, 0x0000, 0xD73D, 0xD71C, 0xD71C, 0xCF1C,
    0xCEFC, 0xC6DC, 0xCEDC, 0xBE7A, 0xB619, 0xB619, 0xB619, 0xAE19, 0xADF9, 0xB63A, 0x94F5, 0x0000,
    0x0000, 0x0000, 0x0000, 0x0000, 0x0000, 0x0000, 0x0000, 0x0000, 0x0000, 0x0000, 0x0000, 0x0000,
    0x0000, 0x0000, 0x0000, 0x0000, 0x0000, 0x0000, 0x0000, 0x0000, 0x0000, 0x0000, 0x0000, 0x0000,
    0x10C3, 0xA597, 0xADD8, 0xADD9, 0xADF9, 0xADF9, 0xB619, 0xB619, 0xC6DC, 0xCF1C, 0xCEFC, 0xCF1C,
    0xCEFC, 0xD71D, 0x0000, 0xCEDB, 0x8472, 0x4228, 0x18C3, 0x0000, 0x0000, 0x0000, 0x0000, 0x2104,
    0x4A69, 0x8471, 0xC67A, 0x0000, 0x0000, 0x0000, 0x0000, 0x0000, 0x0000, 0x0000, 0x0000, 0x0000,
    0x0000, 0x0000, 0x0000, 0x0000, 0x0000, 0x0000, 0x0000, 0x0000, 0x0000, 0x0000, 0x0000, 0x0000,
    0x0000, 0x0000, 0x0000, 0x0000, 0x0000, 0x0000, 0x0000, 0x0000, 0x0000, 0x0000, 0x0000, 0x0000,
    0x0000, 0x0000, 0x0000, 0x0000, 0x0000, 0x0000, 0x0000, 0x0000, 0x0000, 0x0000, 0x0000, 0x0000,
    0x0000, 0x0000, 0x0000, 0x0000, 0x0000, 0xC659, 0x8451, 0x4249, 0x18E3, 0x0000, 0x0000, 0x0000,
    0x0000, 0x18E3, 0x4A6A, 0x94F4, 0xD71C, 0x0000, 0xD71C, 0xCEFC, 0xCEFC, 0xCEFC, 0xCEFC, 0xBE9B,
    0xB619, 0xB619, 0xB619, 0xB619, 0xADF9, 0xB61A, 0x9D77, 0x0882, 0x0000, 0x0000, 0x0000, 0x0000,
    0x0000, 0x0000, 0x0000, 0x0000, 0x0000, 0x0000, 0x0000, 0x0000, 0x0000, 0x0000, 0x0000, 0x0000,
    0x0000, 0x0000, 0x0000, 0x0000, 0x0000, 0x0000, 0x0000, 0x0000, 0x2125, 0xADD9, 0xADF8, 0xADF9,
    0xADF9, 0xADF9, 0xB5F9, 0xB63A, 0xCEFC, 0xCEFC, 0xCEFC, 0xCEDC, 0xD75E, 0xD71C, 0x73CF, 0x18C3,
    0x0000, 0x0000, 0x0000, 0x0000, 0x0000, 0x0000, 0x0000, 0x0000, 0x0000, 0x0000, 0x0000, 0x4229,
    0x9D14, 0x0000, 0x0000, 0x0000, 0x0000, 0x0000, 0x0000, 0x0000, 0x0000, 0x0000, 0x0000, 0x0000,
    0x0000, 0x0000, 0x0000, 0x0000, 0x0000, 0x0000, 0x0000, 0x0000, 0x0000, 0x0000, 0x0000, 0x0000,
    0x0000, 0x0000, 0x0000, 0x0000, 0x0000, 0x0000, 0x0000, 0x0000, 0x0000, 0x0000, 0x0000, 0x0000,
    0x0000, 0x0000, 0x0000, 0x0000, 0x0000, 0x0000, 0x0000, 0x0000, 0x0000, 0x0000, 0x0000, 0x8C72,
    0x31C7, 0x0000, 0x0000, 0x0000, 0x0000, 0x0000, 0x0000, 0x0000, 0x0000, 0x0000, 0x0000, 0x0000,
    0x2124, 0x8472, 0xD73D, 0xD73D, 0xCEFC, 0xCEFC, 0xCEFC, 0xC6DB, 0xB63A, 0xB619, 0xB619, 0xB619,
    0xADF9, 0xAE19, 0xA5D9, 0x1904, 0x0000, 0x0000, 0x0000, 0x0000, 0x0000, 0x0000, 0x0000, 0x0000,
    0x0000, 0x0000, 0x0000, 0x0000, 0x0000, 0x0000, 0x0000, 0x0000, 0x0000, 0x0000, 0x0000, 0x0000,
    0x0000, 0x0000, 0x0000, 0x0000, 0x31A7, 0xB61A, 0xADF9, 0xADF9, 0xAE19, 0xB619, 0xB5F9, 0xBE7A,
    0xCEFC, 0xCEDC, 0xCEDC, 0x0000, 0xADB7, 0x2965, 0x0000, 0x0000, 0x0000, 0x0000, 0x0000, 0x0000,
    0x0000, 0x0000, 0x0000, 0x0000, 0x0000, 0x0000, 0x0000, 0x0000, 0x0000, 0x2945, 0x8C92, 0x0000,
    0x0000, 0x0000, 0x0000, 0x0000, 0x0000, 0x0000, 0x0000, 0x0000, 0x0000, 0x0000, 0x0000, 0x0000,
    0x0000, 0x0000, 0x0000, 0x0000, 0x0000, 0x0000, 0x0000, 0x0000, 0x0000, 0x0000, 0x0000, 0x0000,
    0x0000, 0x0000, 0x0000, 0x0000, 0x0000, 0x0000, 0x0000, 0x0000, 0x0000, 0x0000, 0x0000, 0x0000,
    0x0000, 0x0000, 0x0000, 0x0000, 0xD71C, 0x7BF0, 0x18E3, 0x0000, 0x0000, 0x0000, 0x0000, 0x0000,
    0x0000, 0x0000, 0x0000, 0x0000, 0x0000, 0x0000, 0x0000, 0x0000, 0x0000, 0x0000, 0x39C7, 0xBE59,
    0x0000, 0xCEFC, 0xCEFC, 0xCEFC, 0xBE5A, 0xB619, 0xB619, 0xB619, 0xADF9, 0xAE19, 0xADFA, 0x2166,
    0x0000, 0x0000, 0x0000, 0x0000, 0x0000, 0x0000, 0x0000, 0x0000, 0x0000, 0x0000, 0x0000, 0x0000,
    0x0000, 0x0000, 0x0000, 0x0000, 0x0000, 0x0000, 0x0000, 0x0000, 0x0000, 0x0000, 0x0000, 0x0000,
    0x3A29, 0xB63A, 0xADF9, 0xADF9, 0xAE19, 0xB619, 0xB5F9, 0xC69B, 0xCEFC, 0xCEDC, 0x0000, 0x8472,
    0x0000, 0x0000, 0x0000, 0x0000, 0x2966, 0x424A, 0x52ED, 0x530E, 0x4ACC, 0x3A09, 0x1905, 0x0000,
    0x0000, 0x0000, 0x0000, 0x0000, 0x0000, 0x0000, 0x0000, 0x2945, 0x9D14, 0x0000, 0x0000, 0x0000,
    0x0000, 0x0000, 0x0000, 0x0000, 0x0000, 0x0000, 0x0000, 0x0000, 0x0000, 0x0000, 0x0000, 0x0000,
    0x0000, 0x0000, 0x0000, 0x0000, 0x0000, 0x0000, 0x0000, 0x0000, 0x0000, 0x0000, 0x0000, 0x0000,
    0x0000, 0x0000, 0x0000, 0x0000, 0x0000, 0x0000, 0x0000, 0x0000, 0x0000, 0x0000, 0x0000, 0x8471,
    0x18E3, 0x0000, 0x0000, 0x0000, 0x0000, 0x0000, 0x0000, 0x0000, 0x0000, 0x2125, 0x3A2A, 0x52ED,
    0x5B2E, 0x530D, 0x424A, 0x2146, 0x0000, 0x0000, 0x0000, 0x10A2, 0x9D35, 0x0000, 0xC6DC, 0xCEDC,
    0xC69B, 0xAE19, 0xB63A, 0xB619, 0xADF9, 0xAE19, 0xAE1A, 0x31C8, 0x0000, 0x0000, 0x0000, 0x0000,
    0x0000, 0x0000, 0x0000, 0x0000, 0x0000, 0x0000, 0x0000, 0x0000, 0x0000, 0x0000, 0x0000, 0x0000,
    0x0000, 0x0000, 0x0000, 0x0000, 0x0000, 0x0000, 0x0000, 0x0000, 0x428B, 0xB63A, 0xADF9, 0xADF9,
    0xADF9, 0xB619, 0xB619, 0xC6DB, 0xC6DB, 0x0000, 0x73CF, 0x0000, 0x0000, 0x1082, 0x4AAC, 0x7454,
    0x84D6, 0x8CF6, 0x84F6, 0x84D6, 0x84F6, 0x8CF7, 0x8CF6, 0x7433, 0x426B, 0x1082, 0x0000, 0x0000,
    0x0000, 0x0000, 0x0000, 0x0000, 0x0000, 0x4229, 0xC659, 0x0000, 0x0000, 0x0000, 0x0000, 0x0000,
    0x0000, 0x0000, 0x0000, 0x0000, 0x0000, 0x0000, 0x0000, 0x0000, 0x0000, 0x0000, 0x0000, 0x0000,
    0x0000, 0x0000, 0x0000, 0x0000, 0x0000, 0x0000, 0x0000, 0x0000, 0x0000, 0x0000, 0x0000, 0x0000,
    0x0000, 0x0000, 0x0000, 0x0000, 0x0000, 0xB5B7, 0x2986, 0x0000, 0x0000, 0x0000, 0x0000, 0x0000,
    0x0000, 0x0000, 0x10C3, 0x4AAC, 0x7453, 0x8D16, 0x9537, 0x8D37, 0x8D37, 0x8D37, 0x8D17, 0x8CF6,
    0x7C53, 0x426B, 0x0000, 0x0000, 0x0000, 0x8C92, 0x0000, 0xCEDC, 0xC6DB, 0xB619, 0xB619, 0xB619,
    0xB619, 0xADF9, 0xAE1A, 0x3A29, 0x0000, 0x0000, 0x0000, 0x0000, 0x0000, 0x0000, 0x0000, 0x0000,
    0x0000, 0x0000, 0x0000, 0x0000, 0x0000, 0x0000, 0x0000, 0x0000, 0x0000, 0x0000, 0x0000, 0x0000,
    0x0000, 0x0000, 0x0000, 0x0000, 0x52CD, 0xB65B, 0xADF9, 0xADF9, 0xADF9, 0xADF9, 0xB63A, 0xC6DB,
    0xD75E, 0x7C51, 0x0000, 0x0000, 0x31E9, 0x7454, 0x8D17, 0x8D17, 0x9537, 0x9557, 0x9D57, 0x9537,
    0x8D16, 0x84D5, 0x84B5, 0x84D6, 0x8D17, 0x7C95, 0x4A8C, 0x0000, 0x0000, 0x0000, 0x0000, 0x0000,
    0x0000, 0x0000, 0x0000, 0x7C10, 0x0000, 0x0000, 0x0000, 0x0000, 0x0000, 0x0000, 0x0000, 0x0000,
    0x0000, 0x0000, 0x0000, 0x0000, 0x0000, 0x0000, 0x0000, 0x0000, 0x0000, 0x0000, 0x0000, 0x0000,
    0x0000, 0x0000, 0x0000, 0x0000, 0x0000, 0x0000, 0x0000, 0x0000, 0x0000, 0x0000, 0x0000, 0x0000,
    0x634D, 0x0000, 0x0000, 0x0000, 0x0000, 0x0000, 0x0000, 0x0000, 0x0882, 0x52ED, 0x84B5, 0x8D17,
    0x84D6, 0x84D6, 0x8CF6, 0x9537, 0x9D77, 0x9D77, 0x9D57, 0x9536, 0x8D17, 0x8D37, 0x7433, 0x31A8,
    0x0000, 0x0000, 0x9514, 0x0000, 0xC6DB, 0xB63A, 0xAE19, 0xB619, 0xB619, 0xADF9, 0xAE3A, 0x428B,
    0x0000, 0x0000, 0x0000, 0x0000, 0x0000, 0x0000, 0x0000, 0x0000, 0x0000, 0x0000, 0x0000, 0x0000,
    0x0000, 0x0000, 0x0000, 0x0000, 0x0000, 0x0000, 0x0000, 0x0000, 0x0000, 0x0000, 0x0000, 0x0000,
    0x5B2E, 0xB65A, 0xB5F9, 0xB619, 0xB619, 0xADF9, 0xB63A, 0xD75D, 0x9D35, 0x0000, 0x0000, 0x5B2F,
    0x8D17, 0x9557, 0xA5B8, 0xB5F9, 0xB639, 0xB639, 0xB63A, 0xB619, 0xB619, 0xADF9, 0xA5B8, 0x9537,
    0x84B5, 0x84D6, 0x8D37, 0x7C54, 0x29A7, 0x0000, 0x0000, 0x0000, 0x0000, 0x0000, 0x0000, 0x0000,
    0x39E7, 0xC67A, 0x0000, 0x0000, 0x0000, 0x0000, 0x0000, 0x0000, 0x0000, 0x0000, 0x0000, 0x0000,
    0x0000, 0x0000, 0x0000, 0x0000, 0x0000, 0x0000, 0x0000, 0x0000, 0x0000, 0x0000, 0x0000, 0x0000,
    0x0000, 0x0000, 0x0000, 0x0000, 0x0000, 0x0000, 0xB5D7, 0x2124, 0x0000, 0x0000, 0x0000, 0x0000,
    0x0000, 0x0000, 0x0000, 0x31C8, 0x7C74, 0x8D17, 0x84B5, 0x84D5, 0x9D57, 0xADD8, 0xB5F9, 0xB619,
    0xB619, 0xB639, 0xB639, 0xB619, 0xADF8, 0x9D98, 0x9557, 0x8CF6, 0x52ED, 0x0000, 0x0000, 0xADF8,
    0xD73D, 0xB65A, 0xB619, 0xB619, 0xAE19, 0xADF9, 0xB63A, 0x4ACC, 0x0000, 0x0000, 0x0000, 0x0000,
    0x0000, 0x0000, 0x0000, 0x0000, 0x0000, 0x0000, 0x0000, 0x0000, 0x0000, 0x0000, 0x0000, 0x0000,
    0x0000, 0x0000, 0x0000, 0x0000, 0x0000, 0x0000, 0x0000, 0x0000, 0x5B4E, 0xB63A, 0xADF9, 0xADF9,
    0xADF9, 0xADF9, 0xBE9B, 0xC69A, 0x10A2, 0x0882, 0x6BF2, 0x9D78, 0xA5B8, 0xB619, 0xB619, 0xB619,
    0xB619, 0xB619, 0xB619, 0xB619, 0xAE19, 0xB619, 0xB619, 0xB619, 0xADD9, 0x9536, 0x7CB5, 0x84F6,
    0x8D17, 0x52ED, 0x0000, 0x0000, 0x0000, 0x0000, 0x0000, 0x0000, 0x0000, 0x0000, 0x94F3, 0x0000,
    0x0000, 0x0000, 0x0000, 0x0000, 0x0000, 0x0000, 0x0000, 0x0000, 0x0000, 0x0000, 0x0000, 0x0000,
    0x0000, 0x0000, 0x0000, 0x0000, 0x0000, 0x0000, 0x0000, 0x0000, 0x0000, 0x0000, 0x0000, 0x0000,
    0x0000, 0x7C10, 0x0000, 0x0000, 0x0000, 0x0000, 0x0000, 0x0000, 0x0000, 0x0000, 0x5B4F, 0x8D17,
    0x84D6, 0x84B5, 0x9D77, 0xADF9, 0xB639, 0xB619, 0xB619, 0xAE19, 0xADF9, 0xB619, 0xB619, 0xADF9,
    0xADF9, 0xB619, 0xB619, 0xA5B8, 0x9578, 0x6BB1, 0x0000, 0x2124, 0xCEFC, 0xBE7A, 0xAE19, 0xB619,
    0xADF9, 0xAE19, 0xB63A, 0x4AED, 0x0000, 0x0000, 0x0000, 0x0000, 0x0000, 0x0000, 0x0000, 0x0000,
    0x0000, 0x0000, 0x0000, 0x0000, 0x0000, 0x0000, 0x0000, 0x0000, 0x0000, 0x0000, 0x0000, 0x0000,
    0x0000, 0x0000, 0x0000, 0x0000, 0x5B4F, 0xB63A, 0xADF9, 0xADF9, 0xADF9, 0xADF9, 0xCF1D, 0x4A69,
    0x0000, 0x7C53, 0xA5B8, 0xADF9, 0xB5F9, 0xADF9, 0xADF9, 0xB619, 0xB619, 0xB619, 0xB619, 0xB619,
    0xB619, 0xB619, 0xAE19, 0xADF9, 0xB619, 0xB619, 0xA5B8, 0x84D6, 0x84B5, 0x8D37, 0x6BF2, 0x10C3,
    0x0000, 0x0000, 0x0000, 0x0000, 0x0000, 0x0000, 0x0000, 0x634D, 0x0000, 0x0000, 0x0000, 0x0000,
    0x0000, 0x0000, 0x0000, 0x0000, 0x0000, 0x0000, 0x0000, 0x0000, 0x0000, 0x0000, 0x0000, 0x0000,
    0x0000, 0x0000, 0x0000, 0x0000, 0x0000, 0x0000, 0x0000, 0xD71C, 0x4A69, 0x0000, 0x0000, 0x0000,
    0x0000, 0x0000, 0x0000, 0x0000, 0x1905, 0x7433, 0x8D17, 0x7C95, 0x8CF6, 0xADF9, 0xB639, 0xAE19,
    0xADF9, 0xB619, 0xB619, 0xB619, 0xAE19, 0xADF9, 0xADF9, 0xADF9, 0xADF9, 0xAE19, 0xAE19, 0xB619,
    0xB5F9, 0xA5D9, 0x6BF1, 0x0000, 0x5B0C, 0xCF1C, 0xADF8, 0xB619, 0xADF9, 0xADF9, 0xAE1A, 0x52ED,
    0x0000, 0x0000, 0x0000, 0x0000, 0x0000, 0x0000, 0x0000, 0x0000, 0x0000, 0x0000, 0x0000, 0x0000,
    0x0000, 0x0000, 0x0000, 0x0000, 0x0000, 0x0000, 0x0000, 0x0000, 0x0000, 0x0000, 0x0000, 0x0000,
    0x5B4F, 0xB63A, 0xADF9, 0xADF9, 0xADF8, 0xBE7A, 0x94F4, 0x0000, 0x7C53, 0xAE1A, 0xADD8, 0xADF9,
    0xADF9, 0xADF9, 0xB619, 0xB619, 0xB619, 0xB619, 0xB619, 0xB619, 0xB619, 0xB619, 0xAE19, 0xB619,
    0xB619, 0xB619, 0xB619, 0xADD9, 0x8CF6, 0x7C95, 0x8517, 0x7C94, 0x2966, 0x0000, 0x0000, 0x0000,
    0x0000, 0x0000, 0x0000, 0x0000, 0x39E8, 0xD71C, 0x0000, 0x0000, 0x0000, 0x0000, 0x0000, 0x0000,
    0x0000, 0x0000, 0x0000, 0x0000, 0x0000, 0x0000, 0x0000, 0x0000, 0x0000, 0x0000, 0x0000, 0x0000,
    0x0000, 0x0000, 0xC679, 0x2145, 0x0000, 0x0000, 0x0000, 0x0000, 0x0000, 0x0000, 0x0000, 0x31C8,
    0x84D6, 0x8CF6, 0x7C95, 0x9536, 0xB619, 0xB619, 0xAE19, 0xB619, 0xAE19, 0xAE19, 0xB619, 0xB619,
    0xAE19, 0xADF9, 0xADF9, 0xB619, 0xADF9, 0xADF9, 0xB619, 0xADF9, 0xB619, 0xB619, 0xB63A, 0x6BD1,
    0x0000, 0x9D76, 0xB65A, 0xADF9, 0xADF9, 0xADF9, 0xADF9, 0x530D, 0x0000, 0x0000, 0x0000, 0x0000,
    0x0000, 0x0000, 0x0000, 0x0000, 0x0000, 0x0000, 0x0000, 0x0000, 0x0000, 0x0000, 0x0000, 0x0000,
    0x0000, 0x0000, 0x0000, 0x0000, 0x0000, 0x0000, 0x0000, 0x0000, 0x636F, 0xB63A, 0xB5F9, 0xAE19,
    0xADF9, 0xBE5A, 0x2986, 0x638F, 0xB65A, 0xADD8, 0xADD9, 0xADF9, 0xADF9, 0xADF9, 0xADF9, 0xB619,
    0xB639, 0xB619, 0xB619, 0xB619, 0xB619, 0xB619, 0xB619, 0xB619, 0xB619, 0xB619, 0xADF9, 0xB619,
    0xAE19, 0x8D16, 0x7C95, 0x84F6, 0x84D6, 0x39E9, 0x0000, 0x0000, 0x0000, 0x0000, 0x0000, 0x0000,
    0x0000, 0x2945, 0xCEDB, 0x0000, 0x0000, 0x0000, 0x0000, 0x0000, 0x0000, 0x0000, 0x0000, 0x0000,
    0x0000, 0x0000, 0x0000, 0x0000, 0x0000, 0x0000, 0x0000, 0x0000, 0x0000, 0xBE38, 0x10C3, 0x0000,
    0x0000, 0x0000, 0x0000, 0x0000, 0x0000, 0x0000, 0x426B, 0x8D17, 0x84D6, 0x7C95, 0x9536, 0xB639,
    0xB619, 0xB619, 0xB619, 0xB619, 0xB619, 0xB619, 0xB619, 0xAE19, 0xB619, 0xAE19, 0xADF9, 0xAE19,
    0xAE19, 0xAE19, 0xAE19, 0xB619, 0xB619, 0xAE19, 0xAE19, 0xBE7B, 0x5B2D, 0x39E8, 0xBE7B, 0xADF9,
    0xADF9, 0xADD9, 0xA5F9, 0x530E, 0x0000, 0x0000, 0x0000, 0x0000, 0x0000, 0x0000, 0x0000, 0x0000,
    0x0000, 0x0000, 0x0000, 0x0000, 0x0000, 0x0000, 0x0000, 0x0000, 0x0000, 0x0000, 0x0000, 0x0000,
    0x0000, 0x0000, 0x0000, 0x0000, 0x5B6F, 0xB61A, 0xB619, 0xADF9, 0xBE5A, 0x8493, 0x5B0C, 0xBE7B,
    0xADD8, 0xADF9, 0xB5F9, 0xADF9, 0xADF9, 0xADF9, 0xADF9, 0xB619, 0xB639, 0xB619, 0xB619, 0xB619,
    0xB619, 0xAE19, 0xB619, 0xB619, 0xB619, 0xAE19, 0xAE19, 0xADF9, 0xB619, 0xAE19, 0x8CF6, 0x7C95,
    0x84D5, 0x8D17, 0x428B, 0x0000, 0x0000, 0x0000, 0x0000, 0x0000, 0x0000, 0x0000, 0x2965, 0x0000,
    0x0000, 0x0000, 0x0000, 0x0000, 0x0000, 0x0000, 0x0000, 0x0000, 0x0000, 0x0000, 0x0000, 0x0000,
    0x0000, 0x0000, 0xD73D, 0x0000, 0xCEBB, 0x18C3, 0x0000, 0x0000, 0x0000, 0x0000, 0x0000, 0x0000,
    0x0000, 0x52CD, 0x8D37, 0x84B5, 0x7C95, 0x9516, 0xB619, 0xB619, 0xB619, 0xB619, 0xAE19, 0xB619,
    0xB619, 0xB619, 0xB619, 0xAE19, 0xAE19, 0xADF9, 0xAE19, 0xB619, 0xB619, 0xADF9, 0xADF9, 0xB619,
    0xB619, 0xB619, 0xADF9, 0xADF9, 0xBE5B, 0x52AB, 0x94F4, 0xB65A, 0xA5D9, 0xADF9, 0xADF9, 0x530E,
    0x0000, 0x0000, 0x0000, 0x0000, 0x0000, 0x0000, 0x0000, 0x0000, 0x0000, 0x0000, 0x0000, 0x0000,
    0x0000, 0x0000, 0x0000, 0x0000, 0x0000, 0x0000, 0x0000, 0x0000, 0x0000, 0x0000, 0x0000, 0x0000,
    0x5B4F, 0xADF9, 0xB619, 0xADF9, 0xB639, 0x8CD4, 0xADD8, 0xB619, 0xADF8, 0xADF9, 0xADF9, 0xADF9,
    0xB619, 0xB619, 0xB619, 0xB619, 0xB619, 0xB619, 0xB619, 0xB619, 0xB619, 0xB619, 0xB619, 0xB619,
    0xB619, 0xB619, 0xB619, 0xB619, 0xB619, 0xB639, 0xADF9, 0x84F6, 0x7CB5, 0x84B5, 0x8D17, 0x530D,
    0x0000, 0x0000, 0x0000, 0x0000, 0x0000, 0x0000, 0x0000, 0x8431, 0x0000, 0xD73D, 0x0000, 0x0000,
    0x0000, 0x0000, 0x0000, 0x0000, 0x0000, 0x0000, 0x0000, 0x0000, 0x0000, 0x0000, 0xD71C, 0x0000,
    0x6B6D, 0x0000, 0x0000, 0x0000, 0x0000, 0x0000, 0x0000, 0x0000, 0x5B4F, 0x8D17, 0x84B5, 0x84B5,
    0x8D16, 0xB639, 0xB639, 0xB639, 0xB619, 0xB639, 0xB619, 0xB619, 0xB619, 0xB619, 0xADF9, 0xAE19,
    0xADF9, 0xADF9, 0xADF9, 0xAE19, 0xAE19, 0xAE19, 0xB619, 0xAE19, 0xAE19, 0xAE19, 0xADF9, 0xADF9,
    0xB619, 0xADB8, 0x8CD4, 0xB63A, 0xA5D8, 0xADF9, 0xA5FA, 0x530E, 0x0000, 0x0000, 0x0000, 0x0000,
    0x0000, 0x0000, 0x0000, 0x0000, 0x0000, 0x0000, 0x0000, 0x0000, 0x0000, 0x0000, 0x0000, 0x0000,
    0x0000, 0x0000, 0x0000, 0x0000, 0x0000, 0x0000, 0x0000, 0x0000, 0x5B2E, 0xA5D9, 0xB619, 0xAE19,
    0xADF9, 0xB639, 0xB619, 0xB619, 0xB619, 0xAE19, 0xADF9, 0xB619, 0xB619, 0xADF9, 0xAE19, 0xB619,
    0xB619, 0xB619, 0xB619, 0xB619, 0xB619, 0xB619, 0xB619, 0xAE19, 0xADF9, 0xA5B8, 0x9D98, 0x9D77,
    0x9D57, 0x9D77, 0xA5B8, 0x9D78, 0x84B5, 0x84B5, 0x84B5, 0x8D37, 0x6390, 0x0000, 0x0000, 0x0000,
    0x0000, 0x0000, 0x0000, 0x4249, 0x0000, 0xD71C, 0xD73D, 0xD73D, 0xD73D, 0x0000, 0x0000, 0x0000,
    0xD73D, 0xD73D, 0x0000, 0xD73D, 0xD73D, 0xD73D, 0xD71C, 0x0000, 0x31A6, 0x0000, 0x0000, 0x0000,
    0x0000, 0x0000, 0x0882, 0x6BD1, 0x8D17, 0x84B5, 0x84B5, 0x84D6, 0xA598, 0xA598, 0x9D57, 0x9557,
    0x9D57, 0x9D78, 0xA5B8, 0xADD9, 0xADF9, 0xAE19, 0xADF9, 0xAE19, 0xADF9, 0xADF9, 0xAE19, 0xAE19,
    0xADF9, 0xB619, 0xB619, 0xB619, 0xAE19, 0xB619, 0xADF9, 0xB619, 0xADF9, 0xB619, 0xAE19, 0xADF9,
    0xADF9, 0xA5D8, 0xA5B9, 0x52ED, 0x0000, 0x0000, 0x0000, 0x0000, 0x0000, 0x0000, 0x0000, 0x0000,
    0x0000, 0x0000, 0x0000, 0x0000, 0x0000, 0x0000, 0x0000, 0x0000, 0x0000, 0x0000, 0x0000, 0x0000,
    0x0000, 0x0000, 0x0000, 0x0000, 0x530E, 0xA5B9, 0xB619, 0xADF9, 0xADF9, 0xADF9, 0xB619, 0xB619,
    0xB619, 0xB619, 0xB619, 0xB619, 0xB619, 0xAE19, 0xB619, 0xB619, 0xB619, 0xB619, 0xB619, 0xB619,
    0xB619, 0xADF9, 0x9D78, 0x84B5, 0x7433, 0x6BF2, 0x6C33, 0x7474, 0x7C95, 0x7C94, 0x7C95, 0x84D6,
    0x84B5, 0x84D5, 0x84D5, 0x84B5, 0x8D17, 0x7412, 0x18E4, 0x0000, 0x0000, 0x0000, 0x0000, 0x4A8A,
    0x0000, 0xD71C, 0xD71D, 0xD71C, 0xD71C, 0xD73D, 0xD73D, 0xD73D, 0xD71D, 0xD71D, 0xD71D, 0xD71D,
    0xD71D, 0xD71D, 0xCEFC, 0x0000, 0x39E7, 0x0000, 0x0000, 0x0000, 0x0000, 0x2145, 0x7C53, 0x8D17,
    0x84B5, 0x84D6, 0x84B5, 0x84D5, 0x84D6, 0x7C95, 0x7C75, 0x7C74, 0x7453, 0x6BF2, 0x6BD2, 0x7433,
    0x84D5, 0x9578, 0xADFA, 0xB619, 0xADF9, 0xADF9, 0xAE19, 0xADF9, 0xB619, 0xB619, 0xB619, 0xB619,
    0xB619, 0xB619, 0xAE19, 0xAE19, 0xB619, 0xADF9, 0xADF9, 0xADF9, 0xADF9, 0xADD8, 0x9D98, 0x4AAC,
    0x0000, 0x0000, 0x0000, 0x0000, 0x0000, 0x0000, 0x0000, 0x0000, 0x0000, 0x0000, 0x0000, 0x0000,
    0x0000, 0x0000, 0x0000, 0x0000, 0x0000, 0x0000, 0x0000, 0x0000, 0x0000, 0x0000, 0x0000, 0x0000,
    0x4ACD, 0xA598, 0xADF9, 0xADF9, 0xADF9, 0xADF9, 0xAE19, 0xB619, 0xB619, 0xB619, 0xB619, 0xB619,
    0xB619, 0xB619, 0xAE19, 0xB619, 0xB619, 0xB619, 0xB639, 0xAE1A, 0x8CD6, 0x530E, 0x3A29, 0x424A,
    0x634D, 0x7C31, 0x9D14, 0xADD8, 0xB639, 0xADD9, 0x8CF6, 0x7C74, 0x84F6, 0x84D6, 0x84B5, 0x84B5,
    0x84B5, 0x8CF6, 0x84B5, 0x424A, 0x0000, 0x0000, 0x0882, 0xADB7, 0x0000, 0xD71C, 0xCEFC, 0xCEFC,
    0xD71C, 0xCF1C, 0xD71D, 0xCF1D, 0xCEFC, 0xCF1C, 0xCF1C, 0xD71C, 0xCF1C, 0xCEFC, 0xCEFC, 0x0000,
    0x9D35, 0x0000, 0x0000, 0x1082, 0x4AAC, 0x84D6, 0x84F6, 0x84B5, 0x84B6, 0x84B5, 0x84D6, 0x84F6,
    0x7C74, 0x8CF6, 0xADD9, 0xB619, 0xA576, 0x94D3, 0x7C10, 0x5B0D, 0x424A, 0x3A29, 0x532E, 0x84F6,
    0xAE1A, 0xAE19, 0xADF9, 0xB619, 0xB5F9, 0xADF9, 0xB619, 0xB619, 0xB619, 0xAE19, 0xAE19, 0xADF9,
    0xADF9, 0xADF9, 0xADF9, 0xADF9, 0xADF9, 0xADD8, 0x9D78, 0x426B, 0x0000, 0x0000, 0x0000, 0x0000,
    0x0000, 0x0000, 0x0000, 0x0000, 0x0000, 0x0000, 0x0000, 0x0000, 0x0000, 0x0000, 0x0000, 0x0000,
    0x0000, 0x0000, 0x0000, 0x0000, 0x0000, 0x0000, 0x0000, 0x0000, 0x428B, 0x9D98, 0xADF8, 0xADF9,
    0xADF9, 0xADF9, 0xADF9, 0xAE19, 0xB619, 0xB619, 0xB619, 0xB619, 0xB619, 0xB619, 0xAE19, 0xAE19,
    0xAE19, 0xBE5A, 0x9D57, 0x428C, 0x2987, 0x634D, 0xA576, 0xCEDB, 0x0000, 0x0000, 0x0000, 0x0000,
    0x0000, 0x0000, 0xD6FC, 0x9D36, 0x6390, 0x84B5, 0x8CF6, 0x84B5, 0x84D6, 0x84B5, 0x84D5, 0x8D17,
    0x7C74, 0x63B0, 0x7453, 0xBE9B, 0xD73D, 0xD71C, 0xD71C, 0xD71D, 0xCEFC, 0xCEFC, 0xCEFC, 0xCF1C,
    0xCEFC, 0xCEFC, 0xCF1C, 0xCF1C, 0xCEFC, 0xCF1C, 0xCEFC, 0xD71D, 0xBE9B, 0x7453, 0x6BD1, 0x7C95,
    0x8D17, 0x84D6, 0x84B5, 0x84D6, 0x84B5, 0x8CF6, 0x7C94, 0x6BB1, 0xA536, 0xD6FC, 0x0000, 0x0000,
    0x0000, 0x0000, 0x0000, 0x0000, 0xCEDB, 0xA575, 0x632D, 0x2966, 0x42AC, 0x9D98, 0xB63A, 0xB619,
    0xB619, 0xADF9, 0xADF9, 0xADF9, 0xADF9, 0xADF9, 0xADF9, 0xADF9, 0xADF9, 0xADF9, 0xADF9, 0xADF9,
    0xADD8, 0xADD8, 0x9557, 0x3A2A, 0x0000, 0x0000, 0x0000, 0x0000, 0x0000, 0x0000, 0x0000, 0x0000,
    0x0000, 0x0000, 0x0000, 0x0000, 0x0000, 0x0000, 0x0000, 0x0000, 0x0000, 0x0000, 0x0000, 0x0000,
    0x0000, 0x0000, 0x0000, 0x0000, 0x3A4A, 0x9558, 0xADF9, 0xADF9, 0xADF9, 0xADF9, 0xADF9, 0xADF9,
    0xB619, 0xAE19, 0xB619, 0xB619, 0xB619, 0xADF9, 0xB619, 0xB5F9, 0xBE7A, 0x7C52, 0x2146, 0x634D,
    0xC67A, 0x0000, 0x0000, 0x0000, 0x0000, 0x0000, 0x0000, 0x0000, 0x0000, 0x0000, 0xD73D, 0x0000,
    0x0000, 0x526B, 0x6C12, 0x8D17, 0x84B5, 0x84D6, 0x84D5, 0x84B5, 0x84D6, 0x8D17, 0x84D6, 0x84B5,
    0xCEFC, 0xD71D, 0xD71D, 0xCF1C, 0xCF1C, 0xCEFC, 0xCF1C, 0xCF1C, 0xCEFC, 0xCEFC, 0xCEFC, 0xCEFC,
    0xCEFC, 0xCEFC, 0xCF1C, 0xCEDC, 0x84D5, 0x84F6, 0x8D17, 0x84F6, 0x84D5, 0x84D6, 0x84D6, 0x84B5,
    0x8D37, 0x6BF1, 0x5ACD, 0xB577, 0x0000, 0xD71C, 0x0000, 0x0000, 0x0000, 0x0000, 0x0000, 0x0000,
    0x0000, 0x0000, 0x0000, 0xBE59, 0x5AEB, 0x2146, 0x84B4, 0xBE5B, 0xADF9, 0xADF9, 0xAE19, 0xADF9,
    0xADF9, 0xADF9, 0xADF9, 0xADF9, 0xADF9, 0xADF9, 0xADF9, 0xADD8, 0xADD9, 0xADD9, 0x8D37, 0x31C8,
    0x0000, 0x0000, 0x0000, 0x0000, 0x0000, 0x0000, 0x0000, 0x0000, 0x0000, 0x0000, 0x0000, 0x0000,
    0x0000, 0x0000, 0x0000, 0x0000, 0x0000, 0x0000, 0x0000, 0x0000, 0x0000, 0x0000, 0x0000, 0x0000,
    0x31E8, 0x9537, 0xADD8, 0xADF9, 0xADD8, 0xB5F9, 0xADF9, 0xADF9, 0xADF9, 0xAE19, 0xB619, 0xB619,
    0xAE19, 0xB619, 0xADF9, 0xBE7B, 0x638F, 0x2946, 0xAD96, 0x0000, 0xD6BC, 0x0000, 0x8411, 0x630D,
    0x526A, 0x4229, 0x4A49, 0x5AEC, 0x8411, 0xB5B7, 0xD6FC, 0x0000, 0x0000, 0x0000, 0x41E9, 0x6390,
    0x8D17, 0x84B5, 0x84D6, 0x84D6, 0x84D5, 0x84B5, 0x84D6, 0x7C54, 0x9535, 0x0000, 0xCEFC, 0xD71D,
    0xCEFC, 0xCEFC, 0xCEFC, 0xCF1C, 0xCEFC, 0xCEFC, 0xCEFC, 0xCEFC, 0xCEFC, 0xCEFC, 0xD75D, 0x8CF5,
    0x7C74, 0x84D6, 0x84B5, 0x84D6, 0x84D6, 0x84D6, 0x84B6, 0x8D17, 0x532E, 0x524B, 0xB577, 0x0000,
    0xD73D, 0x0000, 0x0000, 0x0000, 0xD69A, 0xBE19, 0xBDF8, 0xC639, 0xCE9B, 0xD6FC, 0xD71D, 0x0000,
    0x0000, 0x9D14, 0x2125, 0x7412, 0xBE7B, 0xADF9, 0xB619, 0xAE19, 0xAE19, 0xADF9, 0xADF9, 0xADF9,
    0xADF9, 0xADF9, 0xADF9, 0xA5D8, 0xADF9, 0xA5B8, 0x8CF6, 0x2987, 0x0000, 0x0000, 0x0000, 0x0000,
    0x0000, 0x0000, 0x0000, 0x0000, 0x0000, 0x0000, 0x0000, 0x0000, 0x0000, 0x0000, 0x0000, 0x0000,
    0x0000, 0x0000, 0x0000, 0x0000, 0x0000, 0x0000, 0x0000, 0x0000, 0x2966, 0x8CF6, 0xA598, 0xB63A,
    0x9D36, 0x9535, 0xB65A, 0xADF9, 0xADF9, 0xAE19, 0xAE19, 0xAE19, 0xAE19, 0xADF8, 0xBE7B, 0x73F0,
    0x3167, 0xC619, 0xCE7B, 0x83D0, 0x39A7, 0x0000, 0x0000, 0x0000, 0x0000, 0x0000, 0x0000, 0x0000,
    0x0000, 0x0000, 0x3166, 0x8C52, 0xCE9B, 0x0000, 0x0000, 0x3987, 0x6390, 0x8D17, 0x84B5, 0x84D6,
    0x84D6, 0x84D6, 0x84D5, 0x8D16, 0x636F, 0xBE59, 0xD73D, 0xCEFC, 0xCEFC, 0xCEFC, 0xCEFC, 0xCEFC,
    0xCEFC, 0xCEFC, 0xCEFC, 0xCEFC, 0xCEFC, 0xD73D, 0xB618, 0x63B0, 0x8D17, 0x84D5, 0x84D6, 0x84D6,
    0x84D6, 0x84B5, 0x8D37, 0x5B2E, 0x4A29, 0x0000, 0xD6FC, 0x0000, 0xC65A, 0x8C72, 0x4A4A, 0x2104,
    0x0000, 0x0000, 0x0000, 0x0000, 0x18A3, 0x41C8, 0x738F, 0x0000, 0xC67A, 0x0000, 0xB5D8, 0x2925,
    0x7C72, 0xBE7B, 0xADF9, 0xB619, 0xAE19, 0xADF9, 0xADF9, 0xADF9, 0xADD9, 0xB63A, 0x94F4, 0x9D56,
    0xB63A, 0x9D77, 0x84D6, 0x1925, 0x0000, 0x0000, 0x0000, 0x0000, 0x0000, 0x0000, 0x0000, 0x0000,
    0x0000, 0x0000, 0x0000, 0x0000, 0x0000, 0x0000, 0x0000, 0x0000, 0x0000, 0x0000, 0x0000, 0x0000,
    0x0000, 0x0000, 0x0000, 0x0000, 0x1904, 0x84D6, 0x9557, 0xADF9, 0xADF9, 0x634E, 0xA597, 0xB63A,
    0xADF9, 0xAE19, 0xAE19, 0xADF9, 0xADF9, 0xBE5A, 0x8CD4, 0x39A8, 0x0000, 0x9453, 0x2926, 0x0000,
    0x0000, 0x0000, 0x0000, 0x0000, 0x0000, 0x0000, 0x0000, 0xA4D2, 0xA4B1, 0x62CA, 0x1081, 0x0000,
    0x3166, 0xA515, 0xCE5B, 0x9C74, 0x2946, 0x7433, 0x8CF6, 0x84D6, 0x84D6, 0x84D6, 0x84D5, 0x8D16,
    0x7412, 0x73D0, 0x0000, 0xCEFC, 0xCEFC, 0xCEFC, 0xCEFC, 0xCEFC, 0xCEFC, 0xCEFC, 0xCEFC, 0xCEFC,
    0xCEFC, 0xD75D, 0x636E, 0x7453, 0x8CF6, 0x84D6, 0x84D6, 0x84D6, 0x84D5, 0x8D17, 0x6BD1, 0x39C8,
    0x0000, 0xC5F9, 0xC639, 0x734E, 0x18E3, 0x0000, 0x0000, 0x0000, 0x5ACA, 0x62EB, 0x62CA, 0x5269,
    0x3185, 0x0000, 0x0000, 0x0000, 0x41E8, 0x9453, 0xCE7B, 0x0000, 0x3167, 0x9D56, 0xB65A, 0xADF9,
    0xB619, 0xB619, 0xAE19, 0xADD8, 0xB65A, 0x9535, 0x636E, 0xB61A, 0xB619, 0x9537, 0x84B5, 0x10A3,
    0x0000, 0x0000, 0x0000, 0x0000, 0x0000, 0x0000, 0x0000, 0x0000, 0x0000, 0x0000, 0x0000, 0x0000,
    0x0000, 0x0000, 0x0000, 0x0000, 0x0000, 0x0000, 0x0000, 0x0000, 0x0000, 0x0000, 0x0000, 0x0000,
    0x0882, 0x84B5, 0x84F6, 0xA5B8, 0xB65A, 0x8CD5, 0x4229, 0xADF9, 0xB63A, 0xADF8, 0xADF9, 0xADF9,
    0xB619, 0xADD8, 0x528B, 0x9C54, 0x5AAD, 0x0000, 0x0000, 0x0000, 0x0000, 0x0000, 0x0000, 0x0000,
    0x0000, 0x738E, 0x6B6D, 0x7BAE, 0xE698, 0xD616, 0xC595, 0x732C, 0x0000, 0x0000, 0x7B8F, 0x0000,
    0x7B90, 0x29A7, 0x8CF6, 0x84D5, 0x84D6, 0x84D6, 0x84D6, 0x84B5, 0x8CF6, 0x426B, 0xBE5A, 0xD73D,
    0xCEFC, 0xCF1C, 0xCEFC, 0xCF1C, 0xCF1C, 0xCEFC, 0xCF1C, 0xCEFC, 0xD73D, 0xB5F8, 0x4A8B, 0x8D17,
    0x84B5, 0x84D6, 0x84D6, 0x84D6, 0x84D6, 0x84D6, 0x29A7, 0x9413, 0x0000, 0x9452, 0x2104, 0x0000,
    0x0000, 0x0000, 0x0000, 0x0000, 0x734C, 0xE678, 0xD616, 0xD617, 0xCDD6, 0xBD74, 0x9450, 0x4A28,
    0x0000, 0x0000, 0x41E8, 0x9CB5, 0x9433, 0x52AB, 0xB63A, 0xB619, 0xB5F9, 0xB619, 0xADF9, 0xBE5A,
    0xA597, 0x39E9, 0x9D56, 0xBE39, 0xA5B8, 0x84F6, 0x7C74, 0x0000, 0x0000, 0x0000, 0x0000, 0x0000,
    0x0000, 0x0000, 0x0000, 0x0000, 0x0000, 0x0000, 0x0000, 0x0000, 0x0000, 0x0000, 0x0000, 0x0000,
    0x0000, 0x0000, 0x0000, 0x0000, 0x0000, 0x0000, 0x0000, 0x0000, 0x0000, 0x7432, 0x84F6, 0x84D5,
    0xA5B8, 0xC6BC, 0x6BD1, 0x31A7, 0xA598, 0xB63A, 0xB5F9, 0xB619, 0xB63A, 0x8473, 0x83D1, 0x39C8,
    0x0000, 0x0000, 0x0000, 0x0000, 0x0000, 0x0000, 0x0000, 0x0000, 0x2965, 0x0000, 0x0000, 0xBDD6,
    0xEF3A, 0xEF1A, 0xD657, 0xD5F6, 0xACD2, 0x2124, 0x0000, 0x6B0D, 0x0000, 0x4A2A, 0x5B4E, 0x8D17,
    0x84D5, 0x84D6, 0x84B5, 0x8CF6, 0x9558, 0x52ED, 0x7C31, 0x0000, 0xCEFC, 0xD71D, 0xD71D, 0xD71D,
    0xD71D, 0xD71C, 0xD71C, 0xCEFC, 0x0000, 0x73CF, 0x5B4F, 0x9557, 0x8CF6, 0x84B6, 0x84D6, 0x84B5,
    0x8D37, 0x4ACC, 0x5ACD, 0xC579, 0x7B6F, 0x0000, 0x0000, 0x0000, 0x0000, 0x0000, 0x5AEB, 0xBDF7,
    0x8C51, 0xD657, 0xF75A, 0xEEF9, 0xE6D9, 0xDE78, 0xD637, 0xD5F6, 0xB4F3, 0x5248, 0x0000, 0x0000,
    0x7B91, 0x83D2, 0x8CB3, 0xBE5A, 0xB619, 0xAE19, 0xBE5B, 0x9D57, 0x2966, 0x7C73, 0xC6BC, 0x9D98,
    0x84D5, 0x8CF6, 0x6BD1, 0x0000, 0x0000, 0x0000, 0x0000, 0x0000, 0x0000, 0x0000, 0x0000, 0x0000,
    0x0000, 0x0000, 0x0000, 0x0000, 0x0000, 0x0000, 0x0000, 0x0000, 0x0000, 0x0000, 0x0000, 0x0000,
    0x0000, 0x0000, 0x0000, 0x0000, 0x0000, 0x6370, 0x8D17, 0x7C94, 0x6BD1, 0x73F1, 0x9516, 0x530E,
    0x2125, 0x7C73, 0xA5B9, 0x9557, 0x9537, 0x8433, 0x2946, 0x0000, 0x7B8D, 0x41E7, 0x0000, 0x0000,
    0x0000, 0x0000, 0x0000, 0x0000, 0x0000, 0x4A49, 0x6B4D, 0x5ACA, 0x0000, 0x0000, 0x0000, 0xE6F9,
    0xD616, 0xBD74, 0x3185, 0x0000, 0x734F, 0x9C74, 0x39E9, 0x84D6, 0x84D6, 0x84D6, 0x84D6, 0xADF8,
    0xAE19, 0x7433, 0x426A, 0x0000, 0xD71C, 0xD73D, 0xD73D, 0xD73D, 0xD73D, 0xD73D, 0xD71C, 0xD71C,
    0xD71C, 0x424A, 0x7C94, 0xAE19, 0xA5B8, 0x84B5, 0x84B5, 0x84D6, 0x7C94, 0x39E9, 0x0000, 0x7B90,
    0x0000, 0x0000, 0x0000, 0x0000, 0x0000, 0x0000, 0x9CF3, 0x0000, 0xCE59, 0xA512, 0x0000, 0x0000,
    0x0000, 0x0000, 0x0000, 0xE6D9, 0xD637, 0xCDF6, 0x9C50, 0x20E3, 0x0000, 0x526B, 0x8C95, 0x9537,
    0x9D57, 0xA5B9, 0x7432, 0x1925, 0x5B4F, 0x8CD5, 0x6BD0, 0x6C12, 0x7CB5, 0x8D17, 0x5B2E, 0x0000,
    0x0000, 0x0000, 0x0000, 0x0000, 0x0000, 0x0000, 0x0000, 0x0000, 0x0000, 0x0000, 0x0000, 0x0000,
    0x0000, 0x0000, 0x0000, 0x0000, 0x0000, 0x0000, 0x0000, 0x0000, 0x0000, 0x0000, 0x0000, 0x0000,
    0x0000, 0x52CD, 0x8D17, 0xA598, 0x9D56, 0x6BD0, 0x4AAB, 0x428B, 0x18E4, 0x0000, 0x52ED, 0x84D6,
    0x7C54, 0x2125, 0x0000, 0x6B0B, 0xEEB9, 0x7BAD, 0x0000, 0x0000, 0x0000, 0x0000, 0x0000, 0x0000,
    0x0000, 0x0000, 0x0000, 0x7BAD, 0x0000, 0xF75A, 0x0000, 0x0000, 0x0000, 0xDE57, 0xC594, 0x2944,
    0x0000, 0x8C12, 0x5ACD, 0x63D1, 0x8D17, 0x84B5, 0x9D77, 0xB619, 0xB619, 0xA5B9, 0x31E9, 0xBE18,
    0x0000, 0xD71D, 0x0000, 0x0000, 0x0000, 0xD73D, 0xD71C, 0x0000, 0xADB7, 0x3A29, 0xA5D9, 0xB619,
    0xB619, 0x9537, 0x7C95, 0x8D17, 0x636F, 0x7390, 0x9453, 0x0000, 0x0000, 0x0000, 0x0000, 0x0000,
    0x0000, 0x0000, 0x0000, 0x31A6, 0x0000, 0x8C0F, 0x0000, 0xEF3A, 0xF75A, 0x0000, 0x0000, 0x0000,
    0x0000, 0x0000, 0xEED9, 0xBD95, 0x39A6, 0x0000, 0x39E9, 0x8495, 0x8495, 0x4A8B, 0x0000, 0x2125,
    0x424A, 0x52AB, 0x73F1, 0xA577, 0x9D77, 0x8D17, 0x428B, 0x0000, 0x0000, 0x0000, 0x0000, 0x0000,
    0x0000, 0x0000, 0x0000, 0x0000, 0x0000, 0x0000, 0x0000, 0x0000, 0x0000, 0x0000, 0x0000, 0x0000,
    0x0000, 0x0000, 0x0000, 0x0000, 0x0000, 0x0000, 0x0000, 0x0000, 0x0000, 0x426B, 0x8D17, 0xADF9,
    0xBE7B, 0xB61A, 0x8CD4, 0x52ED, 0x31C8, 0x1925, 0x10A3, 0x7433, 0x4AAC, 0x0000, 0x0000, 0x0000,
    0x18C2, 0x2945, 0x0000, 0x0000, 0x0000, 0x0000, 0x0000, 0x0000, 0x0000, 0x0000, 0x2104, 0xE719,
    0x0000, 0xF75A, 0x0000, 0x0000, 0x0000, 0x0000, 0xDE78, 0xB513, 0x0000, 0x18C3, 0x7B91, 0x5B4F,
    0x8D17, 0x84F6, 0xADF9, 0xB619, 0xB5F9, 0xBE7B, 0x4AAC, 0x8CB2, 0x0000, 0xD71D, 0x0000, 0x0000,
    0x0000, 0x0000, 0xD71C, 0x0000, 0x7C30, 0x532E, 0xBE7B, 0xADF9, 0xB619, 0xA5D8, 0x84B5, 0x84F6,
    0x636F, 0x8C33, 0x18E4, 0x0000, 0x0000, 0x0000, 0x0000, 0x0000, 0x0000, 0x0000, 0x0000, 0x0000,
    0x0000, 0xC5D5, 0x0000, 0x0000, 0x0000, 0x0000, 0xE6D9, 0xBDB5, 0x9470, 0x632B, 0x39C6, 0x18C2,
    0x0000, 0x0000, 0x0000, 0x5B2F, 0x6BD1, 0x10C3, 0x2146, 0x3A09, 0x532E, 0x8CF5, 0xB619, 0xBE5A,
    0xADD8, 0x8D17, 0x3A09, 0x0000, 0x0000, 0x0000, 0x0000, 0x0000, 0x0000, 0x0000, 0x0000, 0x0000,
    0x0000, 0x0000, 0x0000, 0x0000, 0x0000, 0x0000, 0x0000, 0x0000, 0x0000, 0x0000, 0x0000, 0x0000,
    0x0000, 0x0000, 0x0000, 0x0000, 0x0000, 0x3A4A, 0x8D17, 0x8CF5, 0x638F, 0x3A2A, 0x428B, 0x532F,
    0x532F, 0x5B90, 0x8CD5, 0xA5B8, 0xA597, 0x8C94, 0x5AEE, 0x4A4B, 0x31A8, 0x2104, 0x18C3, 0x0000,
    0x0000, 0x0000, 0x0000, 0x0000, 0x0000, 0x0000, 0xA4F2, 0x0000, 0x0000, 0x0000, 0x0000, 0x0000,
    0x0000, 0x0000, 0xF75A, 0xDE57, 0x83AE, 0x0000, 0x41E9, 0x73D2, 0x84B5, 0x9537, 0xB619, 0xB619,
    0xADF9, 0xBE9B, 0x73F1, 0x634D, 0x0000, 0xD73C, 0x0000, 0x0000, 0x0000, 0x0000, 0xD71D, 0x0000,
    0x5AEC, 0x8473, 0xBE7A, 0xAE19, 0xB619, 0xAE19, 0x8D16, 0x7C94, 0x7BF2, 0x4209, 0x0000, 0x0000,
    0x0000, 0x0000, 0x0000, 0x0000, 0x0000, 0x0000, 0x0000, 0x0000, 0x2124, 0xC616, 0xA512, 0x738D,
    0x4207, 0x18A2, 0x0000, 0x0000, 0x0000, 0x0000, 0x18E4, 0x3188, 0x422B, 0x62EE, 0x8CB4, 0xA5B8,
    0xA598, 0x8CF5, 0x63B1, 0x532E, 0x530E, 0x426B, 0x3A2A, 0x6390, 0x84B5, 0x84F7, 0x31E8, 0x0000,
    0x0000, 0x0000, 0x0000, 0x0000, 0x0000, 0x0000, 0x0000, 0x0000, 0x0000, 0x0000, 0x0000, 0x0000,
    0x0000, 0x0000, 0x0000, 0x0000, 0x0000, 0x0000, 0x0000, 0x0000, 0x0000, 0x0000, 0x0000, 0x0000,
    0x0000, 0x428B, 0x8D17, 0x63B1, 0x6BF2, 0x84F6, 0x6C12, 0x52ED, 0x7C31, 0xB619, 0xCEFC, 0xCEFC,
    0xCEFC, 0xCEDC, 0xB5D9, 0x7390, 0x7B92, 0x9CB6, 0x0000, 0xA515, 0x94B2, 0x6BAE, 0x4A49, 0x2124,
    0x0000, 0x0000, 0x0000, 0x0000, 0x39C6, 0x6B2B, 0x9491, 0xC5F5, 0xE6D9, 0x0000, 0x0000, 0x0000,
    0xE6B9, 0x4A08, 0x0000, 0x7390, 0x84B6, 0x9D78, 0xB619, 0xAE19, 0xAE19, 0xB65A, 0x9536, 0x4AAB,
    0x0000, 0x0000, 0x0000, 0x0000, 0x0000, 0x0000, 0x0000, 0x0000, 0x4A6A, 0xA597, 0xB63A, 0xB619,
    0xB619, 0xB639, 0x9557, 0x7C95, 0x6B70, 0x0000, 0x5AA9, 0x9CB1, 0x0000, 0x0000, 0x0000, 0x0000,
    0x0000, 0x0000, 0x0000, 0x0000, 0x0000, 0x0000, 0x0000, 0x0000, 0x2145, 0x4A8A, 0x73CF, 0x9CD3,
    0x0000, 0x0000, 0x9475, 0x6B10, 0x7BB1, 0xBE1A, 0xCEDC, 0xCEDC, 0xCEFC, 0xC6BB, 0xA5B7, 0x73D0,
    0x530E, 0x6BF2, 0x84B5, 0x63B1, 0x63B1, 0x8D17, 0x3A29, 0x0000, 0x0000, 0x0000, 0x0000, 0x0000,
    0x0000, 0x0000, 0x0000, 0x0000, 0x0000, 0x0000, 0x0000, 0x0000, 0x0000, 0x0000, 0x0000, 0x0000,
    0x0000, 0x0000, 0x0000, 0x0000, 0x0000, 0x0000, 0x0000, 0x0000, 0x0000, 0x5B2E, 0x8CF7, 0x8CF6,
    0x7C94, 0x4AAC, 0x636E, 0xB5F8, 0x0000, 0x0000, 0xD73D, 0xD71C, 0xD71D, 0xD71C, 0x0000, 0xC69A,
    0x6B8E, 0x41EA, 0x6B50, 0xA4D6, 0xBDB9, 0xCE5A, 0xD6BB, 0xD6DB, 0xC67A, 0xADB6, 0x8C71, 0x5B0C,
    0x31A6, 0x0000, 0x0000, 0x0000, 0x0000, 0x18A2, 0x39E6, 0x6B4C, 0x8C2F, 0x7B8D, 0x0000, 0x3A09,
    0x9517, 0xADD8, 0xB639, 0xB619, 0xB619, 0xB619, 0xADF9, 0x4A8A, 0xD6FC, 0x0000, 0x0000, 0x0000,
    0x0000, 0x0000, 0x0000, 0xC69A, 0x4A8A, 0xB63A, 0xB619, 0xB619, 0xB619, 0xB639, 0xA5B8, 0x8CD6,
    0x3187, 0x0000, 0x7B8D, 0x83EE, 0x1082, 0x0000, 0x0000, 0x0000, 0x0000, 0x0000, 0x2965, 0x528A,
    0x73CF, 0x9D13, 0xBE18, 0xD6BB, 0x0000, 0xD6BC, 0xCE3A, 0xBD99, 0x9475, 0x5ACE, 0x39C9, 0x7C10,
    0xCEDB, 0xD73D, 0xD71C, 0xD73D, 0xCF1C, 0xD71C, 0xD75D, 0xD75D, 0xB5F8, 0x634E, 0x4AAC, 0x7C95,
    0x84F6, 0x84F6, 0x4ACC, 0x0000, 0x0000, 0x0000, 0x0000, 0x0000, 0x0000, 0x0000, 0x0000, 0x0000,
    0x0000, 0x0000, 0x0000, 0x0000, 0x0000, 0x0000, 0x0000, 0x0000, 0x0000, 0x0000, 0x0000, 0x0000,
    0x0000, 0x0000, 0x0000, 0x0000, 0x0000, 0x6BF2, 0x8D17, 0x6BF2, 0x5B2D, 0xADD7, 0x0000, 0xD73D,
    0xCEFC, 0xCF1C, 0xD73D, 0xD73D, 0xD71D, 0xD71D, 0xD71C, 0x0000, 0x0000, 0xA575, 0x4229, 0x3167,
    0x62EE, 0x9454, 0x0000, 0x0000, 0xBD98, 0xC5F9, 0xCE7B, 0xD6DC, 0x0000, 0xD6DB, 0xC639, 0xA555,
    0x7C10, 0x52CB, 0x3186, 0x1082, 0x0000, 0x0000, 0x0000, 0x0000, 0x8CF5, 0xB63A, 0xB619, 0xB619,
    0xB619, 0xB619, 0xBE5A, 0x52CC, 0xC67A, 0x0000, 0x0000, 0x0000, 0x0000, 0x0000, 0x0000, 0xB618,
    0x52CB, 0xBE9B, 0xB619, 0xB619, 0xB619, 0xAE19, 0xB63A, 0x8494, 0x0000, 0x0000, 0x0000, 0x0000,
    0x2124, 0x4228, 0x632D, 0x8C72, 0xADB6, 0xCE9A, 0x0000, 0x0000, 0xD6DC, 0xCE7B, 0xC5D9, 0x0000,
    0x0000, 0x0000, 0x8C13, 0x526C, 0x2926, 0x4A8A, 0xB5F8, 0x0000, 0xD73D, 0xD71C, 0xD71C, 0xD71C,
    0xD71C, 0xD71D, 0xD71C, 0xCF1C, 0xD75D, 0x0000, 0xAD97, 0x5B2E, 0x6C12, 0x8D17, 0x63B1, 0x0000,
    0x0000, 0x0000, 0x0000, 0x0000, 0x0000, 0x0000, 0x0000, 0x0000, 0x0000, 0x0000, 0x0000, 0x0000,
    0x0000, 0x0000, 0x0000, 0x0000, 0x0000, 0x0000, 0x0000, 0x0000, 0x0000, 0x0000, 0x0000, 0x0000,
    0x18E4, 0x84B6, 0x7454, 0x8473, 0xC6DB, 0xD73D, 0xCEDC, 0xCEFC, 0xCF1C, 0xCEFC, 0xD71D, 0xD73D,
    0x0000, 0x0000, 0x0000, 0x0000, 0x0000, 0x0000, 0x0000, 0x94F3, 0x4229, 0x2946, 0x420A, 0x7370,
    0x9C75, 0x0000, 0x0000, 0x0000, 0x0000, 0x0000, 0xC5B9, 0xCDFA, 0xD65B, 0xDE7B, 0xCE3A, 0x0000,
    0x8C12, 0x734E, 0x6B4E, 0x73AF, 0xC69B, 0xBE5A, 0xADF9, 0xB619, 0xB619, 0xAE19, 0xBE7B, 0x634E,
    0xBE38, 0x0000, 0x0000, 0x0000, 0x0000, 0x0000, 0x0000, 0xADB6, 0x634D, 0xC69B, 0xB619, 0xB639,
    0xB639, 0xADF9, 0xBE9B, 0xBE7A, 0x6BAF, 0x632D, 0x734E, 0x9473, 0xBD97, 0xCE3A, 0xD65B, 0xCE3A,
    0xCDF9, 0xC598, 0x0000, 0x0000, 0x0000, 0x0000, 0x0000, 0x9C54, 0x6B0F, 0x39A8, 0x2125, 0x4A8A,
    0xA576, 0x0000, 0x0000, 0x0000, 0x0000, 0x0000, 0x0000, 0x0000, 0x0000, 0xD71C, 0xD71D, 0xD71C,
    0xCEFC, 0xCEFC, 0xD75E, 0xCEFC, 0x8493, 0x7C74, 0x7C95, 0x10A3, 0x0000, 0x0000, 0x0000, 0x0000,
    0x0000, 0x0000, 0x0000, 0x0000, 0x0000, 0x0000, 0x0000, 0x0000, 0x0000, 0x0000, 0x0000, 0x0000,
    0x0000, 0x0000, 0x0000, 0x0000, 0x0000, 0x0000, 0x0000, 0x0000, 0x424B, 0x8CF7, 0x9557, 0xC6BB,
    0xCEDC, 0xC6DC, 0xCEFC, 0xCEFC, 0xCF1D, 0xD75D, 0x0000, 0x0000, 0x0000, 0x0000, 0x0000, 0x0000,
    0x0000, 0x0000, 0x0000, 0x0000, 0x0000, 0xBE38, 0x73AE, 0x39C7, 0x2105, 0x2946, 0x41C9, 0x5A8C,
    0x6B0E, 0x7B4F, 0x7B4F, 0x730E, 0x62AC, 0x522A, 0x4A09, 0x5AAB, 0x7BF0, 0xB618, 0x0000, 0x0000,
    0xD73D, 0xCEDC, 0xB619, 0xB619, 0xB619, 0xAE19, 0xBE7B, 0x73D0, 0xB5F7, 0x0000, 0x0000, 0x0000,
    0x0000, 0x0000, 0x0000, 0xA576, 0x73F0, 0xC69B, 0xB619, 0xB619, 0xB619, 0xB63A, 0xCEFC, 0xD73D,
    0x0000, 0xD71D, 0xADB7, 0x73AF, 0x5AAB, 0x524A, 0x5A6B, 0x6ACC, 0x732E, 0x7B4F, 0x7B4F, 0x6B0E,
    0x526B, 0x39A7, 0x2105, 0x2105, 0x3A08, 0x7C10, 0xC67A, 0x0000, 0x0000, 0x0000, 0x0000, 0x0000,
    0x0000, 0x0000, 0x0000, 0x0000, 0x0000, 0x0000, 0x0000, 0xD71C, 0xD71C, 0xD71C, 0xCEFC, 0xCEFC,
    0xCEDC, 0x9D57, 0x84F6, 0x3A09, 0x0000, 0x0000, 0x0000, 0x0000, 0x0000, 0x0000, 0x0000, 0x0000,
    0x0000, 0x0000, 0x0000, 0x0000, 0x0000, 0x0000, 0x0000, 0x0000, 0x0000, 0x0000, 0x0000, 0x0000,
    0x0000, 0x0000, 0x0000, 0x0000, 0x6BD1, 0x9558, 0xB65A, 0xC6DC, 0xC6DC, 0xCEFC, 0xCEFC, 0xD73D,
    0x0000, 0xE69A, 0xDD97, 0x0000, 0xDCB4, 0xDCB4, 0x0000, 0x0000, 0xE639, 0x0000, 0x0000, 0x0000,
    0x0000, 0x0000, 0x0000, 0x0000, 0xC679, 0x94F3, 0x6BAF, 0x52EB, 0x4A6A, 0x4249, 0x4A8A, 0x5AEC,
    0x6BAE, 0x8CB2, 0xADF8, 0xCEFC, 0x0000, 0x0000, 0xD71C, 0xCEFC, 0xCF1C, 0xD73D, 0xBE9B, 0xAE19,
    0xB619, 0xAE19, 0xBE7B, 0x7C31, 0xADD7, 0x0000, 0x0000, 0x0000, 0x0000, 0x0000, 0x0000, 0xAD96,
    0x8492, 0xBE9B, 0xB619, 0xB619, 0xB619, 0xC69B, 0xD71C, 0xCEFC, 0xCEFC, 0xD71D, 0x0000, 0x0000,
    0xC6BB, 0xA596, 0x8492, 0x6BAF, 0x5B0C, 0x4AAA, 0x4A6A, 0x4A8A, 0x5B0C, 0x7BF0, 0xA555, 0xCEBA,
    0x0000, 0x0000, 0x0000, 0x0000, 0x0000, 0x0000, 0x0000, 0xE639, 0x0000, 0x0000, 0xDCB4, 0xDCB4,
    0x0000, 0xE5D8, 0x0000, 0x0000, 0xD73D, 0xD6FC, 0xCEFC, 0xCEFC, 0xCEDC, 0xBE7A, 0x9578, 0x6390,
    0x0000, 0x0000, 0x0000, 0x0000, 0x0000, 0x0000, 0x0000, 0x0000, 0x0000, 0x0000, 0x0000, 0x0000,
    0x0000, 0x0000, 0x0000, 0x0000, 0x0000, 0x0000, 0x0000, 0x0000, 0x0000, 0x0000, 0x0000, 0x18E4,
    0x8CF6, 0xADF9, 0xC6BB, 0xC6DC, 0xC6DC, 0xCEFC, 0xD73D, 0xD619, 0xD494, 0xD3F1, 0xDBD1, 0xDBF1,
    0xDBF1, 0xDBF1, 0xDC12, 0xDBF1, 0xDBF1, 0xDC73, 0xE597, 0x0000, 0x0000, 0x0000, 0x0000, 0x0000,
    0x0000, 0x0000, 0x0000, 0x0000, 0x0000, 0x0000, 0x0000, 0x0000, 0x0000, 0x0000, 0x0000, 0x0000,
    0xD71C, 0xD71D, 0xD71D, 0xD71D, 0xD71C, 0xD71D, 0xCEDC, 0xB619, 0xB619, 0xAE19, 0xBE5B, 0x8CB3,
    0xB5F8, 0x0000, 0x0000, 0x0000, 0x0000, 0x0000, 0x0000, 0xADB7, 0x94F4, 0xBE7B, 0xB639, 0xB639,
    0xB639, 0xCEFC, 0xCF1C, 0xCF1C, 0xD71C, 0xD71D, 0xD71C, 0xD71D, 0xD75D, 0x0000, 0x0000, 0x0000,
    0x0000, 0x0000, 0x0000, 0x0000, 0x0000, 0x0000, 0x0000, 0x0000, 0x0000, 0x0000, 0x0000, 0x0000,
    0x0000, 0x0000, 0xDC32, 0xDBD1, 0xDBF1, 0xDBF1, 0xDBF1, 0xDC11, 0xDBF1, 0xDBF1, 0xDC12, 0x0000,
    0xDE7A, 0xD75D, 0xCEFC, 0xCEFC, 0xCEDC, 0xC6BB, 0xADF9, 0x84D6, 0x10C3, 0x0000, 0x0000, 0x0000,
    0x0000, 0x0000, 0x0000, 0x0000, 0x0000, 0x0000, 0x0000, 0x0000, 0x0000, 0x0000, 0x0000, 0x0000,
    0x0000, 0x0000, 0x0000, 0x0000, 0x0000, 0x0000, 0x0000, 0x3A2A, 0xA5B9, 0xB639, 0xC6DC, 0xC6DC,
    0xCEFC, 0xCEFC, 0x0000, 0xD3B0, 0xD3D1, 0xDC12, 0xDC32, 0xDC32, 0xDC32, 0x0000, 0xEDD8, 0xEDD8,
    0x0000, 0xDC12, 0xDBF1, 0xDC53, 0xE67A, 0x0000, 0x0000, 0x0000, 0x0000, 0x0000, 0x0000, 0x0000,
    0x0000, 0x0000, 0x0000, 0x0000, 0xD73C, 0xD71C, 0x0000, 0x0000, 0x0000, 0xD73D, 0xD73D, 0xD71D,
    0xD71D, 0xCF1C, 0xCF1C, 0xB65A, 0xB619, 0xB619, 0xB65A, 0x9535, 0xBE59, 0x0000, 0x0000, 0x0000,
    0x0000, 0x0000, 0x0000, 0xB5F8, 0x9D36, 0xBE5A, 0xB619, 0xB619, 0xB65A, 0xCF1C, 0xCF1C, 0xD71C,
    0xD71D, 0xD73D, 0xD73D, 0xD73D, 0x0000, 0xD71D, 0xD71C, 0xD73D, 0xD73D, 0x0000, 0x0000, 0x0000,
    0x0000, 0x0000, 0x0000, 0x0000, 0x0000, 0x0000, 0x0000, 0xE639, 0xDC52, 0xDBF1, 0xDC32, 0x0000,
    0xEDF8, 0xEDD7, 0xE4D4, 0xDC32, 0xDC32, 0xDC52, 0xDC32, 0xDBD1, 0xD3D1, 0xD597, 0xD73D, 0xCEDC,
    0xCEDC, 0xC6DC, 0xB639, 0xA5B9, 0x3209, 0x0000, 0x0000, 0x0000, 0x0000, 0x0000, 0x0000, 0x0000,
    0x0000, 0x0000, 0x0000, 0x0000, 0x0000, 0x0000, 0x0000, 0x0000, 0x0000, 0x0000, 0x0000, 0x0000,
    0x0000, 0x0000, 0x0000, 0x6390, 0xADF9, 0xBE7A, 0xCEDC, 0xC6DC, 0xCEFC, 0xCCB4, 0xCB4F, 0xD3F1,
    0xDC12, 0xDC12, 0xDC32, 0xDC11, 0xE493, 0xF639, 0xF6BB, 0xFEBB, 0xFEBB, 0x0000, 0xDC12, 0xE412,
    0xDC11, 0xE619, 0x0000, 0x0000, 0x0000, 0x0000, 0x0000, 0x0000, 0x0000, 0x0000, 0x0000, 0x0000,
    0x0000, 0x0000, 0x0000, 0x0000, 0x0000, 0x0000, 0xD73D, 0xD73D, 0xD71D, 0xD71C, 0xD71D, 0xBE7A,
    0xB619, 0xB639, 0xB63A, 0xA597, 0xC69B, 0x0000, 0x0000, 0x0000, 0x0000, 0x0000, 0x0000, 0xBE59,
    0xA597, 0xB65A, 0xB639, 0xAE19, 0xBE7A, 0xD71C, 0xD71C, 0xD73D, 0xD73D, 0x0000, 0x0000, 0x0000,
    0x0000, 0x0000, 0x0000, 0x0000, 0x0000, 0x0000, 0x0000, 0x0000, 0x0000, 0x0000, 0x0000, 0x0000,
    0x0000, 0x0000, 0xE5B8, 0xDBF1, 0xE432, 0xE432, 0xED97, 0x0000, 0x0000, 0x0000, 0xEE39, 0xDC73,
    0xDC32, 0xDC32, 0xDC32, 0xDC12, 0xDBF1, 0xD370, 0x0000, 0xCF1D, 0xCEDC, 0xCEFC, 0xBE7A, 0xADF9,
    0x5B4F, 0x0000, 0x0000, 0x0000, 0x0000, 0x0000, 0x0000, 0x0000, 0x0000, 0x0000, 0x0000, 0x0000,
    0x0000, 0x0000, 0x0000, 0x0000, 0x0000, 0x0000, 0x0000, 0x0000, 0x0000, 0x0000, 0x0000, 0x7C74,
    0xADF9, 0xC69B, 0xC6DC, 0xCF1D, 0x0000, 0xCB4F, 0xD3D1, 0xD3F1, 0xDBF2, 0xDC12, 0xDC32, 0xDC12,
    0xE4B4, 0xF65A, 0xF6BB, 0xF69B, 0xF6BB, 0xF639, 0xDC52, 0xDC31, 0xE432, 0xDBF1, 0xE65A, 0x0000,
    0x0000, 0x0000, 0x0000, 0x0000, 0x0000, 0x0000, 0x0000, 0x0000, 0x0000, 0x0000, 0x0000, 0xD73D,
    0xD73D, 0xD73D, 0xD73D, 0xD73D, 0xD71D, 0xD71D, 0xD71D, 0xC69B, 0xB619, 0xB639, 0xB63A, 0xADF8,
    0xCEDC, 0x0000, 0x0000, 0x0000, 0x0000, 0x0000, 0x0000, 0xCEBB, 0xA5D8, 0xB63A, 0xB639, 0xAE19,
    0xC69B, 0xD71D, 0xD71D, 0xD73D, 0x0000, 0x0000, 0x0000, 0x0000, 0x0000, 0x0000, 0x0000, 0x0000,
    0x0000, 0x0000, 0x0000, 0x0000, 0x0000, 0x0000, 0x0000, 0x0000, 0x0000, 0xE618, 0xDBF1, 0xE432,
    0xE412, 0xE493, 0xF69A, 0x0000, 0xF6BB, 0x0000, 0xF659, 0xE493, 0xDC31, 0xDC32, 0xDC32, 0xDC12,
    0xDBF1, 0xD3D1, 0xCB4F, 0xCDB7, 0xCF1D, 0xCEDC, 0xC69B, 0xB619, 0x7C73, 0x0000, 0x0000, 0x0000,
    0x0000, 0x0000, 0x0000, 0x0000, 0x0000, 0x0000, 0x0000, 0x0000, 0x0000, 0x0000, 0x0000, 0x0000,
    0x0000, 0x0000, 0x0000, 0x0000, 0x0000, 0x0000, 0x10C3, 0x8D16, 0xB619, 0xC6BB, 0xC6FC, 0xCE7A,
    0xCBB0, 0xCB90, 0xD3D1, 0xD3F1, 0xDC12, 0xDC12, 0xDC32, 0xDC32, 0xDC32, 0xED97, 0xF6BB, 0xFEBB,
    0xF6BA, 0xEDF8, 0xDC73, 0xDC12, 0xDC32, 0xDC32, 0xDC52, 0x0000, 0x0000, 0x0000, 0x0000, 0x0000,
    0x0000, 0x0000, 0x0000, 0x0000, 0x0000, 0x0000, 0x0000, 0x0000, 0xD71D, 0xD71C, 0xD73D, 0xD73D,
    0xD73D, 0xD71D, 0xD73D, 0xC69B, 0xB619, 0xB639, 0xB63A, 0xB639, 0xD71C, 0x0000, 0x0000, 0x0000,
    0x0000, 0x0000, 0x0000, 0xD6FC, 0xB619, 0xB639, 0xB639, 0xB619, 0xC6BB, 0xD71D, 0xD71D, 0xD73D,
    0xD73D, 0x0000, 0x0000, 0x0000, 0x0000, 0x0000, 0x0000, 0x0000, 0x0000, 0x0000, 0x0000, 0x0000,
    0x0000, 0x0000, 0x0000, 0x0000, 0x0000, 0xDC32, 0xDC32, 0xE432, 0xDC11, 0xE4B4, 0xF65A, 0x0000,
    0x0000, 0xF6BA, 0x0000, 0xDC32, 0xDC32, 0xE432, 0xDC32, 0xDC12, 0xDBF1, 0xD3D1, 0xD390, 0xC3B0,
    0xCE9B, 0xCEFC, 0xC6BB, 0xB619, 0x9536, 0x1083, 0x0000, 0x0000, 0x0000, 0x0000, 0x0000, 0x0000,
    0x0000, 0x0000, 0x0000, 0x0000, 0x0000, 0x0000, 0x0000, 0x0000, 0x0000, 0x0000, 0x0000, 0x0000,
    0x0000, 0x0000, 0x2146, 0x9D77, 0xB5F9, 0xC6BB, 0xCF1C, 0x0000, 0xCB4F, 0xCBB0, 0xD3D1, 0xD3D1,
    0xDBF1, 0xDC12, 0xDC32, 0xDC32, 0xDC32, 0xDC52, 0x0000, 0xEDD8, 0xEDD7, 0x0000, 0xDC32, 0xDC32,
    0xDC32, 0xDC32, 0xDBF1, 0x0000, 0x0000, 0x0000, 0x0000, 0x0000, 0x0000, 0x0000, 0x0000, 0x0000,
    0x0000, 0x0000, 0x0000, 0x0000, 0x0000, 0xCF1C, 0xD73D, 0xD73D, 0xD73D, 0xD71D, 0xD71D, 0xC69B,
    0xB619, 0xB639, 0xB639, 0xB63A, 0xD73D, 0x0000, 0x0000, 0x0000, 0x0000, 0x0000, 0x0000, 0xD71C,
    0xB639, 0xB639, 0xB639, 0xB619, 0xC6BB, 0xD71D, 0xD71D, 0xD73D, 0xD73D, 0x0000, 0x0000, 0x0000,
    0x0000, 0x0000, 0x0000, 0x0000, 0x0000, 0x0000, 0x0000, 0x0000, 0x0000, 0x0000, 0x0000, 0x0000,
    0x0000, 0xDBF1, 0xE432, 0xE432, 0xDC32, 0xDC32, 0x0000, 0xEE18, 0xEE18, 0x0000, 0xDC52, 0xDC32,
    0xDC32, 0xDC32, 0xDC32, 0xDC12, 0xDBF2, 0xD3D1, 0xD3B0, 0xCB2F, 0x0000, 0xCF1C, 0xC6BB, 0xB619,
    0x9D98, 0x1905, 0x0000, 0x0000, 0x0000, 0x0000, 0x0000, 0x0000, 0x0000, 0x0000, 0x0000, 0x0000,
    0x0000, 0x0000, 0x0000, 0x0000, 0x0000, 0x0000, 0x0000, 0x0000, 0x0000, 0x0000, 0x29A7, 0xA5B8,
    0xB619, 0xC6DB, 0xCEBB, 0xC3F1, 0xCB70, 0xCBB0, 0xD3D1, 0xD3D1, 0xDBF1, 0xDC12, 0xDC32, 0xDC32,
    0xDC32, 0xDC32, 0xDC11, 0xDC52, 0xDC52, 0xDC12, 0xDC32, 0xDC32, 0xDC32, 0xDC32, 0xDC12, 0xDC32,
    0x0000, 0x0000, 0x0000, 0x0000, 0x0000, 0x0000, 0x0000, 0x0000, 0x0000, 0x0000, 0x0000, 0x0000,
    0xD73D, 0xD71D, 0xD73D, 0x0000, 0x0000, 0xD71D, 0xD71D, 0xC69B, 0xB619, 0xB639, 0xB639, 0xB63A,
    0x0000, 0x0000, 0x0000, 0x0000, 0x0000, 0x0000, 0x0000, 0xD71D, 0xB63A, 0xB639, 0xB639, 0xB619,
    0xC69B, 0xD73D, 0xD71D, 0xD73D, 0x0000, 0x0000, 0x0000, 0x0000, 0x0000, 0x0000, 0x0000, 0x0000,
    0x0000, 0x0000, 0x0000, 0x0000, 0x0000, 0x0000, 0x0000, 0x0000, 0xDC32, 0xE432, 0xE432, 0xE432,
    0xE432, 0xDC32, 0xDC11, 0xDC53, 0xDC52, 0xDC32, 0xDC32, 0xDC32, 0xDC31, 0xDC32, 0xDC32, 0xDC12,
    0xDBF2, 0xD3D1, 0xCBB0, 0xCB4F, 0xC412, 0xCEDC, 0xC6BB, 0xB619, 0xA5B8, 0x2166, 0x0000, 0x0000,
    0x0000, 0x0000, 0x0000, 0x0000, 0x0000, 0x0000, 0x0000, 0x0000, 0x0000, 0x0000, 0x0000, 0x0000,
    0x0000, 0x0000, 0x0000, 0x0000, 0x0000, 0x0000, 0x31C8, 0xA5B8, 0xAE19, 0xC6DC, 0xCE5A, 0xC390,
    0xCB90, 0xCBB0, 0xD3B1, 0xD3D1, 0xDBF1, 0xDC11, 0xDC32, 0xDC32, 0xDC32, 0xDC32, 0xDC32, 0xDC31,
    0xDC11, 0xDC32, 0xDC32, 0xDC32, 0xDC32, 0xDC32, 0xDC32, 0xDBD1, 0xE619, 0x0000, 0x0000, 0x0000,
    0x0000, 0x0000, 0x0000, 0x0000, 0x0000, 0x0000, 0x0000, 0x0000, 0x0000, 0x0000, 0xD71D, 0xD73D,
    0xD73D, 0xD71D, 0xD73D, 0xBE7A, 0xB619, 0xB639, 0xB619, 0xBE5A, 0x0000, 0x0000, 0x0000, 0x0000,
    0x0000, 0x0000, 0x0000, 0x0000, 0xB65A, 0xB639, 0xB639, 0xB619, 0xBE7A, 0xD71D, 0xD71D, 0xD73D,
    0x0000, 0x0000, 0x0000, 0x0000, 0x0000, 0x0000, 0x0000, 0x0000, 0x0000, 0x0000, 0x0000, 0x0000,
    0x0000, 0x0000, 0x0000, 0xE5F8, 0xDBF1, 0xDC52, 0xE432, 0xE432, 0xE432, 0xDC32, 0xDC32, 0xDC12,
    0xDC11, 0xE432, 0xDC31, 0xDC31, 0xDC32, 0xDC32, 0xDC12, 0xDC12, 0xDBF1, 0xD3D1, 0xCBB0, 0xCB70,
    0xC390, 0xCE7A, 0xC6BB, 0xADF9, 0xA5B8, 0x2987, 0x0000, 0x0000, 0x0000, 0x0000, 0x0000, 0x0000,
    0x0000, 0x0000, 0x0000, 0x0000, 0x0000, 0x0000, 0x0000, 0x0000, 0x0000, 0x0000, 0x0000, 0x0000,
    0x0000, 0x0000, 0x29A7, 0x9DB8, 0xADF8, 0xC6DB, 0xCDF9, 0xC36F, 0xCB90, 0xCBB0, 0xD3B0, 0xD3D1,
    0xD3F1, 0xDC11, 0xDC12, 0xDC32, 0xDC32, 0xDC32, 0xDC32, 0xDC32, 0xDC32, 0xDC32, 0xDC32, 0xDC32,
    0xE432, 0xDC32, 0xDC32, 0xDBF1, 0x0000, 0x0000, 0x0000, 0x0000, 0x0000, 0x0000, 0x0000, 0x0000,
    0x0000, 0x0000, 0x0000, 0x0000, 0x0000, 0x0000, 0x0000, 0xD71C, 0xD71D, 0xD73D, 0xD71C, 0xB65A,
    0xB619, 0xB639, 0xB619, 0xBE7A, 0x0000, 0x0000, 0x0000, 0x0000, 0x0000, 0x0000, 0x0000, 0x0000,
    0xBE7A, 0xB619, 0xB639, 0xB619, 0xB65A, 0xD71C, 0xD73D, 0xD73D, 0x0000, 0x0000, 0x0000, 0x0000,
    0x0000, 0x0000, 0x0000, 0x0000, 0x0000, 0x0000, 0x0000, 0x0000, 0x0000, 0x0000, 0x0000, 0x0000,
    0xDC11, 0xDC52, 0xE432, 0xE432, 0xE432, 0xE432, 0xE432, 0xDC32, 0xDC31, 0xDC31, 0xDC31, 0xDC31,
    0xDC31, 0xDC12, 0xDC12, 0xDBF1, 0xD3D1, 0xD3B1, 0xCB90, 0xCB6F, 0xC34F, 0xCE39, 0xBEBB, 0xADF9,
    0x9D98, 0x2166, 0x0000, 0x0000, 0x0000, 0x0000, 0x0000, 0x0000, 0x0000, 0x0000, 0x0000, 0x0000,
    0x0000, 0x0000, 0x0000, 0x0000, 0x0000, 0x0000, 0x0000, 0x0000, 0x0000, 0x0000, 0x2125, 0x9557,
    0xADF9, 0xBE9B, 0xCE19, 0xCB70, 0xCB90, 0xCB90, 0xCBB0, 0xD3B0, 0xD3D1, 0xDBF1, 0xDC12, 0xDC32,
    0xDC32, 0xDC32, 0xDC32, 0xDC32, 0xDC32, 0xDC32, 0xDC32, 0xDC32, 0xE432, 0xDC32, 0xDC32, 0xDBF1,
    0x0000, 0x0000, 0x0000, 0x0000, 0x0000, 0x0000, 0x0000, 0x0000, 0x0000, 0x0000, 0x0000, 0x0000,
    0x0000, 0x0000, 0x0000, 0xD73D, 0xD73D, 0xD73D, 0xCEFC, 0xB619, 0xB619, 0xB639, 0xB619, 0xC69B,
    0x0000, 0x0000, 0x0000, 0x0000, 0x0000, 0x0000, 0x0000, 0x0000, 0xBE9A, 0xB619, 0xB639, 0xB639,
    0xB639, 0xCEFC, 0xD73D, 0xD73D, 0x0000, 0x0000, 0x0000, 0x0000, 0x0000, 0x0000, 0x0000, 0x0000,
    0x0000, 0x0000, 0x0000, 0x0000, 0x0000, 0x0000, 0x0000, 0xDCF4, 0xDC11, 0xDC32, 0xDC32, 0xE432,
    0xDC32, 0xE432, 0xE432, 0xDC32, 0xDC31, 0xDC31, 0xDC31, 0xDC31, 0xDC31, 0xDC12, 0xDBF2, 0xD3D1,
    0xD3B1, 0xCB90, 0xCB70, 0xCB70, 0xC34F, 0xCE39, 0xBE9B, 0xADF9, 0x9557, 0x1904, 0x0000, 0x0000,
    0x0000, 0x0000, 0x0000, 0x0000, 0x0000, 0x0000, 0x0000, 0x0000, 0x0000, 0x0000, 0x0000, 0x0000,
    0x0000, 0x0000, 0x0000, 0x0000, 0x0000, 0x0000, 0x10A3, 0x8CF6, 0xADF9, 0xB65A, 0xCE39, 0xC370,
    0xCB70, 0xCB90, 0xCB90, 0xCBB0, 0xD3B1, 0xDBD1, 0xDBF2, 0xDC12, 0xDC32, 0xDC32, 0xDC32, 0xDC32,
    0xDC32, 0xDC32, 0xDC32, 0xDC12, 0xDC32, 0xE432, 0xDC32, 0xDBF1, 0x0000, 0x0000, 0x0000, 0x0000,
    0x0000, 0x0000, 0x0000, 0x0000, 0x0000, 0x0000, 0x0000, 0x0000, 0x0000, 0x0000, 0xD73D, 0xD73D,
    0xD71D, 0xD73D, 0xC6BB, 0xB619, 0xB619, 0xB639, 0xB619, 0xBE5A, 0x0000, 0x0000, 0x0000, 0x0000,
    0x0000, 0x0000, 0x0000, 0x0000, 0xBE59, 0xB619, 0xB639, 0xB63A, 0xB639, 0xC6BB, 0x0000, 0xD71D,
    0xD73D, 0x0000, 0x0000, 0x0000, 0x0000, 0x0000, 0x0000, 0x0000, 0x0000, 0x0000, 0x0000, 0x0000,
    0x0000, 0x0000, 0x0000, 0xDCD4, 0xDBF1, 0xDC32, 0xDC32, 0xDC32, 0xDC12, 0xDC32, 0xDC32, 0xDC32,
    0xDC32, 0xDC32, 0xDC31, 0xDC31, 0xDC12, 0xDC11, 0xD3F1, 0xD3D1, 0xD3B0, 0xCB90, 0xCB70, 0xCB70,
    0xC370, 0xCE5A, 0xB639, 0xADF9, 0x84B5, 0x0000, 0x0000, 0x0000, 0x0000, 0x0000, 0x0000, 0x0000,
    0x0000, 0x0000, 0x0000, 0x0000, 0x0000, 0x0000, 0x0000, 0x0000, 0x0000, 0x0000, 0x0000, 0x0000,
    0x0000, 0x0000, 0x0000, 0x7433, 0xADF9, 0xAE19, 0xC67A, 0xCBD1, 0xCB4F, 0xCB70, 0xCB90, 0xCB90,
    0xD3B0, 0xD3D1, 0xD3F1, 0xDC11, 0xDC12, 0xDC12, 0xDC32, 0xDC32, 0xDC32, 0xDC11, 0xE432, 0xEC73,
    0xE452, 0xE432, 0xEC73, 0xEC52, 0x0000, 0x0000, 0x0000, 0x0000, 0x0000, 0x0000, 0x0000, 0x0000,
    0x0000, 0x0000, 0x0000, 0x0000, 0x0000, 0x0000, 0xD73D, 0xD71D, 0xD71C, 0xCEFC, 0xB639, 0xB619,
    0xB639, 0xB65A, 0xA597, 0xB5D7, 0x0000, 0x0000, 0x0000, 0x0000, 0x0000, 0x0000, 0x0000, 0x0000,
    0xADB7, 0xADD8, 0xBE5A, 0xB63A, 0xB639, 0xBE5A, 0xD71C, 0xD71C, 0xD73D, 0xD73D, 0x0000, 0x0000,
    0x0000, 0x0000, 0x0000, 0x0000, 0x0000, 0x0000, 0x0000, 0x0000, 0x0000, 0x0000, 0x0000, 0x0000,
    0xEC32, 0xE473, 0xE452, 0xEC73, 0xEC73, 0xDC32, 0xDC11, 0xDC32, 0xDC32, 0xDC32, 0xDC12, 0xDC12,
    0xDBF2, 0xDBF1, 0xD3D1, 0xD3B0, 0xCB90, 0xCB70, 0xCB70, 0xCB4F, 0xCBF1, 0xC67A, 0xADF9, 0xADD9,
    0x63B0, 0x0000, 0x0000, 0x0000, 0x0000, 0x0000, 0x0000, 0x0000, 0x0000, 0x0000, 0x0000, 0x0000,
    0x0000, 0x0000, 0x0000, 0x0000, 0x0000, 0x0000, 0x0000, 0x0000, 0x0000, 0x0000, 0x0000, 0x52ED,
    0xA5B9, 0xADF8, 0xB65A, 0xCC94, 0xC32F, 0xCB70, 0xCB70, 0xCB90, 0xCB90, 0xD3B0, 0xD3D1, 0xDBF1,
    0xDC12, 0xDC12, 0xDC12, 0xDC32, 0xDC11, 0xE452, 0xDC32, 0x828B, 0x3925, 0x20A2, 0x3925, 0x8A6A,
    0xE639, 0x0000, 0x0000, 0x0000, 0x0000, 0x0000, 0x0000, 0x0000, 0x0000, 0x0000, 0x0000, 0xD73D,
    0x0000, 0xD73D, 0xD71C, 0xD71D, 0x0000, 0xD73D, 0xBE9B, 0xBE7B, 0xB619, 0xBE7B, 0x8C93, 0xBE38,
    0x0000, 0x0000, 0x0000, 0x0000, 0x0000, 0x0000, 0x0000, 0x0000, 0xADB6, 0x8CD4, 0xBE7B, 0xB639,
    0xBE9B, 0xC69B, 0x0000, 0x0000, 0xD73D, 0xD71D, 0x0000, 0x0000, 0x0000, 0x0000, 0x0000, 0x0000,
    0x0000, 0x0000, 0x0000, 0x0000, 0x0000, 0x0000, 0x0000, 0xDDB7, 0x7A09, 0x3104, 0x20C3, 0x4145,
    0x92AC, 0xE452, 0xE432, 0xDC12, 0xDC32, 0xDC12, 0xDC12, 0xDBF2, 0xD3F1, 0xD3D1, 0xD3B0, 0xCB90,
    0xCB90, 0xCB70, 0xCB70, 0xCB2F, 0xCCB4, 0xB65A, 0xADD8, 0x9D98, 0x426B, 0x0000, 0x0000, 0x0000,
    0x0000, 0x0000, 0x0000, 0x0000, 0x0000, 0x0000, 0x0000, 0x0000, 0x0000, 0x0000, 0x0000, 0x0000,
    0x0000, 0x0000, 0x0000, 0x0000, 0x0000, 0x0000, 0x0000, 0x2146, 0x8D37, 0xADD8, 0xAE3A, 0x0000,
    0xC34F, 0xCB70, 0xCB70, 0xCB70, 0xCB70, 0xCB90, 0xD3B0, 0xD3D1, 0xD3F1, 0xDBF1, 0xDC11, 0xDC11,
    0xE432, 0xCBD0, 0x30E4, 0x0000, 0x0000, 0x0000, 0x0000, 0x0000, 0x4A6A, 0x0000, 0x0000, 0x0000,
    0x0000, 0x0000, 0x0000, 0x0000, 0x0000, 0x0000, 0x0000, 0xD73D, 0xD73D, 0xD73D, 0x0000, 0xD71D,
    0x8472, 0x31E7, 0x426A, 0x8CB3, 0xB63A, 0xB63A, 0x73D0, 0xD6FC, 0x0000, 0x0000, 0x0000, 0x0000,
    0x0000, 0x0000, 0x0000, 0x0000, 0xC69A, 0x73F0, 0xBE5A, 0xB619, 0x8472, 0x3A08, 0x39E8, 0x8C93,
    0x0000, 0x0000, 0xD73D, 0xD73D, 0x0000, 0x0000, 0x0000, 0x0000, 0x0000, 0x0000, 0x0000, 0x0000,
    0x0000, 0x0000, 0x0000, 0x39C7, 0x0000, 0x0000, 0x0000, 0x0000, 0x0000, 0x4945, 0xDC11, 0xDC12,
    0xDC11, 0xDBF1, 0xD3F1, 0xD3D1, 0xD3D1, 0xD3B0, 0xCB90, 0xCB70, 0xCB70, 0xCB4F, 0xC34F, 0xC34F,
    0xBD97, 0xAE19, 0xADD8, 0x8CF6, 0x18E4, 0x0000, 0x0000, 0x0000, 0x0000, 0x0000, 0x0000, 0x0000,
    0x0000, 0x0000, 0x0000, 0x0000, 0x0000, 0x0000, 0x0000, 0x0000, 0x0000, 0x0000, 0x0000, 0x0000,
    0x0000, 0x0000, 0x0000, 0x0000, 0x6BF2, 0x9D98, 0xAE19, 0xAE19, 0xBC12, 0xCB2F, 0xCB70, 0xCB70,
    0xCB70, 0xCB70, 0xCB90, 0xCBB0, 0xD3B1, 0xD3D1, 0xD3D1, 0xD3D1, 0xDC12, 0x3904, 0x0000, 0x28A3,
    0xA2ED, 0xC3B0, 0xB34E, 0x49A7, 0x0000, 0x7BEF, 0x0000, 0x0000, 0x0000, 0x0000, 0x0000, 0x0000,
    0x0000, 0xD73D, 0xD73D, 0xD73D, 0x0000, 0x0000, 0xA576, 0x2966, 0x0000, 0x6B8E, 0x9D35, 0x8492,
    0xADD8, 0xA597, 0x8451, 0x0000, 0x0000, 0x0000, 0x0000, 0x0000, 0x0000, 0x0000, 0x0000, 0x0000,
    0x0000, 0x7C10, 0xADD8, 0xADD8, 0x94D3, 0x9514, 0x5B2D, 0x0000, 0x31A6, 0xADB7, 0x0000, 0x0000,
    0x0000, 0x0000, 0x0000, 0x0000, 0x0000, 0x0000, 0x0000, 0x0000, 0x0000, 0x0000, 0x632C, 0x0000,
    0x59E8, 0xC3B0, 0xCBD0, 0x9AED, 0x20A2, 0x0000, 0x5186, 0xE432, 0xD3D1, 0xD3D1, 0xD3B1, 0xD3B0,
    0xCB90, 0xCB90, 0xCB70, 0xCB70, 0xC36F, 0xC36F, 0xCB0F, 0xBC32, 0xAE19, 0xADF9, 0x9578, 0x6390,
    0x0000, 0x0000, 0x0000, 0x0000, 0x0000, 0x0000, 0x0000, 0x0000, 0x0000, 0x0000, 0x0000, 0x0000,
    0x0000, 0x0000, 0x0000, 0x0000, 0x0000, 0x0000, 0x0000, 0x0000, 0x0000, 0x0000, 0x0000, 0x0000,
    0x2987, 0x8D17, 0x9D97, 0xB63A, 0xB5B8, 0xC390, 0xCB4F, 0xCB70, 0xCB70, 0xCB70, 0xCB70, 0xCB90,
    0xCB90, 0xD3B0, 0xCBB0, 0xDBF2, 0x92AC, 0x0000, 0x1061, 0xBB4F, 0xE412, 0xD3B0, 0xDC12, 0x0000,
    0x2104, 0x18E3, 0x0000, 0x0000, 0x0000, 0x0000, 0xD73D, 0xD73D, 0xD73D, 0xD73D, 0xD73D, 0x0000,
    0xC6BC, 0x5B0D, 0x0000, 0x0000, 0xA576, 0x0000, 0x0000, 0x0000, 0xD75D, 0x9D35, 0xADB7, 0x0000,
    0x0000, 0x0000, 0x0000, 0x0000, 0x0000, 0x0000, 0x0000, 0x0000, 0x0000, 0x9D35, 0xA597, 0x0000,
    0x0000, 0x0000, 0x0000, 0x94F4, 0x0000, 0x0000, 0x5B2D, 0xC6BB, 0xD73D, 0xD73D, 0x0000, 0x0000,
    0xD73D, 0xD73D, 0x0000, 0x0000, 0x0000, 0xD71C, 0x0000, 0x31C7, 0xE69B, 0xDBF1, 0xDBD1, 0xEC33,
    0xB34E, 0x0000, 0x0000, 0xAB0E, 0xDBD1, 0xCB90, 0xCB90, 0xCB70, 0xCB70, 0xCB70, 0xCB70, 0xC34F,
    0xC36F, 0xCB2F, 0xC390, 0xB5D8, 0xB639, 0x9D77, 0x84D6, 0x2145, 0x0000, 0x0000, 0x0000, 0x0000,
    0x0000, 0x0000, 0x0000, 0x0000, 0x0000, 0x0000, 0x0000, 0x0000, 0x0000, 0x0000, 0x0000, 0x0000,
    0x0000, 0x0000, 0x0000, 0x0000, 0x0000, 0x0000, 0x0000, 0x0000, 0x0000, 0x636F, 0x8D17, 0xA5B8,
    0xB65A, 0x0000, 0xC370, 0xCB4F, 0xCB70, 0xC370, 0xC370, 0xC36F, 0xCB70, 0xCB90, 0xCB90, 0xDBD1,
    0x4966, 0x0000, 0x5987, 0xDBD1, 0xC36F, 0xC38F, 0xDE19, 0x0000, 0x52CB, 0x0000, 0xCEFC, 0x0000,
    0xD73D, 0xD73D, 0xD73D, 0xD71D, 0xD71C, 0xCEDB, 0xBEBC, 0x8CF5, 0x1905, 0x2146, 0x18C3, 0x634E,
    0x0000, 0xCF1C, 0xD71C, 0xD71C, 0x0000, 0xBE39, 0xCEDB, 0x0000, 0x0000, 0x0000, 0x0000, 0x0000,
    0x0000, 0x0000, 0x0000, 0x0000, 0x0000, 0xCEBA, 0xBE39, 0x0000, 0xD6FC, 0xD71C, 0xD6FC, 0x0000,
    0x4A8B, 0x18E4, 0x1905, 0x2166, 0x9536, 0xBE9B, 0xCEDB, 0xCF1C, 0xD73D, 0xD73D, 0xD73D, 0xD71C,
    0x0000, 0xC69A, 0x0000, 0x6B8E, 0x0000, 0xD5B8, 0xCB6F, 0xCB90, 0xE412, 0x4966, 0x0000, 0x69C8,
    0xDBD1, 0xCB70, 0xCB70, 0xCB6F, 0xCB4F, 0xC34F, 0xC34F, 0xC370, 0xC32F, 0xC390, 0xB597, 0xB65A,
    0x9D97, 0x8D17, 0x530E, 0x0000, 0x0000, 0x0000, 0x0000, 0x0000, 0x0000, 0x0000, 0x0000, 0x0000,
    0x0000, 0x0000, 0x0000, 0x0000, 0x0000, 0x0000, 0x0000, 0x0000, 0x0000, 0x0000, 0x0000, 0x0000,
    0x0000, 0x0000, 0x0000, 0x0000, 0x0000, 0x10A3, 0x7C94, 0x8CF6, 0xA5B8, 0xB65A, 0xB597, 0xC3B0,
    0xC32E, 0xC34F, 0xC370, 0xC36F, 0xC36F, 0xC36F, 0xC36F, 0xCB90, 0x28C4, 0x0000, 0x7A09, 0xD36F,
    0xCBB0, 0x628A, 0xADF8, 0xD71D, 0x18E3, 0x2986, 0x0000, 0xD71D, 0xCEFC, 0xCEDC, 0xC6BB, 0xBE5A,
    0xAE19, 0x9D98, 0x532E, 0x0000, 0x426B, 0x9556, 0x1082, 0xADD8, 0x0000, 0xD71C, 0xD73D, 0xD73D,
    0xD71D, 0xD71C, 0x0000, 0x0000, 0x0000, 0x0000, 0x0000, 0x0000, 0x0000, 0x0000, 0x0000, 0x0000,
    0x0000, 0x0000, 0xD71C, 0xD71C, 0xD73D, 0xD73D, 0xD71C, 0x0000, 0x9515, 0x10A3, 0xA5B8, 0x3A09,
    0x0000, 0x5B6F, 0xA5B9, 0xB619, 0xBE5A, 0xC6BB, 0xC6DC, 0xCEFC, 0xD73D, 0x0000, 0x18E3, 0x2145,
    0xD73D, 0xA576, 0x7AEC, 0xD3D1, 0xDB90, 0x69E8, 0x0000, 0x4125, 0xD3B1, 0xC34F, 0xCB4F, 0xC34F,
    0xC34F, 0xC34F, 0xC34F, 0xC32E, 0xBBD1, 0xB597, 0xB63A, 0xA597, 0x84F6, 0x7453, 0x0000, 0x0000,
    0x0000, 0x0000, 0x0000, 0x0000, 0x0000, 0x0000, 0x0000, 0x0000, 0x0000, 0x0000, 0x0000, 0x0000,
    0x0000, 0x0000, 0x0000, 0x0000, 0x0000, 0x0000, 0x0000, 0x0000, 0x0000, 0x0000, 0x0000, 0x0000,
    0x0000, 0x0000, 0x2966, 0x84F6, 0x84F6, 0x9D77, 0xB63A, 0xB5F9, 0xBC93, 0xC36F, 0xC30E, 0xC32E,
    0xC32F, 0xC34F, 0xC34F, 0xC34F, 0x28A3, 0x0000, 0x7A09, 0xD473, 0xD69B, 0x9D35, 0x10A2, 0x1082,
    0x0000, 0x9D35, 0xC6BB, 0xB639, 0xB639, 0xAE19, 0xA5D8, 0x9D98, 0x7454, 0x2166, 0x0882, 0x6390,
    0xCF3E, 0x8CD3, 0x10C3, 0xC69B, 0x0000, 0xD71C, 0xD73C, 0xD71D, 0xD71D, 0xD73D, 0x0000, 0xD73D,
    0x0000, 0x0000, 0x0000, 0x0000, 0x0000, 0x0000, 0x0000, 0x0000, 0x0000, 0x0000, 0xD73D, 0xD73D,
    0xD71C, 0xD71C, 0xCF1C, 0xD73D, 0xB65A, 0x1082, 0xAD97, 0xCEFD, 0x530E, 0x0000, 0x29A7, 0x7C94,
    0x9DB9, 0xA5D8, 0xADF9, 0xB63A, 0xB65A, 0xC6DC, 0x8CB3, 0x0000, 0x1082, 0x1904, 0xADF8, 0xD65A,
    0xD453, 0x61A7, 0x0000, 0x4105, 0xCB70, 0xC34F, 0xC32F, 0xC32F, 0xC30E, 0xC30E, 0xC36F, 0xBC94,
    0xB5F9, 0xB639, 0x9D56, 0x84D6, 0x84B5, 0x1905, 0x0000, 0x0000, 0x0000, 0x0000, 0x0000, 0x0000,
    0x0000, 0x0000, 0x0000, 0x0000, 0x0000, 0x0000, 0x0000, 0x0000, 0x0000, 0x0000, 0x0000, 0x0000,
    0x0000, 0x0000, 0x0000, 0x0000, 0x0000, 0x0000, 0x0000, 0x0000, 0x0000, 0x0000, 0x0000, 0x2166,
    0x84D5, 0x8CF7, 0x8D16, 0xA5D8, 0xAE39, 0xB5B8, 0x0000, 0xBC12, 0xC3B0, 0xBB90, 0xBB70, 0xC3D1,
    0x3104, 0x0000, 0x526A, 0xC69B, 0xAE39, 0xBE7A, 0x9515, 0x73F0, 0xA576, 0xB63A, 0xADD8, 0xA5B8,
    0x9D78, 0x9558, 0x7C94, 0x3A4A, 0x0000, 0x31E8, 0x84D6, 0xC6BC, 0x0000, 0x8CB2, 0x18E3, 0xB65A,
    0xD73D, 0xD73D, 0xD73D, 0xD73D, 0x0000, 0xC69A, 0xCEDB, 0x0000, 0x0000, 0x0000, 0x0000, 0x0000,
    0x0000, 0x0000, 0x0000, 0x0000, 0x0000, 0xC69A, 0xCEBB, 0x0000, 0x0000, 0xD73D, 0xD73D, 0xD73D,
    0xAE19, 0x10A2, 0xA576, 0x0000, 0xBE7B, 0x7454, 0x2987, 0x0000, 0x4AAC, 0x84D6, 0x9558, 0x9D77,
    0xADD8, 0xAE19, 0xBE7A, 0x9D76, 0x73F0, 0xA576, 0xBE7B, 0xB63A, 0xBE5A, 0x39A7, 0x0000, 0x4966,
    0xCBB1, 0xBB4F, 0xBB70, 0xBB90, 0xBC12, 0x0000, 0xB5D8, 0xB639, 0xA5B8, 0x84F5, 0x84F6, 0x7C74,
    0x18E4, 0x0000, 0x0000, 0x0000, 0x0000, 0x0000, 0x0000, 0x0000, 0x0000, 0x0000, 0x0000, 0x0000,
    0x0000, 0x0000, 0x0000, 0x0000, 0x0000, 0x0000, 0x0000, 0x0000, 0x0000, 0x0000, 0x0000, 0x0000,
    0x0000, 0x0000, 0x0000, 0x0000, 0x0000, 0x0000, 0x0000, 0x0862, 0x10C3, 0x6BF2, 0x8D37, 0x84D6,
    0x8CF5, 0x9D97, 0xADF9, 0xAE19, 0xB5F9, 0xB5D8, 0xB5D8, 0xC67B, 0x52AB, 0x0000, 0x18E4, 0xADF9,
    0xB619, 0xAE19, 0xB63A, 0xB63A, 0xA5B8, 0x9557, 0x9557, 0x8D37, 0x7C74, 0x428B, 0x0882, 0x1904,
    0x6390, 0x9578, 0xC6DC, 0xD73D, 0x0000, 0xB639, 0x0000, 0x9536, 0xBE5A, 0xC6BB, 0xBE7A, 0xBE5A,
    0xD71D, 0xCEFC, 0x9D34, 0x0000, 0xD73D, 0x0000, 0x0000, 0x0000, 0x0000, 0x0000, 0x0000, 0x0000,
    0x0000, 0x9D55, 0xD73D, 0xCF1D, 0xBE5A, 0xBE7B, 0xC6BB, 0xBEBC, 0x84B4, 0x1082, 0xC6BB, 0xD73D,
    0xD73D, 0xBE9B, 0x8D37, 0x5B4F, 0x18E4, 0x10C3, 0x52ED, 0x84B5, 0x9537, 0x9577, 0x9D77, 0xADF9,
    0xBE7A, 0xB63A, 0xADF9, 0xB63A, 0x9D76, 0x0000, 0x0000, 0x6B6E, 0xC65A, 0xB5B7, 0xB5D8, 0xB5F9,
    0xAE19, 0xA5D8, 0x9D77, 0x8CF6, 0x84D6, 0x8D17, 0x6390, 0x1082, 0x1082, 0x0000, 0x0000, 0x0000,
    0x0000, 0x0000, 0x0000, 0x0000, 0x0000, 0x0000, 0x0000, 0x0000, 0x0000, 0x0000, 0x0000, 0x0000,
    0x0000, 0x0000, 0x0000, 0x0000, 0x0000, 0x0000, 0x0000, 0x0000, 0x0000, 0x0000, 0x0000, 0x0000,
    0x0000, 0x0000, 0x0000, 0x3A2A, 0x530E, 0x10C3, 0x426A, 0x7C94, 0x8CF6, 0x84B5, 0x84B5, 0x8CF6,
    0x9537, 0x9D77, 0x9D98, 0xADF9, 0x7411, 0x0000, 0x0000, 0x5B0D, 0xADF9, 0x9536, 0x8D16, 0x8CF6,
    0x8D17, 0x84D6, 0x6BD1, 0x3209, 0x0000, 0x18E4, 0x5B2E, 0x84D6, 0x9DB9, 0xCEFC, 0xD73D, 0xD71C,
    0xD71C, 0x0000, 0x3A29, 0x2986, 0xBE7C, 0x7411, 0x10A3, 0x1904, 0x4A8B, 0xA597, 0x9D56, 0xADD7,
    0x0000, 0xD71C, 0x0000, 0x0000, 0x0000, 0x0000, 0xD73D, 0x0000, 0xADB7, 0xADD8, 0x9D56, 0x4229,
    0x18E3, 0x18C3, 0x8D15, 0xBE7B, 0x2125, 0x530D, 0x0000, 0xCF1C, 0xCF1C, 0xD73D, 0xCEDC, 0x9D98,
    0x84B5, 0x4ACD, 0x10A3, 0x1082, 0x3A4A, 0x6C12, 0x8D17, 0x9557, 0x8D37, 0x9537, 0x9537, 0xAE1A,
    0x4A8A, 0x0000, 0x0000, 0x8494, 0xA5D9, 0x9D77, 0x9557, 0x8D36, 0x8CF6, 0x84D5, 0x84D6, 0x8D17,
    0x7C74, 0x3A2A, 0x18E4, 0x5B6F, 0x31E9, 0x0000, 0x0000, 0x0000, 0x0000, 0x0000, 0x0000, 0x0000,
    0x0000, 0x0000, 0x0000, 0x0000, 0x0000, 0x0000, 0x0000, 0x0000, 0x0000, 0x0000, 0x0000, 0x0000,
    0x0000, 0x0000, 0x0000, 0x0000, 0x0000, 0x0000, 0x0000, 0x0000, 0x0000, 0x0000, 0x0000, 0x10A3,
    0x8D17, 0x7C95, 0x4A8B, 0x39E9, 0x5B2E, 0x7C74, 0x84D5, 0x84B5, 0x8CF6, 0x8D17, 0x8D17, 0x8D17,
    0x8D17, 0x2145, 0x0000, 0x0000, 0x5B6F, 0x84D6, 0x7413, 0x5B4F, 0x3A09, 0x10C3, 0x0000, 0x2966,
    0x5B6F, 0x84B5, 0x8D17, 0xB63A, 0xD71D, 0xD71D, 0xCF1C, 0xD71C, 0xD71C, 0xD75D, 0xADF9, 0x2967,
    0x426A, 0x6BD0, 0x18E4, 0x0000, 0x0000, 0x0000, 0x6BD0, 0xA597, 0xCEDB, 0x0000, 0xD73D, 0xD73D,
    0x0000, 0x0000, 0x0000, 0xCEDC, 0xA5B8, 0x634E, 0x0000, 0x0000, 0x0000, 0x2145, 0x7C52, 0x3A09,
    0x31E9, 0xBE7B, 0xD73D, 0xCF1C, 0xD71C, 0xD71C, 0xD73D, 0xD71D, 0xAE19, 0x8D37, 0x7CB5, 0x530D,
    0x1904, 0x0000, 0x18E4, 0x424A, 0x6390, 0x7453, 0x8CF6, 0x530E, 0x0000, 0x0000, 0x31C8, 0x9558,
    0x8D17, 0x8CF6, 0x8CF7, 0x84D6, 0x84B5, 0x84D5, 0x7C53, 0x530D, 0x39E9, 0x52ED, 0x84D6, 0x84D6,
    0x0000, 0x0000, 0x0000, 0x0000, 0x0000, 0x0000, 0x0000, 0x0000, 0x0000, 0x0000, 0x0000, 0x0000,
    0x0000, 0x0000, 0x0000, 0x0000, 0x0000, 0x0000, 0x0000, 0x0000, 0x0000, 0x0000, 0x0000, 0x0000,
    0x0000, 0x0000, 0x0000, 0x0000, 0x0000, 0x0000, 0x0000, 0x0000, 0x63B1, 0x8D17, 0x8D17, 0x84B5,
    0x6BD1, 0x6BD1, 0x8494, 0x84D5, 0x63B0, 0x5B0E, 0x5B4F, 0x530D, 0x5B4E, 0x31A7, 0x0000, 0x0000,
    0x0000, 0x1904, 0x0882, 0x0000, 0x2125, 0x4ACC, 0x7453, 0x84F7, 0x8D17, 0xA5B8, 0xCEDC, 0xD73D,
    0xCF1C, 0xCF1C, 0xD71C, 0xD71C, 0xD71C, 0xD73C, 0xCEFC, 0x9537, 0x6370, 0x6390, 0x8494, 0x7412,
    0x52ED, 0x31C8, 0x0000, 0x52EC, 0xB63A, 0xC6BC, 0xD71C, 0xD73D, 0xD73D, 0xD71C, 0xC6DC, 0xAE1A,
    0x4A6A, 0x0000, 0x424A, 0x5B6F, 0x7433, 0x7C94, 0x6390, 0x63D1, 0xA5B9, 0xD71D, 0xD71C, 0xD71C,
    0xD71C, 0xD71D, 0xD71C, 0xD71C, 0xD75D, 0xC6BB, 0x9D98, 0x8CF6, 0x84B5, 0x73F2, 0x426B, 0x18E4,
    0x0000, 0x0862, 0x18E4, 0x0000, 0x0000, 0x0000, 0x3A09, 0x530E, 0x530D, 0x5B4F, 0x52ED, 0x63B0,
    0x84D5, 0x7C74, 0x6BD1, 0x6BF2, 0x84D5, 0x8D17, 0x8D17, 0x5B4F, 0x0000, 0x0000, 0x0000, 0x0000,
    0x0000, 0x0000, 0x0000, 0x0000, 0x0000, 0x0000, 0x0000, 0x0000, 0x0000, 0x0000, 0x0000, 0x0000,
    0x0000, 0x0000, 0x0000, 0x0000, 0x0000, 0x0000, 0x0000, 0x0000, 0x0000, 0x0000, 0x0000, 0x0000,
    0x0000, 0x0000, 0x0000, 0x0000, 0x426B, 0x8D37, 0x7C95, 0x84F6, 0x8CF6, 0x84B5, 0x7CB5, 0x84B5,
    0x7C53, 0x2125, 0x0000, 0x10A3, 0x0882, 0x10E4, 0x1904, 0x0000, 0x0000, 0x0000, 0x2125, 0x7433,
    0x9558, 0x8D17, 0x8CF6, 0x9D98, 0xC69B, 0xD73C, 0xD71C, 0xCEFC, 0xCF1C, 0xCF1C, 0xCF1C, 0xCF1C,
    0xCF1C, 0xD71C, 0xD73D, 0xBE7B, 0x84F6, 0x7CB5, 0x84B5, 0x84F6, 0x8D17, 0x9558, 0x7412, 0x0000,
    0x31C8, 0x9536, 0xB63A, 0xBE7B, 0xBE5B, 0xB61A, 0x8CF5, 0x2966, 0x10A3, 0x7C74, 0x9599, 0x8D37,
    0x84F6, 0x7CB6, 0x84D6, 0x8D37, 0xCEBB, 0xD71C, 0xD71D, 0xD71C, 0xD71C, 0xD71C, 0xD71C, 0xD71C,
    0xD71C, 0xD71C, 0xD73D, 0xBE7B, 0x9D77, 0x84F6, 0x8D37, 0x8D37, 0x63B1, 0x10A3, 0x0000, 0x0000,
    0x0000, 0x2146, 0x18E4, 0x10C3, 0x18C4, 0x0000, 0x2166, 0x7C74, 0x7CB5, 0x84B5, 0x84D6, 0x8D16,
    0x84F6, 0x7CB5, 0x8D17, 0x31C8, 0x0000, 0x0000, 0x0000, 0x0000, 0x0000, 0x0000, 0x0000, 0x0000,
    0x0000, 0x0000, 0x0000, 0x0000, 0x0000, 0x0000, 0x0000, 0x0000, 0x0000, 0x0000, 0x0000, 0x0000,
    0x0000, 0x0000, 0x0000, 0x0000, 0x0000, 0x0000, 0x0000, 0x0000, 0x0000, 0x0000, 0x0000, 0x0000,
    0x18E4, 0x84F6, 0x7CB5, 0x8D36, 0xA5D8, 0x9D57, 0x8CF6, 0x84B5, 0x8D37, 0x4AAC, 0x0000, 0x84B5,
    0x8D17, 0x84F6, 0x8CF6, 0x3A0A, 0x0000, 0x0000, 0x0000, 0x10A2, 0x4A8B, 0x9D56, 0xD73D, 0x0000,
    0x0000, 0xD73D, 0xCF1C, 0xCEFC, 0xCEFC, 0xCEFC, 0xCEFC, 0xCEFC, 0xCF1C, 0xCF1C, 0xCF1D, 0x0000,
    0xCEFC, 0x9D78, 0x8D17, 0x8CF6, 0x7C74, 0x6BF1, 0x7C74, 0x84D5, 0x2146, 0x0000, 0x31C8, 0x52ED,
    0x52CC, 0x31A7, 0x0000, 0x29A7, 0x8CD6, 0x7453, 0x6C12, 0x7CB5, 0x8D17, 0x8D17, 0x9D98, 0xCF1D,
    0xD73D, 0xCF1C, 0xD71C, 0xD6FC, 0xD71C, 0xCEFC, 0xD6FC, 0xD6FC, 0xD71C, 0xD71D, 0xD73D, 0x0000,
    0x0000, 0xCF1D, 0x9515, 0x3A29, 0x0000, 0x0000, 0x0000, 0x0000, 0x4AAC, 0x8D17, 0x8CF6, 0x8D37,
    0x7C53, 0x0000, 0x5B2E, 0x8D37, 0x84B5, 0x8D16, 0x9D77, 0xADD8, 0x8D16, 0x84D6, 0x84B5, 0x1082,
    0x0000, 0x0000, 0x0000, 0x0000, 0x0000, 0x0000, 0x0000, 0x0000, 0x0000, 0x0000, 0x0000, 0x0000,
    0x0000, 0x0000, 0x0000, 0x0000, 0x0000, 0x0000, 0x0000, 0x0000, 0x0000, 0x0000, 0x0000, 0x0000,
    0x0000, 0x0000, 0x0000, 0x0000, 0x0000, 0x0000, 0x0000, 0x0000, 0x0000, 0x6BF1, 0x84F6, 0x84F6,
    0xADF9, 0xADF9, 0xADF9, 0xA5D8, 0xA5B9, 0x5B4F, 0x0000, 0x7412, 0x8D17, 0x84D5, 0x9D77, 0xB63A,
    0x73F0, 0x0000, 0x0000, 0x0000, 0x0000, 0x0000, 0x4228, 0x73F0, 0x9D55, 0xC67A, 0xCEFC, 0xD73D,
    0x0000, 0x0000, 0x0000, 0x0000, 0x0000, 0xD75D, 0xCEFC, 0xC69B, 0xB618, 0x8CB3, 0x426A, 0x2166,
    0x1082, 0x0000, 0x0000, 0x424A, 0x9537, 0x6370, 0x31A7, 0x18E4, 0x1904, 0x31E8, 0x6BD1, 0x8D37,
    0x31C8, 0x0000, 0x0000, 0x10A2, 0x2987, 0x4AAB, 0x94F4, 0xB638, 0xC6BB, 0xD71D, 0x0000, 0x0000,
    0x0000, 0x0000, 0x0000, 0x0000, 0xD71D, 0xC6BB, 0xB639, 0x9515, 0x636E, 0x31A6, 0x0000, 0x0000,
    0x0000, 0x0000, 0x1082, 0x8C93, 0xB65A, 0x9D77, 0x7CB5, 0x8D17, 0x63B0, 0x0000, 0x6BB0, 0xA5D9,
    0xADD8, 0xADF9, 0xADF9, 0xADD9, 0x84D6, 0x8CF7, 0x6390, 0x0000, 0x0000, 0x0000, 0x0000, 0x0000,
    0x0000, 0x0000, 0x0000, 0x0000, 0x0000, 0x0000, 0x0000, 0x0000, 0x0000, 0x0000, 0x0000, 0x0000,
    0x0000, 0x0000, 0x0000, 0x0000, 0x0000, 0x0000, 0x0000, 0x0000, 0x0000, 0x0000, 0x0000, 0x0000,
    0x0000, 0x0000, 0x0000, 0x0000, 0x0000, 0x424B, 0x8D37, 0x84B5, 0xA5B8, 0xADD8, 0xADD8, 0xADF9,
    0xB619, 0x7C74, 0x0000, 0x5B4F, 0x8D17, 0x8CF6, 0xC6BB, 0xCEDB, 0x0000, 0xBE59, 0x3A08, 0x0000,
    0x0000, 0x0000, 0x0000, 0x0000, 0x0000, 0x0000, 0x2104, 0x31A6, 0x3A08, 0x4249, 0x4A69, 0x4249,
    0x3A08, 0x2986, 0x2104, 0x1082, 0x0000, 0x0000, 0x0000, 0x0000, 0x0000, 0x0000, 0x0000, 0x0000,
    0x7433, 0x9537, 0x8D37, 0x8D17, 0x8D37, 0x9537, 0x9537, 0x6BF2, 0x0000, 0x0000, 0x0000, 0x0000,
    0x0000, 0x0000, 0x0000, 0x0000, 0x10A2, 0x2145, 0x31C7, 0x4249, 0x4A6A, 0x4A6A, 0x4249, 0x39E7,
    0x2945, 0x10C3, 0x0000, 0x0000, 0x0000, 0x0000, 0x0000, 0x0000, 0x0000, 0x4A8A, 0xCEBB, 0x0000,
    0xCEFC, 0xCEDC, 0x84D5, 0x8D17, 0x52ED, 0x0000, 0x84B5, 0xB61A, 0xADF9, 0xADF9, 0xADF9, 0xA5B8,
    0x7CB5, 0x8D17, 0x31E8, 0x0000, 0x0000, 0x0000, 0x0000, 0x0000, 0x0000, 0x0000, 0x0000, 0x0000,
    0x0000, 0x0000, 0x0000, 0x0000, 0x0000, 0x0000, 0x0000, 0x0000, 0x0000, 0x0000, 0x0000, 0x0000,
    0x0000, 0x0000, 0x0000, 0x0000, 0x0000, 0x0000, 0x0000, 0x0000, 0x0000, 0x0000, 0x0000, 0x0000,
    0x0000, 0x10C3, 0x84D6, 0x84B5, 0x9D77, 0xADF9, 0xADD9, 0xADD9, 0xAE19, 0x9557, 0x0882, 0x3A29,
    0x8D17, 0x9557, 0xC6DB, 0xCEFC, 0xADD8, 0x52CB, 0x52AB, 0x8CB3, 0x4A8A, 0x0000, 0x0000, 0x0000,
    0x0000, 0x0000, 0x0000, 0x0000, 0x0000, 0x0000, 0x0000, 0x0000, 0x0000, 0x0000, 0x0000, 0x0000,
    0x0000, 0x0000, 0x0000, 0x0000, 0x0000, 0x0000, 0x0000, 0x10C3, 0x84D5, 0x84D5, 0x84B5, 0x84D6,
    0x84D6, 0x84B5, 0x8CD6, 0x84B5, 0x0882, 0x0000, 0x0000, 0x0000, 0x0000, 0x0000, 0x0000, 0x0000,
    0x0000, 0x0000, 0x0000, 0x0000, 0x0000, 0x0000, 0x0000, 0x0000, 0x0000, 0x0000, 0x0000, 0x0000,
    0x0000, 0x0000, 0x0000, 0x52EB, 0x8CD3, 0x4A6A, 0x52EC, 0xBE59, 0xCF1C, 0xCEDC, 0x8D16, 0x8D17,
    0x31C8, 0x10C3, 0x9D98, 0xB61A, 0xADF9, 0xADF9, 0xAE19, 0x9557, 0x84B5, 0x7C94, 0x0882, 0x0000,
    0x0000, 0x0000, 0x0000, 0x0000, 0x0000, 0x0000, 0x0000, 0x0000, 0x0000, 0x0000, 0x0000, 0x0000,
    0x0000, 0x0000, 0x0000, 0x0000, 0x0000, 0x0000, 0x0000, 0x0000, 0x0000, 0x0000, 0x0000, 0x0000,
    0x0000, 0x0000, 0x0000, 0x0000, 0x0000, 0x0000, 0x0000, 0x0000, 0x0000, 0x0000, 0x6BB1, 0x8CF6,
    0x8CF6, 0xADD9, 0xADD9, 0xADD9, 0xADF9, 0xA5D9, 0x31C8, 0x18E4, 0x8D17, 0x9D77, 0xCEFC, 0xCF1C,
    0x31C7, 0x0000, 0x18C3, 0xADF8, 0x0000, 0xCEDB, 0x8451, 0x3A08, 0x1082, 0x0000, 0x0000, 0x0000,
    0x0000, 0x0000, 0x0000, 0x0000, 0x0000, 0x0000, 0x0000, 0x0000, 0x0000, 0x0000, 0x0000, 0x0000,
    0x0000, 0x0000, 0x0000, 0x73F1, 0x84F6, 0x7CB5, 0x84D6, 0x84D6, 0x84D6, 0x84D6, 0x7CB5, 0x8D16,
    0x6B8F, 0x0000, 0x0000, 0x0000, 0x0000, 0x0000, 0x0000, 0x0000, 0x0000, 0x0000, 0x0000, 0x0000,
    0x0000, 0x0000, 0x0000, 0x0000, 0x0000, 0x0000, 0x0000, 0x10A2, 0x4A69, 0x8CB3, 0xCEDB, 0x0000,
    0x94F4, 0x0000, 0x0000, 0x4AAB, 0xD75D, 0xC6DC, 0x8D17, 0x84D6, 0x10A3, 0x3A2A, 0xAE1A, 0xADF9,
    0xADF9, 0xADF9, 0xADF9, 0x8CF6, 0x8D17, 0x5B2E, 0x0000, 0x0000, 0x0000, 0x0000, 0x0000, 0x0000,
    0x0000, 0x0000, 0x0000, 0x0000, 0x0000, 0x0000, 0x0000, 0x0000, 0x0000, 0x0000, 0x0000, 0x0000,
    0x0000, 0x0000, 0x0000, 0x0000, 0x0000, 0x0000, 0x0000, 0x0000, 0x0000, 0x0000, 0x0000, 0x0000,
    0x0000, 0x0000, 0x0000, 0x0000, 0x0000, 0x0000, 0x3A09, 0x8D17, 0x84B5, 0xA5B8, 0xADF9, 0xADF9,
    0xADF9, 0xAE1A, 0x6390, 0x0000, 0x7C73, 0x9577, 0xCEFC, 0xC69A, 0x0000, 0x52CB, 0x31C7, 0x0000,
    0x2145, 0x73CF, 0xADD7, 0xCEDB, 0xCEDB, 0xADF7, 0x8471, 0x634D, 0x4249, 0x2986, 0x18E4, 0x0000,
    0x0000, 0x0000, 0x0000, 0x0000, 0x0000, 0x0000, 0x0000, 0x0000, 0x0000, 0x0000, 0x73D0, 0x0000,
    0xB619, 0x9516, 0x84B5, 0x7CB5, 0x7CB5, 0x84B5, 0x9557, 0xBE7A, 0x0000, 0x632D, 0x0000, 0x0000,
    0x0000, 0x0000, 0x0000, 0x0000, 0x0000, 0x0000, 0x0000, 0x0000, 0x0000, 0x18E3, 0x2986, 0x4249,
    0x636E, 0x8CD3, 0xB5F8, 0xC6BB, 0xC69A, 0xA575, 0x634D, 0x10C3, 0x0000, 0x4A6A, 0x4269, 0x18E3,
    0xD71C, 0xC6DB, 0x8D17, 0x6C12, 0x0000, 0x6BD1, 0xAE1A, 0xADF9, 0xADF9, 0xADF9, 0xA5B8, 0x84B5,
    0x8D17, 0x2987, 0x0000, 0x0000, 0x0000, 0x0000, 0x0000, 0x0000, 0x0000, 0x0000, 0x0000, 0x0000,
    0x0000, 0x0000, 0x0000, 0x0000, 0x0000, 0x0000, 0x0000, 0x0000, 0x0000, 0x0000, 0x0000, 0x0000,
    0x0000, 0x0000, 0x0000, 0x0000, 0x0000, 0x0000, 0x0000, 0x0000, 0x0000, 0x0000, 0x0000, 0x0000,
    0x0000, 0x0000, 0x0882, 0x8495, 0x84D5, 0x9D57, 0xADF9, 0xADF9, 0xADF8, 0xB619, 0x8D16, 0x0000,
    0x530D, 0x9577, 0xC6BB, 0xD71D, 0x2145, 0xA576, 0x0000, 0x8C93, 0x10C3, 0x0000, 0x0000, 0x0000,
    0x31A6, 0x5B2C, 0x7C51, 0x9D75, 0xB638, 0xC69B, 0xCEDB, 0xCEBB, 0xC69A, 0xC65A, 0xBE39, 0xB5F8,
    0xB5D8, 0xADD7, 0xADB7, 0xA596, 0xA555, 0xB5D7, 0x0000, 0x0000, 0x0000, 0xD6FC, 0xBE9B, 0xB63A,
    0xB63A, 0xC69B, 0xD71C, 0x0000, 0x0000, 0x0000, 0xADB7, 0xA576, 0xADB7, 0xB5D8, 0xB5D8, 0xB5F8,
    0xB5F8, 0xBE39, 0xC67A, 0xC69A, 0xCEBB, 0xCEBB, 0xC69A, 0xADF8, 0x9D35, 0x7C10, 0x52CB, 0x2965,
    0x0000, 0x0000, 0x0000, 0x2945, 0x9D35, 0x0000, 0x8CD4, 0x31C7, 0x0000, 0xBE7A, 0x8D17, 0x4A8B,
    0x0862, 0x9537, 0xAE19, 0xADF9, 0xADF9, 0xB619, 0x9557, 0x84D6, 0x7C53, 0x0000, 0x0000, 0x0000,
    0x0000, 0x0000, 0x0000, 0x0000, 0x0000, 0x0000, 0x0000, 0x0000, 0x0000, 0x0000, 0x0000, 0x0000,
    0x0000, 0x0000, 0x0000, 0x0000, 0x0000, 0x0000, 0x0000, 0x0000, 0x0000, 0x0000, 0x0000, 0x0000,
    0x0000, 0x0000, 0x0000, 0x0000, 0x0000, 0x0000, 0x0000, 0x0000, 0x0000, 0x0000, 0x0000, 0x532E,
    0x8D17, 0x8CF6, 0xADD9, 0xADD8, 0xADD9, 0xADF9, 0xA5D9, 0x29A8, 0x2166, 0x8D37, 0xB63A, 0xD75E,
    0x8CD3, 0x9535, 0xD73D, 0xD75E, 0xCEDC, 0x62AB, 0x0000, 0x0000, 0x0000, 0x0000, 0x0000, 0x1001,
    0x1842, 0x18A3, 0x2124, 0x31A6, 0x3A49, 0x4AAA, 0x530C, 0x5B2C, 0x5B2C, 0x530C, 0x4A8A, 0x3A28,
    0x31C7, 0x3186, 0x29A6, 0x5B4C, 0xB5F8, 0x0000, 0xD75D, 0xD73D, 0x0000, 0x0000, 0x0000, 0xA5B7,
    0x5B0C, 0x2986, 0x2986, 0x31C7, 0x4249, 0x4ACB, 0x5B0C, 0x5B2C, 0x5B2C, 0x530B, 0x4AAA, 0x3A29,
    0x2986, 0x2104, 0x20A3, 0x1842, 0x1001, 0x0000, 0x0000, 0x0000, 0x0000, 0x0000, 0x6ACC, 0xD71D,
    0xD75D, 0xD73D, 0x9514, 0x9D35, 0x0000, 0xADF9, 0x84F6, 0x18E4, 0x3A0A, 0xADF9, 0xADF9, 0xADF9,
    0xADF9, 0xADD9, 0x84D5, 0x8D17, 0x4AAC, 0x0000, 0x0000, 0x0000, 0x0000, 0x0000, 0x0000, 0x0000,
    0x0000, 0x0000, 0x0000, 0x0000, 0x0000, 0x0000, 0x0000, 0x0000, 0x0000, 0x0000, 0x0000, 0x0000,
    0x0000, 0x0000, 0x0000, 0x0000, 0x0000, 0x0000, 0x0000, 0x0000, 0x0000, 0x0000, 0x0000, 0x0000,
    0x0000, 0x0000, 0x0000, 0x0000, 0x0000, 0x0000, 0x0000, 0x2125, 0x8CF6, 0x84B5, 0xA598, 0xADF9,
    0xADD9, 0xADD9, 0xAE19, 0x6BF1, 0x0000, 0x7454, 0xADF9, 0xCEFC, 0xCEFC, 0xC6BB, 0xC6DC, 0xC6DB,
    0xCF1C, 0xD71D, 0x830E, 0x3083, 0x0000, 0x0000, 0x0000, 0x1862, 0x38C4, 0x5106, 0x6127, 0x6127,
    0x50E6, 0x48C4, 0x4083, 0x3883, 0x3883, 0x4084, 0x48C5, 0x50E5, 0x6126, 0x6947, 0x5906, 0x3062,
    0x1061, 0x5B2C, 0xD71C, 0x0000, 0x0000, 0xCEFC, 0x52CB, 0x1061, 0x3883, 0x5906, 0x6127, 0x5906,
    0x50C5, 0x40A4, 0x4084, 0x3883, 0x4083, 0x40A4, 0x48C4, 0x5906, 0x6947, 0x6947, 0x5126, 0x38E4,
    0x1862, 0x0000, 0x0000, 0x0000, 0x38A4, 0x930E, 0x0000, 0xD73D, 0xCEFC, 0xCEFC, 0xCEFC, 0xD71D,
    0xCEFC, 0xA5D9, 0x6BF1, 0x0000, 0x7C53, 0xB619, 0xADF9, 0xADF9, 0xADF9, 0x9D77, 0x84B5, 0x84D6,
    0x10C3, 0x0000, 0x0000, 0x0000, 0x0000, 0x0000, 0x0000, 0x0000, 0x0000, 0x0000, 0x0000, 0x0000,
    0x0000, 0x0000, 0x0000, 0x0000, 0x0000, 0x0000, 0x0000, 0x0000, 0x0000, 0x0000, 0x0000, 0x0000,
    0x0000, 0x0000, 0x0000, 0x0000, 0x0000, 0x0000, 0x0000, 0x0000, 0x0000, 0x0000, 0x0000, 0x0000,
    0x0000, 0x0000, 0x0000, 0x0000, 0x6BD1, 0x84F6, 0x8D16, 0xADF9, 0xADF9, 0xADD9, 0xADF8, 0xA5B8,
    0x1904, 0x426B, 0x9D99, 0xC6DC, 0xC6DC, 0xCEDC, 0xCEFC, 0xCF1C, 0xCEFC, 0xCF1C, 0xCEBB, 0x9AEF,
    0x6167, 0x1061, 0x0000, 0x0000, 0x0000, 0x0000, 0x1841, 0x2863, 0x5106, 0x71C9, 0x922B, 0xA26D,
    0xAA6D, 0xAA4D, 0xA24C, 0xA22C, 0x9A0B, 0x920B, 0x920B, 0x9A2B, 0x79A9, 0x2862, 0x2145, 0xBE59,
    0xADD7, 0x1904, 0x38A3, 0x8A0B, 0x9A2C, 0x920B, 0x920B, 0x9A0B, 0x9A2C, 0xA24C, 0xAA6D, 0xAA6D,
    0xA26C, 0x922B, 0x71C9, 0x4905, 0x2883, 0x1841, 0x0000, 0x0000, 0x0000, 0x0000, 0x2083, 0x7188,
    0x9B0F, 0xD6FC, 0xCF3D, 0xCEFC, 0xCF1D, 0xCEFC, 0xCEFC, 0xCEFC, 0xC6BB, 0x9578, 0x31E9, 0x2126,
    0xA5B9, 0xB619, 0xADF9, 0xADF9, 0xADD8, 0x8CF6, 0x8CF7, 0x5B4E, 0x0000, 0x0000, 0x0000, 0x0000,
    0x0000, 0x0000, 0x0000, 0x0000, 0x0000, 0x0000, 0x0000, 0x0000, 0x0000, 0x0000, 0x0000, 0x0000,
    0x0000, 0x0000, 0x0000, 0x0000, 0x0000, 0x0000, 0x0000, 0x0000, 0x0000, 0x0000, 0x0000, 0x0000,
    0x0000, 0x0000, 0x0000, 0x0000, 0x0000, 0x0000, 0x0000, 0x0000, 0x0000, 0x0000, 0x0000, 0x0000,
    0x31A7, 0x8D17, 0x84D5, 0xA5B8, 0xADF9, 0xADF9, 0xADF8, 0xAE1A, 0x5B4E, 0x0882, 0x84D6, 0xBE9B,
    0xCEFC, 0xCEDC, 0xCEFC, 0xCEFC, 0xCEFC, 0xCEFC, 0xCF3D, 0xC63A, 0x9A8D, 0x81EA, 0x28A3, 0x0000,
    0x0000, 0x0000, 0x0000, 0x39E7, 0x18E3, 0x0000, 0x0000, 0x1001, 0x3083, 0x5106, 0x6988, 0x81CA,
    0x920B, 0x922B, 0x9A2C, 0x9A0B, 0x9A2C, 0xA26D, 0x6147, 0x20E4, 0x30E4, 0x79A9, 0xAA8D, 0x9A4C,
    0x9A2C, 0x9A0B, 0x9A0B, 0x920B, 0x81EA, 0x7188, 0x5126, 0x3083, 0x1000, 0x0000, 0x0000, 0x2124,
    0x39C6, 0x0000, 0x0000, 0x0000, 0x0000, 0x4105, 0x920B, 0x9AAE, 0xCE9B, 0xD75D, 0xCEFC, 0xD71C,
    0xD71C, 0xCEFC, 0xCEFC, 0xCEFC, 0xBE7A, 0x7C94, 0x0000, 0x63B0, 0xB63A, 0xADF9, 0xADD9, 0xADF8,
    0xA5B8, 0x84B5, 0x84F6, 0x2125, 0x0000, 0x0000, 0x0000, 0x0000, 0x0000, 0x0000, 0x0000, 0x0000,
    0x0000, 0x0000, 0x0000, 0x0000, 0x0000, 0x0000, 0x0000, 0x0000, 0x0000, 0x0000, 0x0000, 0x0000,
    0x0000, 0x0000, 0x0000, 0x0000, 0x0000, 0x0000, 0x0000, 0x0000, 0x0000, 0x0000, 0x0000, 0x0000,
    0x0000, 0x0000, 0x0000, 0x0000, 0x0000, 0x0000, 0x0000, 0x0000, 0x0000, 0x7433, 0x84F6, 0x9537,
    0xADF9, 0xADF9, 0xADF9, 0xB619, 0x9557, 0x10A3, 0x4ACC, 0xB63A, 0xCEFC, 0xCEDC, 0xCEFC, 0xCEFC,
    0xCEFC, 0xCEFC, 0xCEDC, 0xD75D, 0xBD98, 0x89EB, 0x8A0B, 0x30C4, 0x0000, 0x0000, 0x0000, 0x5289,
    0xDE37, 0xACF2, 0x734C, 0x4A28, 0x2944, 0x0000, 0x0000, 0x0000, 0x0000, 0x1821, 0x2863, 0x38A4,
    0x48E5, 0x5106, 0x6168, 0x4926, 0x5967, 0x69A8, 0x5146, 0x4905, 0x40C4, 0x2863, 0x1821, 0x0000,
    0x0000, 0x0000, 0x0000, 0x2944, 0x5269, 0x7BAD, 0xB513, 0xCDF6, 0x41E7, 0x0000, 0x0000, 0x0000,
    0x4926, 0x9A2C, 0x922C, 0xC619, 0xD75E, 0xD6FC, 0xD71C, 0xD71C, 0xD71C, 0xCEFC, 0xCEFC, 0xCEFC,
    0xAE1A, 0x426B, 0x1905, 0x9DB9, 0xADF8, 0xADF9, 0xADD9, 0xADF9, 0x9537, 0x84F6, 0x63B0, 0x0000,
    0x0000, 0x0000, 0x0000, 0x0000, 0x0000, 0x0000, 0x0000, 0x0000, 0x0000, 0x0000, 0x0000, 0x0000,
    0x0000, 0x0000, 0x0000, 0x0000, 0x0000, 0x0000, 0x0000, 0x0000, 0x0000, 0x0000, 0x0000, 0x0000,
    0x0000, 0x0000, 0x0000, 0x0000, 0x0000, 0x0000, 0x0000, 0x0000, 0x0000, 0x0000, 0x0000, 0x0000,
    0x0000, 0x0000, 0x0000, 0x0000, 0x0000, 0x3A09, 0x8D37, 0x84B5, 0xADD9, 0xADF9, 0xADF9, 0xADF9,
    0xAE1A, 0x532E, 0x10A3, 0x9557, 0xCEFC, 0xCEFC, 0xCEFC, 0xCEFC, 0xCEFC, 0xCEFC, 0xCEFC, 0xCEDC,
    0xD75E, 0xAC94, 0x89AA, 0x922B, 0x38E4, 0x0000, 0x0000, 0x0000, 0x41E7, 0xC594, 0xEED9, 0xEEB9,
    0xD637, 0xBD74, 0xA4B1, 0x8BEE, 0x6B2B, 0x5268, 0x39A6, 0x2944, 0x18E3, 0x10A2, 0x0000, 0x0000,
    0x0000, 0x0000, 0x0000, 0x10C2, 0x2124, 0x3185, 0x4A48, 0x6B2B, 0x83EE, 0xA4B1, 0xBD74, 0xD636,
    0xEED9, 0xE698, 0xB533, 0x3165, 0x0000, 0x0000, 0x0000, 0x5126, 0x9A4C, 0x89EA, 0x0000, 0xD75D,
    0xCEDC, 0xD71D, 0xD71C, 0xCF1C, 0xCEFC, 0xCF1C, 0xD71D, 0xCEDC, 0x8CF6, 0x0882, 0x63B1, 0xB63A,
    0xADF8, 0xADF9, 0xADF9, 0xA5B8, 0x84D5, 0x8D17, 0x2987, 0x0000, 0x0000, 0x0000, 0x0000, 0x0000,
    0x0000, 0x0000, 0x0000, 0x0000, 0x0000, 0x0000, 0x0000, 0x0000, 0x0000, 0x0000, 0x0000, 0x0000,
    0x0000, 0x0000, 0x0000, 0x0000, 0x0000, 0x0000, 0x0000, 0x0000, 0x0000, 0x0000, 0x0000, 0x0000,
    0x0000, 0x0000, 0x0000, 0x0000, 0x0000, 0x0000, 0x0000, 0x0000, 0x0000, 0x0000, 0x0000, 0x0000,
    0x0000, 0x0000, 0x7C53, 0x84D6, 0x9557, 0xAE19, 0xADF9, 0xADF9, 0xADF9, 0x9D98, 0x18E4, 0x4ACD,
    0xC6BC, 0xD71C, 0xCEFC, 0xCEFC, 0xCEFC, 0xCEFC, 0xCEFC, 0xCEFC, 0xCEFC, 0xD73D, 0x8B2E, 0x89CA,
    0x924C, 0x4905, 0x0000, 0x0000, 0x20E3, 0x18C3, 0x62CA, 0xC5B5, 0x0000, 0x0000, 0x0000, 0xEEF9,
    0xE6B8, 0xE678, 0xDE57, 0xD616, 0xCDD6, 0xC5B5, 0xC574, 0xBD74, 0xBD54, 0xBD74, 0xBD74, 0xCDB5,
    0xCDF6, 0xD637, 0xDE78, 0xE6B8, 0xEF19, 0x0000, 0x0000, 0xEF3A, 0xAD33, 0x4A28, 0x10A2, 0x18C2,
    0x0000, 0x0000, 0x5947, 0x9A4C, 0x89CA, 0x9BD0, 0xD75D, 0xCEFC, 0xCEFC, 0xCEFC, 0xD71C, 0xCF1C,
    0xCEFC, 0xCEFC, 0xD71D, 0xBE9C, 0x426B, 0x2145, 0xA5D9, 0xB619, 0xADF9, 0xADF9, 0xAE19, 0x9536,
    0x8CF6, 0x6BF1, 0x0000, 0x0000, 0x0000, 0x0000, 0x0000, 0x0000, 0x0000, 0x0000, 0x0000, 0x0000,
    0x0000, 0x0000, 0x0000, 0x0000, 0x0000, 0x0000, 0x0000, 0x0000, 0x0000, 0x0000, 0x0000, 0x0000,
    0x0000, 0x0000, 0x0000, 0x0000, 0x0000, 0x0000, 0x0000, 0x0000, 0x0000, 0x0000, 0x0000, 0x0000,
    0x0000, 0x0000, 0x0000, 0x0000, 0x0000, 0x0000, 0x0000, 0x0000, 0x0000, 0x0000, 0x3A09, 0x8D17,
    0x84D5, 0xADD9, 0xADF9, 0xADF9, 0xADD8, 0xB61A, 0x6BD1, 0x1083, 0x9D78, 0xD71C, 0xCEFC, 0xCEFC,
    0xCEFC, 0xCEDC, 0xCEDC, 0xCEFC, 0xCEDC, 0xD73D, 0xB619, 0x69C9, 0x920B, 0x9A2C, 0x5946, 0x0000,
    0x39A6, 0xA4B1, 0x62EB, 0x2945, 0x4A28, 0x8C0F, 0xC616, 0x0000, 0x0000, 0x0000, 0x0000, 0xF77A,
    0xF75A, 0xF73A, 0xF75A, 0xF75A, 0xF75A, 0xF75A, 0xF75A, 0x0000, 0x0000, 0x0000, 0x0000, 0x0000,
    0x0000, 0xCE16, 0x83EE, 0x41E7, 0x2924, 0x62EA, 0x9450, 0x2944, 0x0000, 0x6188, 0x9A2C, 0x91EB,
    0x722A, 0xC69A, 0xD73D, 0xCEFC, 0xCEFC, 0xCEFC, 0xCEFC, 0xCEFC, 0xCEFC, 0xCEFC, 0xD73D, 0x8D16,
    0x0862, 0x7412, 0xAE19, 0xADF9, 0xADF9, 0xADF9, 0xA5B8, 0x84B5, 0x8D17, 0x2986, 0x0000, 0x0000,
    0x0000, 0x0000, 0x0000, 0x0000, 0x0000, 0x0000, 0x0000, 0x0000, 0x0000, 0x0000, 0x0000, 0x0000,
    0x0000, 0x0000, 0x0000, 0x0000, 0x0000, 0x0000, 0x0000, 0x0000, 0x0000, 0x0000, 0x0000, 0x0000,
    0x0000, 0x0000, 0x0000, 0x0000, 0x0000, 0x0000, 0x0000, 0x0000, 0x0000, 0x0000, 0x0000, 0x0000,
    0x0000, 0x0000, 0x0000, 0x0000, 0x0000, 0x0000, 0x0000, 0x7412, 0x84D6, 0x9557, 0xADF9, 0xADF9,
    0xADF9, 0xADF9, 0xADF9, 0x29A7, 0x426B, 0xCEFD, 0xCEFC, 0xCEFC, 0xCEFC, 0xCEDC, 0xCEDC, 0xCEFC,
    0xCEFC, 0xCEDC, 0x0000, 0x8431, 0x6947, 0x9A4C, 0x9A2C, 0x6967, 0x0000, 0x1903, 0xACF2, 0xD637,
    0xA4B1, 0x6B2B, 0x4A48, 0x5AAA, 0x840F, 0xBD94, 0xDEB8, 0xF75A, 0x0000, 0x0000, 0x0000, 0x0000,
    0x0000, 0x0000, 0x0000, 0x0000, 0xEF5A, 0xDE97, 0xB574, 0x8C2F, 0x62EB, 0x5289, 0x736C, 0xACF2,
    0xD636, 0x9C91, 0x10A2, 0x1021, 0x79C9, 0x9A4C, 0x922B, 0x6147, 0x94D4, 0x0000, 0xCEFC, 0xCEFC,
    0xCEFC, 0xCF1C, 0xCF1C, 0xCEFC, 0xCF1C, 0xD71C, 0xCEFD, 0x3A09, 0x31E9, 0xADF9, 0xADF8, 0xADD8,
    0xADF9, 0xAE19, 0x9536, 0x84F6, 0x6390, 0x0000, 0x0000, 0x0000, 0x0000, 0x0000, 0x0000, 0x0000,
    0x0000, 0x0000, 0x0000, 0x0000, 0x0000, 0x0000, 0x0000, 0x0000, 0x0000, 0x0000, 0x0000, 0x0000,
    0x0000, 0x0000, 0x0000, 0x0000, 0x0000, 0x0000, 0x0000, 0x0000, 0x0000, 0x0000, 0x0000, 0x0000,
    0x0000, 0x0000, 0x0000, 0x0000, 0x0000, 0x0000, 0x0000, 0x0000, 0x0000, 0x0000, 0x0000, 0x0000,
    0x0000, 0x0000, 0x0000, 0x2987, 0x8D17, 0x84B5, 0xA5D8, 0xADF9, 0xADF9, 0xADF9, 0xB61A, 0x84D5,
    0x10A3, 0x9536, 0xD71D, 0xC6DC, 0xCEFC, 0xCEDC, 0xCEFC, 0xCEFC, 0xCEFC, 0xCEFC, 0xCEFC, 0xCF1D,
    0x4A4A, 0x7989, 0xA24C, 0xB28D, 0x922B, 0x30A3, 0x0000, 0x4207, 0xB533, 0xEEF9, 0xF75A, 0xDE98,
    0xC5D5, 0xB553, 0xBD94, 0xCE36, 0xEF19, 0x0000, 0x0000, 0x0000, 0x0000, 0x0000, 0x0000, 0xEF1A,
    0xD636, 0xBD74, 0xB574, 0xC5F5, 0xE6B8, 0xFF5A, 0xF71A, 0xB513, 0x39C6, 0x0000, 0x48E5, 0xA24C,
    0xB28D, 0x9A4C, 0x6947, 0x5ACB, 0xD75E, 0xCEFC, 0xCEFC, 0xCEFC, 0xCEFC, 0xCEFC, 0xCF1C, 0xCEFC,
    0xCEFC, 0x0000, 0x84B4, 0x10A3, 0x8D16, 0xB619, 0xADD8, 0xADF9, 0xADF9, 0xA5B8, 0x84B5, 0x8CF6,
    0x1904, 0x0000, 0x0000, 0x0000, 0x0000, 0x0000, 0x0000, 0x0000, 0x0000, 0x0000, 0x0000, 0x0000,
    0x0000, 0x0000, 0x0000, 0x0000, 0x0000, 0x0000, 0x0000, 0x0000, 0x0000, 0x0000, 0x0000, 0x0000,
    0x0000, 0x0000, 0x0000, 0x0000, 0x0000, 0x0000, 0x0000, 0x0000, 0x0000, 0x0000, 0x0000, 0x0000,
    0x0000, 0x0000, 0x0000, 0x0000, 0x0000, 0x0000, 0x0000, 0x0000, 0x0000, 0x0000, 0x0000, 0x0000,
    0x636F, 0x84F6, 0x9536, 0xADF9, 0xADF9, 0xADF9, 0xADF8, 0xB63A, 0x52ED, 0x31E8, 0xCEFD, 0xCEFC,
    0xCEFC, 0xCEFC, 0xCEFC, 0xCEFC, 0xCEDC, 0xCEFC, 0xC6DB, 0xD71D, 0xB639, 0x3904, 0x920B, 0xAA6D,
    0xC2CE, 0xC2CE, 0x81E9, 0x1821, 0x0000, 0x39A6, 0x9C70, 0xDE98, 0x0000, 0x0000, 0x0000, 0x0000,
    0x0000, 0x0000, 0x0000, 0x0000, 0x0000, 0x0000, 0x0000, 0x0000, 0x0000, 0x0000, 0x0000, 0x0000,
    0xDE98, 0x9450, 0x31A6, 0x0000, 0x2862, 0x922A, 0xC2CE, 0xBAAD, 0xA24C, 0x79A9, 0x3105, 0xBE7A,
    0xD73D, 0xCEFC, 0xCEDC, 0xCEFC, 0xCEFC, 0xCEFC, 0xCF1C, 0xCF1C, 0xD71C, 0xC6BC, 0x2146, 0x5B4E,
    0xB63A, 0xADF9, 0xADF9, 0xADF9, 0xADF9, 0x8D16, 0x8D17, 0x530E, 0x0000, 0x0000, 0x0000, 0x0000,
    0x0000, 0x0000, 0x0000, 0x0000, 0x0000, 0x0000, 0x0000, 0x0000, 0x0000, 0x0000, 0x0000, 0x0000,
    0x0000, 0x0000, 0x0000, 0x0000, 0x0000, 0x0000, 0x0000, 0x0000, 0x0000, 0x0000, 0x0000, 0x0000,
    0x0000, 0x0000, 0x0000, 0x0000, 0x0000, 0x0000, 0x0000, 0x0000, 0x0000, 0x0000, 0x0000, 0x0000,
    0x0000, 0x0000, 0x0000, 0x0000, 0x0000, 0x0000, 0x0000, 0x0000, 0x18C4, 0x84D5, 0x84B5, 0xA5B8,
    0xADF9, 0xADF9, 0xADF9, 0xB619, 0xA5D9, 0x2967, 0x7C52, 0xD75E, 0xC6DB, 0xCEFC, 0xCEFC, 0xCEFC,
    0xC6DC, 0xCEFC, 0xCEFC, 0xC6BB, 0x0000, 0x8472, 0x3884, 0xA24D, 0xAA6C, 0xBAAD, 0xC2AE, 0xBAAD,
    0x71A8, 0x1841, 0x0000, 0x10A2, 0x5269, 0x9450, 0xC5B5, 0xE698, 0xEF1A, 0x0000, 0x0000, 0x0000,
    0x0000, 0x0000, 0x0000, 0xEF1A, 0xDE98, 0xBDB5, 0x8C2F, 0x4A68, 0x10C2, 0x0000, 0x2882, 0x81E9,
    0xBACE, 0xC2CD, 0xBA8D, 0xAA6C, 0x920B, 0x2062, 0x8D14, 0xD73D, 0xC6BB, 0xCEDC, 0xCEFC, 0xCEFC,
    0xCEFC, 0xCF1C, 0xD71D, 0xCEFC, 0x0000, 0x638F, 0x2987, 0xADF9, 0xB5F9, 0xADF9, 0xADF9, 0xADF9,
    0x9D98, 0x84D6, 0x7CB4, 0x1082, 0x0000, 0x0000, 0x0000, 0x0000, 0x0000, 0x0000, 0x0000, 0x0000,
    0x0000, 0x0000, 0x0000, 0x0000, 0x0000, 0x0000, 0x0000, 0x0000, 0x0000, 0x0000, 0x0000, 0x0000,
    0x0000, 0x0000, 0x0000, 0x0000, 0x0000, 0x0000, 0x0000, 0x0000, 0x0000, 0x0000, 0x0000, 0x0000,
    0x0000, 0x0000, 0x0000, 0x0000, 0x0000, 0x0000, 0x0000, 0x0000, 0x0000, 0x0000, 0x0000, 0x0000,
    0x0000, 0x0000, 0x0000, 0x0000, 0x0000, 0x428B, 0x8D17, 0x8CF6, 0xADF9, 0xADF9, 0xADF9, 0xADF9,
    0xB63A, 0x8CD5, 0x2166, 0xBE7A, 0xCF1C, 0xCEDC, 0xCEDC, 0xCEDC, 0xCEFC, 0xCF1C, 0xCEDC, 0xCEFC,
    0xCEDC, 0x0000, 0x4A8A, 0x48C5, 0xA24D, 0xB26C, 0xBA8D, 0xBA8D, 0xC2AD, 0xBAAD, 0x8A0A, 0x4925,
    0x1021, 0x0000, 0x0000, 0x18E3, 0x31A6, 0x4A48, 0x5ACA, 0x62EB, 0x62EB, 0x52A9, 0x4228, 0x2985,
    0x10C3, 0x0000, 0x0000, 0x1841, 0x5926, 0x9A0A, 0xC2CE, 0xC2CE, 0xB28D, 0xB2AD, 0xAA6C, 0xA24C,
    0x3063, 0x5B4D, 0x0000, 0xC6DC, 0xCEFC, 0xCEFC, 0xCF1C, 0xCEFC, 0xCEFC, 0xCEFC, 0xCEFC, 0x0000,
    0xB619, 0x1925, 0x9536, 0xB639, 0xADF9, 0xADF9, 0xADF9, 0xADF9, 0x8CF6, 0x8D37, 0x3A09, 0x0000,
    0x0000, 0x0000, 0x0000, 0x0000, 0x0000, 0x0000, 0x0000, 0x0000, 0x0000, 0x0000, 0x0000, 0x0000,
    0x0000, 0x0000, 0x0000, 0x0000, 0x0000, 0x0000, 0x0000, 0x0000, 0x0000, 0x0000, 0x0000, 0x0000,
    0x0000, 0x0000, 0x0000, 0x0000, 0x0000, 0x0000, 0x0000, 0x0000, 0x0000, 0x0000, 0x0000, 0x0000,
    0x0000, 0x0000, 0x0000, 0x0000, 0x0000, 0x0000, 0x0000, 0x0000, 0x0000, 0x0000, 0x0000, 0x0000,
    0x0000, 0x0000, 0x7412, 0x84F6, 0x9D77, 0xADF9, 0xADF9, 0xADF9, 0xADF9, 0xBE5B, 0x5B4E, 0x52CC,
    0xD75E, 0xC6DB, 0xC6DC, 0xCEFC, 0xCEFC, 0xCEFC, 0xC6BB, 0xCEFC, 0xCEFC, 0xCF1D, 0xC6DC, 0x1904,
    0x6127, 0xAA4D, 0xB26D, 0xBAAD, 0xB28C, 0xBA8C, 0xC2AD, 0xC2CE, 0xBAAD, 0xA24B, 0x71A8, 0x50E5,
    0x3083, 0x2041, 0x1800, 0x1000, 0x1000, 0x1801, 0x2042, 0x38A3, 0x5105, 0x7988, 0x9A4B, 0xC2CD,
    0xD370, 0xD412, 0xBAAD, 0xB28C, 0xBAAD, 0xAA6C, 0xA24C, 0x48C5, 0x2986, 0xD73D, 0xCEFC, 0xCEFC,
    0xCEFC, 0xCEFC, 0xCEFC, 0xCEFC, 0xCEFC, 0xD71D, 0xD71C, 0x0000, 0x424A, 0x6BD0, 0xBE5B, 0xADF8,
    0xADF9, 0xADF9, 0xAE19, 0x9557, 0x84F6, 0x63B0, 0x0000, 0x0000, 0x0000, 0x0000, 0x0000, 0x0000,
    0x0000, 0x0000, 0x0000, 0x0000, 0x0000, 0x0000, 0x0000, 0x0000, 0x0000, 0x0000, 0x0000, 0x0000,
    0x0000, 0x0000, 0x0000, 0x0000, 0x0000, 0x0000, 0x0000, 0x0000, 0x0000, 0x0000, 0x0000, 0x0000,
    0x0000, 0x0000, 0x0000, 0x0000, 0x0000, 0x0000, 0x0000, 0x0000, 0x0000, 0x0000, 0x0000, 0x0000,
    0x0000, 0x0000, 0x0000, 0x0000, 0x0000, 0x0000, 0x0000, 0x0000, 0x0000, 0x0000, 0x2125, 0x8CF6,
    0x84D5, 0xADD8, 0xADF9, 0xADF9, 0xADF9, 0xADF9, 0xB63A, 0x424A, 0x8CD4, 0xD75E, 0xC6BB, 0xCEDC,
    0xCEFC, 0xCEFC, 0xCEFC, 0xCEFC, 0xCEFC, 0xCEFC, 0x0000, 0xADF8, 0x0000, 0x6988, 0xA24D, 0xAA6C,
    0xBAAD, 0xBA8D, 0xBA8D, 0xBA8D, 0xC2CE, 0xCAEE, 0xCB0F, 0xCB0E, 0xC2EE, 0xC2CE, 0xBACD, 0xBAAD,
    0xBACD, 0xC2EE, 0xCB2F, 0xD32F, 0xDBF1, 0xDC94, 0xDC73, 0xCB0F, 0xE4B4, 0xF679, 0xC30E, 0xBA8C,
    0xAA6C, 0xA24C, 0x5926, 0x1082, 0xC69A, 0xD73D, 0xCEDC, 0xCEFC, 0xCEFC, 0xCF1C, 0xCEFC, 0xCF1C,
    0xCEFC, 0xCEDC, 0x0000, 0x8472, 0x4AAC, 0xBE5B, 0xADF9, 0xADF9, 0xADF8, 0xAE19, 0xA5B8, 0x84D5,
    0x8495, 0x10A3, 0x0000, 0x0000, 0x0000, 0x0000, 0x0000, 0x0000, 0x0000, 0x0000, 0x0000, 0x0000,
    0x0000, 0x0000, 0x0000, 0x0000, 0x0000, 0x0000, 0x0000, 0x0000, 0x0000, 0x0000, 0x0000, 0x0000,
    0x0000, 0x0000, 0x0000, 0x0000, 0x0000, 0x0000, 0x0000, 0x0000, 0x0000, 0x0000, 0x0000, 0x0000,
    0x0000, 0x0000, 0x0000, 0x0000, 0x0000, 0x0000, 0x0000, 0x0000, 0x0000, 0x0000, 0x0000, 0x0000,
    0x0000, 0x0000, 0x0000, 0x0000, 0x0000, 0x0000, 0x0000, 0x4A8B, 0x8D17, 0x8D16, 0xADF9, 0xADF9,
    0xADF9, 0xADF9, 0xB619, 0x9D98, 0x426A, 0xC69A, 0xD71D, 0xCEDC, 0xCF1D, 0xCF1D, 0xCEFC, 0xCF1D,
    0xCF1C, 0xD71D, 0xCEFC, 0x0000, 0x9514, 0x0000, 0x6988, 0xA24D, 0xAA4C, 0xBA8D, 0xBAAD, 0xBAAD,
    0xC2CE, 0xCB2F, 0xD350, 0xD390, 0xD390, 0xD390, 0xD3B1, 0xDBB1, 0xDBB1, 0xDBB1, 0xDB90, 0x0000,
    0x0000, 0x0000, 0xFEBB, 0xD3B1, 0xC30E, 0xCB6F, 0xB26C, 0xA22C, 0xA24C, 0x5946, 0x0000, 0xADB7,
    0x0000, 0xCEDC, 0xCEFC, 0xCEFC, 0xCEFC, 0xCEFC, 0xCEFC, 0xCF1C, 0xCEFC, 0xD75E, 0xBE7A, 0x4AAC,
    0xAE1A, 0xB619, 0xADF9, 0xADF9, 0xADF8, 0xADF9, 0x8CF6, 0x8CF6, 0x39E9, 0x0000, 0x0000, 0x0000,
    0x0000, 0x0000, 0x0000, 0x0000, 0x0000, 0x0000, 0x0000, 0x0000, 0x0000, 0x0000, 0x0000, 0x0000,
    0x0000, 0x0000, 0x0000, 0x0000, 0x0000, 0x0000, 0x0000, 0x0000, 0x0000, 0x0000, 0x0000, 0x0000,
    0x0000, 0x0000, 0x0000, 0x0000, 0x0000, 0x0000, 0x0000, 0x0000, 0x0000, 0x0000, 0x0000, 0x0000,
    0x0000, 0x0000, 0x0000, 0x0000, 0x0000, 0x0000, 0x0000, 0x0000, 0x0000, 0x0000, 0x0000, 0x0000,
    0x0000, 0x0000, 0x0000, 0x0000, 0x6BD0, 0x84F6, 0x9D77, 0xB619, 0xADF9, 0xADF9, 0xADD8, 0xB63A,
    0x8CD5, 0x6B8F, 0xD75D, 0xCEFC, 0xCEFC, 0xCEFC, 0xCEFC, 0xCF1C, 0xCF1C, 0xCF1C, 0xCF1D, 0xCEFC,
    0x0000, 0x84B3, 0x0000, 0x5126, 0x9A2C, 0xA22C, 0xAA4C, 0xB28D, 0xBAAD, 0xC2CE, 0xC2EE, 0xCB0F,
    0xCB2F, 0xCB4F, 0xD370, 0xD370, 0xD370, 0xD370, 0xD34F, 0xD453, 0x0000, 0x0000, 0xCBF1, 0xBAAD,
    0xB26C, 0xAA2C, 0xA22C, 0x920B, 0x40C4, 0x0000, 0x9D35, 0x0000, 0xCEDC, 0xCEFC, 0xCEFC, 0xCEFC,
    0xCEFC, 0xCEFC, 0xCEFC, 0xCF1C, 0xCF1C, 0xD73D, 0x6B8F, 0x9D57, 0xBE5A, 0xAE19, 0xAE19, 0xADF9,
    0xB619, 0x9536, 0x8CF6, 0x5B4E, 0x0000, 0x0000, 0x0000, 0x0000, 0x0000, 0x0000, 0x0000, 0x0000,
    0x0000, 0x0000, 0x0000, 0x0000, 0x0000, 0x0000, 0x0000, 0x0000, 0x0000, 0x0000, 0x0000, 0x0000,
    0x0000, 0x0000, 0x0000, 0x0000, 0x0000, 0x0000, 0x0000, 0x0000, 0x0000, 0x0000, 0x0000, 0x0000,
    0x0000, 0x0000, 0x0000, 0x0000, 0x0000, 0x0000, 0x0000, 0x0000, 0x0000, 0x0000, 0x0000, 0x0000,
    0x0000, 0x0000, 0x0000, 0x0000, 0x0000, 0x0000, 0x0000, 0x0000, 0x0000, 0x0000, 0x0000, 0x0000,
    0x10A2, 0x7C94, 0x84D6, 0xA5B8, 0xAE19, 0xADF9, 0xADF9, 0xADF8, 0xBE5A, 0x8493, 0x94F4, 0xD73D,
    0xCEDC, 0xCEFC, 0xCEFC, 0xCEFC, 0xCEFC, 0xCEFC, 0xCF1C, 0xCF1C, 0xCEFC, 0x0000, 0x8473, 0x0862,
    0x2042, 0x71A8, 0x9A2C, 0xA24C, 0xAA4C, 0xAA6C, 0xB26D, 0xBA8D, 0xBAAD, 0xBAAD, 0xBACD, 0xBAAD,
    0xBAAD, 0xBAAD, 0xBAAD, 0xB26C, 0xB24C, 0xAA4C, 0xAA2C, 0xAA4C, 0xAA4D, 0x922C, 0x6167, 0x1821,
    0x10C3, 0x9536, 0x0000, 0xCEFC, 0xCF1C, 0xCF1C, 0xCEFC, 0xCEFC, 0xCEFC, 0xCEFC, 0xCEFC, 0xCEFC,
    0x0000, 0x94F4, 0x8CD4, 0xB65A, 0xADF9, 0xADF9, 0xAE19, 0xB619, 0xA598, 0x84D6, 0x7432, 0x0000,
    0x0000, 0x0000, 0x0000, 0x0000, 0x0000, 0x0000, 0x0000, 0x0000, 0x0000, 0x0000, 0x0000, 0x0000,
    0x0000, 0x0000, 0x0000, 0x0000, 0x0000, 0x0000, 0x0000, 0x0000, 0x0000, 0x0000, 0x0000, 0x0000,
    0x0000, 0x0000, 0x0000, 0x0000, 0x0000, 0x0000, 0x0000, 0x0000, 0x0000, 0x0000, 0x0000, 0x0000,
    0x0000, 0x0000, 0x0000, 0x0000, 0x0000, 0x0000, 0x0000, 0x0000, 0x0000, 0x0000, 0x0000, 0x0000,
    0x0000, 0x0000, 0x0000, 0x0000, 0x0000, 0x0000, 0x0000, 0x0000, 0x0000, 0x2166, 0x84F6, 0x8CF6,
    0xADF9, 0xB619, 0xADF9, 0xAE19, 0xADF9, 0xB65A, 0x8CD4, 0xB639, 0xCF1D, 0xCEFC, 0xCEFC, 0xCEFC,
    0xCEFC, 0xCEFC, 0xCF1C, 0xCF1C, 0xCF1C, 0xCEFC, 0xD73D, 0x8CD5, 0x31E8, 0x0000, 0x1841, 0x5105,
    0x71A9, 0x89EB, 0x9A2C, 0xA24D, 0xAA6D, 0xAA6D, 0xAA6C, 0xAA6C, 0xAA6C, 0xAA4D, 0xAA4D, 0xA24C,
    0xA24C, 0x9A4C, 0x8A0B, 0x71A9, 0x40E5, 0x1021, 0x0000, 0x3A4A, 0x9557, 0xD75D, 0xCEFC, 0xCEFC,
    0xCF1C, 0xCF1C, 0xD71D, 0xCEFC, 0xCEFC, 0xCEFC, 0xCEFC, 0xD73D, 0xB639, 0x9535, 0xB63A, 0xADF9,
    0xAE19, 0xADF9, 0xAE19, 0xADF9, 0x8CF6, 0x7C95, 0x18E4, 0x0000, 0x0000, 0x0000, 0x0000, 0x0000,
    0x0000, 0x0000, 0x0000, 0x0000, 0x0000, 0x0000, 0x0000, 0x0000, 0x0000, 0x0000, 0x0000, 0x0000,
    0x0000, 0x0000, 0x0000, 0x0000, 0x0000, 0x0000, 0x0000, 0x0000, 0x0000, 0x0000, 0x0000, 0x0000,
    0x0000, 0x0000, 0x0000, 0x0000, 0x0000, 0x0000, 0x0000, 0x0000, 0x0000, 0x0000, 0x0000, 0x0000,
    0x0000, 0x0000, 0x0000, 0x0000, 0x0000, 0x0000, 0x0000, 0x0000, 0x0000, 0x0000, 0x0000, 0x0000,
    0x0000, 0x0000, 0x0000, 0x0000, 0x0000, 0x0000, 0x3A2A, 0x8D17, 0x9516, 0xB619, 0xADF9, 0xB619,
    0xB619, 0xB619, 0xB619, 0xADD8, 0xCEFC, 0xCEFC, 0xCEFC, 0xCEFC, 0xCEFC, 0xCF1C, 0xCEFC, 0xCEFC,
    0xCEFC, 0xCEFC, 0xD71C, 0xC6BC, 0x9537, 0x6C12, 0x3A6A, 0x10C3, 0x0000, 0x0000, 0x2041, 0x3083,
    0x40C4, 0x5105, 0x5126, 0x5926, 0x5926, 0x5106, 0x48E5, 0x38A4, 0x2862, 0x1821, 0x0000, 0x0000,
    0x1904, 0x4ACC, 0x7433, 0x9578, 0xCEFC, 0xD71C, 0xCEFC, 0xCF1C, 0xCEFC, 0xCEFC, 0xCF1C, 0xCF1C,
    0xCEFC, 0xCEFC, 0xCF1C, 0xCEDC, 0xADD8, 0xB639, 0xADF9, 0xAE19, 0xADF9, 0xADF9, 0xAE19, 0x8D36,
    0x8CF6, 0x29A7, 0x0000, 0x0000, 0x0000, 0x0000, 0x0000, 0x0000, 0x0000, 0x0000, 0x0000, 0x0000,
    0x0000, 0x0000, 0x0000, 0x0000, 0x0000, 0x0000, 0x0000, 0x0000, 0x0000, 0x0000, 0x0000, 0x0000,
    0x0000, 0x0000, 0x0000, 0x0000, 0x0000, 0x0000, 0x0000, 0x0000, 0x0000, 0x0000, 0x0000, 0x0000,
    0x0000, 0x0000, 0x0000, 0x0000, 0x0000, 0x0000, 0x0000, 0x0000, 0x0000, 0x0000, 0x0000, 0x0000,
    0x0000, 0x0000, 0x0000, 0x0000, 0x0000, 0x0000, 0x0000, 0x0000, 0x0000, 0x0000, 0x0000, 0x0000,
    0x0000, 0x0000, 0x0000, 0x4ACD, 0x8D17, 0x9D57, 0xB619, 0xADF9, 0xADF9, 0xB619, 0xB619, 0xB619,
    0xBE7A, 0xCEFC, 0xCEDC, 0xCEFC, 0xCEFC, 0xCEFC, 0xCEFC, 0xCEFC, 0xCEFC, 0xCEFC, 0xCEFC, 0xD71D,
    0xC69B, 0x8D16, 0x84D6, 0x84D6, 0x7412, 0x532E, 0x3A4A, 0x2187, 0x1905, 0x10C3, 0x10A3, 0x10A3,
    0x10A3, 0x10C3, 0x10E4, 0x1925, 0x29A7, 0x3A4A, 0x5B4F, 0x7C53, 0x8CF6, 0x84D6, 0x9557, 0xCEDC,
    0xD71C, 0xCEFC, 0xCF1C, 0xCF1C, 0xCF1C, 0xCF1C, 0xCEFC, 0xCF1C, 0xCEFC, 0xCEDC, 0xCF1C, 0xBE7A,
    0xB619, 0xADF9, 0xADF8, 0xADF9, 0xADF9, 0xAE19, 0x9557, 0x8D17, 0x424A, 0x0000, 0x0000, 0x0000,
    0x0000, 0x0000, 0x0000, 0x0000, 0x0000, 0x0000, 0x0000, 0x0000, 0x0000, 0x0000, 0x0000, 0x0000,
    0x0000, 0x0000, 0x0000, 0x0000, 0x0000, 0x0000, 0x0000, 0x0000, 0x0000, 0x0000, 0x0000, 0x0000,
    0x0000, 0x0000, 0x0000, 0x0000, 0x0000, 0x0000, 0x0000, 0x0000, 0x0000, 0x0000, 0x0000, 0x0000,
    0x0000, 0x0000, 0x0000, 0x0000, 0x0000, 0x0000, 0x0000, 0x0000, 0x0000, 0x0000, 0x0000, 0x0000,
    0x0000, 0x0000, 0x0000, 0x0000, 0x0000, 0x0000, 0x0000, 0x0000, 0x0000, 0x0000, 0x0000, 0x0000,
    0x5B4F, 0x8D17, 0xA597, 0xB619, 0xADF9, 0xB619, 0xB619, 0xAE19, 0xAE19, 0xC6BB, 0xCEFC, 0xCEFC,
    0xCEFC, 0xCEFC, 0xCEFC, 0xCEFC, 0xCF1C, 0xCEFC, 0xCEFC, 0xCEFC, 0xD71D, 0xCEDC, 0x9557, 0x7C95,
    0x84B6, 0x8D17, 0x9578, 0x9537, 0x84B5, 0x7432, 0x6BD1, 0x638F, 0x6390, 0x6BF1, 0x7C53, 0x84D5,
    0x8D17, 0x8D37, 0x84F6, 0x7CB5, 0x7C95, 0x9D98, 0xCEFC, 0xD71C, 0xCEFC, 0xCEFC, 0xCEFC, 0xCF1C,
    0xCEFC, 0xCF1D, 0xCEFC, 0xCEFC, 0xCF1C, 0xCEFC, 0xBE9B, 0xB619, 0xAE19, 0xADF9, 0xADF9, 0xADF9,
    0xB619, 0x9D77, 0x8D37, 0x4ACC, 0x0000, 0x0000, 0x0000, 0x0000, 0x0000, 0x0000, 0x0000, 0x0000,
    0x0000, 0x0000, 0x0000, 0x0000, 0x0000, 0x0000, 0x0000, 0x0000, 0x0000, 0x0000, 0x0000, 0x0000,
    0x0000, 0x0000, 0x0000, 0x0000, 0x0000, 0x0000, 0x0000, 0x0000, 0x0000, 0x0000, 0x0000, 0x0000,
    0x0000, 0x0000, 0x0000, 0x0000, 0x0000, 0x0000, 0x0000, 0x0000, 0x0000, 0x0000, 0x0000, 0x0000,
    0x0000, 0x0000, 0x0000, 0x0000, 0x0000, 0x0000, 0x0000, 0x0000, 0x0000, 0x0000, 0x0000, 0x0000,
    0x0000, 0x0000, 0x0000, 0x0000, 0x0000, 0x0000, 0x0000, 0x0000, 0x0000, 0x63B0, 0x8D17, 0xA5B8,
    0xB63A, 0xADF9, 0xADF9, 0xAE19, 0xB619, 0xB639, 0xCEDC, 0xCF1C, 0xCEFC, 0xCF1C, 0xD71C, 0xCEFC,
    0xCF1C, 0xCEFC, 0xCEFC, 0xCEFC, 0xCEFC, 0xCF1C, 0xD71D, 0xB63A, 0x9537, 0x7433, 0x3A2A, 0x2125,
    0x0882, 0x0000, 0x0000, 0x0000, 0x0000, 0x0000, 0x0000, 0x10A2, 0x2125, 0x3A2A, 0x7453, 0x9537,
    0xBE5A, 0xD71D, 0xCEFC, 0xCEFC, 0xCEFC, 0xCEFC, 0xCEFC, 0xCEFC, 0xCEFC, 0xCEFC, 0xCEFC, 0xCEFC,
    0xCF1C, 0xC6DB, 0xAE19, 0xAE19, 0xADF9, 0xAE19, 0xADF9, 0xAE19, 0xA598, 0x9537, 0x5B2E, 0x0000,
    0x0000, 0x0000, 0x0000, 0x0000, 0x0000, 0x0000, 0x0000, 0x0000, 0x0000, 0x0000, 0x0000, 0x0000,
    0x0000, 0x0000, 0x0000, 0x0000, 0x0000, 0x0000, 0x0000, 0x0000, 0x0000, 0x0000, 0x0000, 0x0000,
    0x0000, 0x0000, 0x0000, 0x0000, 0x0000, 0x0000, 0x0000, 0x0000, 0x0000, 0x0000, 0x0000, 0x0000,
    0x0000, 0x0000, 0x0000, 0x0000, 0x0000, 0x0000, 0x0000, 0x0000, 0x0000, 0x0000, 0x0000, 0x0000,
    0x0000, 0x0000, 0x0000, 0x0000, 0x0000, 0x0000, 0x0000, 0x0000, 0x0000, 0x0000, 0x0000, 0x0000,
    0x0000, 0x0000, 0x0000, 0x0000, 0x0000, 0x0000, 0x6BD1, 0x8D37, 0xADD8, 0xB619, 0xB619, 0xB619,
    0xB619, 0xB639, 0xB65A, 0xCEFC, 0xCF1D, 0xCF1C, 0xCEFC, 0xCEFC, 0xCEFC, 0xCEFC, 0xCEFC, 0xCEFC,
    0xCEFC, 0xCF1C, 0xD73D, 0xD71D, 0xC6BC, 0x7432, 0x0000, 0x0000, 0x0000, 0x0000, 0x0000, 0x0000,
    0x0000, 0x0000, 0x0000, 0x0000, 0x0000, 0x0000, 0x7C73, 0xC6BC, 0xD75D, 0xD73D, 0xCEFC, 0xCEFC,
    0xCEFC, 0xD71D, 0xCF1C, 0xCF1C, 0xCEFC, 0xCEFC, 0xD71D, 0xD73D, 0xCEFC, 0xB639, 0xB639, 0xB639,
    0xAE19, 0xADF9, 0xAE19, 0xA5B8, 0x9557, 0x5B4F, 0x0000, 0x0000, 0x0000, 0x0000, 0x0000, 0x0000,
    0x0000, 0x0000, 0x0000, 0x0000, 0x0000, 0x0000, 0x0000, 0x0000, 0x0000, 0x0000, 0x0000, 0x0000,
    0x0000, 0x0000, 0x0000, 0x0000, 0x0000, 0x0000, 0x0000, 0x0000, 0x0000, 0x0000, 0x0000, 0x0000,
    0x0000, 0x0000, 0x0000, 0x0000, 0x0000, 0x0000, 0x0000, 0x0000, 0x0000, 0x0000, 0x0000, 0x0000,
    0x0000, 0x0000, 0x0000, 0x0000, 0x0000, 0x0000, 0x0000, 0x0000, 0x0000, 0x0000, 0x0000, 0x0000,
    0x0000, 0x0000, 0x0000, 0x0000, 0x0000, 0x0000, 0x0000, 0x0000, 0x0000, 0x0000, 0x0000, 0x0000,
    0x0000, 0x0000, 0x0000, 0x6BF2, 0x9558, 0xADF9, 0xB619, 0xAE19, 0xB619, 0xB63A, 0xB639, 0xB63A,
    0xCEDC, 0xD71D, 0xCEFC, 0xCEFC, 0xCEFC, 0xCEFC, 0xCEFC, 0xCEFC, 0xCF1C, 0xC6DC, 0xA5B8, 0x7433,
    0x532E, 0x426B, 0x0000, 0x0000, 0x0000, 0x0000, 0x0000, 0x0000, 0x0000, 0x0000, 0x0000, 0x0000,
    0x0000, 0x0000, 0x428B, 0x532E, 0x7C53, 0xADF9, 0xCEDC, 0xCF1C, 0xD71D, 0xD71D, 0xCEFC, 0xCEFC,
    0xCEFC, 0xCEDC, 0xD71D, 0xCEDC, 0xB65A, 0xB639, 0xB619, 0xB619, 0xAE19, 0xB619, 0xA5B8, 0x9557,
    0x6390, 0x0000, 0x0000, 0x0000, 0x0000, 0x0000, 0x0000, 0x0000, 0x0000, 0x0000, 0x0000, 0x0000,
    0x0000, 0x0000, 0x0000, 0x0000, 0x0000, 0x0000, 0x0000, 0x0000, 0x0000, 0x0000, 0x0000, 0x0000,
    0x0000, 0x0000, 0x0000, 0x0000, 0x0000, 0x0000, 0x0000, 0x0000, 0x0000, 0x0000, 0x0000, 0x0000,
    0x0000, 0x0000, 0x0000, 0x0000, 0x0000, 0x0000, 0x0000, 0x0000, 0x0000, 0x0000, 0x0000, 0x0000,
    0x0000, 0x0000, 0x0000, 0x0000, 0x0000, 0x0000, 0x0000, 0x0000, 0x0000, 0x0000, 0x0000, 0x0000,
    0x0000, 0x0000, 0x0000, 0x0000, 0x0000, 0x0000, 0x0000, 0x0000, 0x0000, 0x0000, 0x0000, 0x0000,
    0x6C12, 0x9578, 0xADF9, 0xB619, 0xADF9, 0xB619, 0xB639, 0xB619, 0xB619, 0xC69B, 0xCEFC, 0xCF1C,
    0xD71D, 0xCF1C, 0xCEFC, 0xCF1C, 0xC6BB, 0x9D77, 0x8493, 0x8C93, 0x94D3, 0xB5D7, 0x52AB, 0x0000,
    0x0000, 0x0000, 0x0000, 0x0000, 0x0000, 0x0000, 0x0000, 0x0000, 0x0000, 0x634D, 0xB5D7, 0x8CB2,
    0x8451, 0x7C72, 0x9D97, 0xC6BB, 0xD71D, 0xD71D, 0xCF1C, 0xCEFC, 0xD71D, 0xCEFC, 0xBE9A, 0xB639,
    0xB63A, 0xB639, 0xB619, 0xADF9, 0xB619, 0xADD8, 0x9557, 0x6390, 0x0000, 0x0000, 0x0000, 0x0000,
    0x0000, 0x0000, 0x0000, 0x0000, 0x0000, 0x0000, 0x0000, 0x0000, 0x0000, 0x0000, 0x0000, 0x0000,
    0x0000, 0x0000, 0x0000, 0x0000, 0x0000, 0x0000, 0x0000, 0x0000, 0x0000, 0x0000, 0x0000, 0x0000,
    0x0000, 0x0000, 0x0000, 0x0000, 0x0000, 0x0000, 0x0000, 0x0000, 0x0000, 0x0000, 0x0000, 0x0000,
    0x0000, 0x0000, 0x0000, 0x0000, 0x0000, 0x0000, 0x0000, 0x0000, 0x0000, 0x0000, 0x0000, 0x0000,
    0x0000, 0x0000, 0x0000, 0x0000, 0x0000, 0x0000, 0x0000, 0x0000, 0x0000, 0x0000, 0x0000, 0x0000,
    0x0000, 0x0000, 0x0000, 0x0000, 0x0000, 0x0000, 0x0000, 0x0000, 0x0862, 0x6C12, 0x9D98, 0xADD9,
    0xADF9, 0xB619, 0xB63A, 0xB619, 0xAE19, 0xB619, 0xB65A, 0xC69B, 0xC6BB, 0xCEFC, 0xCEFC, 0xCEFC,
    0xCEFC, 0xD71C, 0x0000, 0x0000, 0x0000, 0x0000, 0xAD96, 0x0000, 0x0000, 0x0000, 0x0000, 0x0000,
    0x0000, 0x0000, 0x0000, 0x0000, 0x0000, 0xC639, 0x0000, 0x0000, 0x0000, 0xD73D, 0xCEFC, 0xCEDC,
    0xCEFC, 0xCEFC, 0xC6BB, 0xC69B, 0xC69B, 0xBE5A, 0xB639, 0xB619, 0xB639, 0xB619, 0xB619, 0xB619,
    0xADD8, 0x9557, 0x6390, 0x0000, 0x0000, 0x0000, 0x0000, 0x0000, 0x0000, 0x0000, 0x0000, 0x0000,
    0x0000, 0x0000, 0x0000, 0x0000, 0x0000, 0x0000, 0x0000, 0x0000, 0x0000, 0x0000, 0x0000, 0x0000,
    0x0000, 0x0000, 0x0000, 0x0000, 0x0000, 0x0000, 0x0000, 0x0000, 0x0000, 0x0000, 0x0000, 0x0000,
    0x0000, 0x0000, 0x0000, 0x0000, 0x0000, 0x0000, 0x0000, 0x0000, 0x0000, 0x0000, 0x0000, 0x0000,
    0x0000, 0x0000, 0x0000, 0x0000, 0x0000, 0x0000, 0x0000, 0x0000, 0x0000, 0x0000, 0x0000, 0x0000,
    0x0000, 0x0000, 0x0000, 0x0000, 0x0000, 0x0000, 0x0000, 0x0000, 0x0000, 0x0000, 0x0000, 0x0000,
    0x0000, 0x0000, 0x0000, 0x0000, 0x0000, 0x0000, 0x6C12, 0x9578, 0xADD8, 0xB619, 0xB619, 0xAE19,
    0xAE19, 0xB619, 0xB63A, 0xB639, 0xBE5A, 0xCEFC, 0xCEFC, 0xCEFC, 0xD73C, 0xD73D, 0x0000, 0x0000,
    0x0000, 0x0000, 0x0000, 0x18C3, 0x0000, 0x0000, 0x0000, 0x0000, 0x0000, 0x0000, 0x0000, 0x0000,
    0x2945, 0x0000, 0x0000, 0x0000, 0x0000, 0xD71C, 0xCF1C, 0xD71C, 0xCEFC, 0xCEFC, 0xCEDC, 0xB639,
    0xAE19, 0xB63A, 0xB63A, 0xAE19, 0xB63A, 0xB63A, 0xB619, 0xA5D8, 0x9557, 0x6390, 0x0000, 0x0000,
    0x0000, 0x0000, 0x0000, 0x0000, 0x0000, 0x0000, 0x0000, 0x0000, 0x0000, 0x0000, 0x0000, 0x0000,
    0x0000, 0x0000, 0x0000, 0x0000, 0x0000, 0x0000, 0x0000, 0x0000, 0x0000, 0x0000, 0x0000, 0x0000,
    0x0000, 0x0000, 0x0000, 0x0000, 0x0000, 0x0000, 0x0000, 0x0000, 0x0000, 0x0000, 0x0000, 0x0000,
    0x0000, 0x0000, 0x0000, 0x0000, 0x0000, 0x0000, 0x0000, 0x0000, 0x0000, 0x0000, 0x0000, 0x0000,
    0x0000, 0x0000, 0x0000, 0x0000, 0x0000, 0x0000, 0x0000, 0x0000, 0x0000, 0x0000, 0x0000, 0x0000,
    0x0000, 0x0000, 0x0000, 0x0000, 0x0000, 0x0000, 0x0000, 0x0000, 0x0000, 0x0000, 0x0000, 0x0000,
    0x0000, 0x0000, 0x0000, 0x6C13, 0x9578, 0xADD8, 0xB619, 0xAE19, 0xB619, 0xAE19, 0xB63A, 0xB639,
    0xC6BB, 0xCEFC, 0xCEFC, 0xCEFC, 0xD71D, 0x0000, 0x0000, 0x0000, 0x0000, 0x0000, 0x0000, 0x52AA,
    0x0000, 0x0000, 0x0000, 0x0000, 0x0000, 0x0000, 0x0000, 0x0000, 0x634D, 0x0000, 0x0000, 0x0000,
    0x0000, 0x0000, 0xD71C, 0xD71C, 0xCF1C, 0xCEFC, 0xCEFC, 0xC6BB, 0xB619, 0xB619, 0xADF9, 0xADF9,
    0xADF9, 0xADF9, 0xA5B8, 0x9557, 0x6390, 0x0000, 0x0000, 0x0000, 0x0000, 0x0000, 0x0000, 0x0000,
    0x0000, 0x0000, 0x0000, 0x0000, 0x0000, 0x0000, 0x0000, 0x0000, 0x0000, 0x0000, 0x0000, 0x0000,
    0x0000, 0x0000, 0x0000, 0x0000, 0x0000, 0x0000, 0x0000, 0x0000, 0x0000, 0x0000, 0x0000, 0x0000,
    0x0000, 0x0000, 0x0000, 0x0000, 0x0000, 0x0000, 0x0000, 0x0000, 0x0000, 0x0000, 0x0000, 0x0000,
    0x0000, 0x0000, 0x0000, 0x0000, 0x0000, 0x0000, 0x0000, 0x0000, 0x0000, 0x0000, 0x0000, 0x0000,
    0x0000, 0x0000, 0x0000, 0x0000, 0x0000, 0x0000, 0x0000, 0x0000, 0x0000, 0x0000, 0x0000, 0x0000,
    0x0000, 0x0000, 0x0000, 0x0000, 0x0000, 0x0000, 0x0000, 0x0000, 0x0000, 0x0000, 0x0000, 0x0000,
    0x6BF2, 0x9578, 0xADD8, 0xAE19, 0xADF9, 0xB619, 0xB619, 0xB639, 0xCEFC, 0xCEFC, 0xCEFC, 0xCEFC,
    0xD71C, 0x0000, 0x0000, 0x0000, 0x0000, 0x0000, 0x0000, 0x94B3, 0x0000, 0x0000, 0x0000, 0x0000,
    0x0000, 0x0000, 0x0000, 0x0000, 0x0000, 0x0000, 0x0000, 0x0000, 0x0000, 0x0000, 0x0000, 0xCF1C,
    0xCF1C, 0xCEFC, 0xCEDC, 0xC6BB, 0xAE19, 0xAE19, 0xAE19, 0xAE19, 0xB619, 0xA5B8, 0x9558, 0x636F,
    0x0000, 0x0000, 0x0000, 0x0000, 0x0000, 0x0000, 0x0000, 0x0000, 0x0000, 0x0000, 0x0000, 0x0000,
    0x0000, 0x0000, 0x0000, 0x0000, 0x0000, 0x0000, 0x0000, 0x0000, 0x0000, 0x0000, 0x0000, 0x0000,
    0x0000, 0x0000, 0x0000, 0x0000, 0x0000, 0x0000, 0x0000, 0x0000, 0x0000, 0x0000, 0x0000, 0x0000,
    0x0000, 0x0000, 0x0000, 0x0000, 0x0000, 0x0000, 0x0000, 0x0000, 0x0000, 0x0000, 0x0000, 0x0000,
    0x0000, 0x0000, 0x0000, 0x0000, 0x0000, 0x0000, 0x0000, 0x0000, 0x0000, 0x0000, 0x0000, 0x0000,
    0x0000, 0x0000, 0x0000, 0x0000, 0x0000, 0x0000, 0x0000, 0x0000, 0x0000, 0x0000, 0x0000, 0x0000,
    0x0000, 0x0000, 0x0000, 0x0000, 0x0000, 0x0000, 0x0000, 0x0000, 0x0000, 0x6BD1, 0x9578, 0xADD8,
    0xAE19, 0xADD8, 0xADF9, 0xADF9, 0xC6BB, 0xC6DC, 0xCF1C, 0xCEFC, 0xD6FC, 0x0000, 0x0000, 0x0000,
    0x0000, 0x0000, 0x0000, 0xCE7A, 0x0000, 0x0000, 0x0000, 0x0000, 0x0000, 0x0000, 0x0000, 0x0000,
    0x0000, 0x0000, 0x0000, 0x0000, 0x0000, 0x0000, 0x0000, 0xD73D, 0xD71C, 0xCF1C, 0xCEFC, 0xC6BB,
    0xB619, 0xB619, 0xADF9, 0xB619, 0xA5B8, 0x9558, 0x5B4F, 0x0000, 0x0000, 0x0000, 0x0000, 0x0000,
    0x0000, 0x0000, 0x0000, 0x0000, 0x0000, 0x0000, 0x0000, 0x0000, 0x0000, 0x0000, 0x0000, 0x0000,
    0x0000, 0x0000, 0x0000, 0x0000, 0x0000, 0x0000, 0x0000, 0x0000, 0x0000, 0x0000, 0x0000, 0x0000,
    0x0000, 0x0000, 0x0000, 0x0000, 0x0000, 0x0000, 0x0000, 0x0000, 0x0000, 0x0000, 0x0000, 0x0000,
    0x0000, 0x0000, 0x0000, 0x0000, 0x0000, 0x0000, 0x0000, 0x0000, 0x0000, 0x0000, 0x0000, 0x0000,
    0x0000, 0x0000, 0x0000, 0x0000, 0x0000, 0x0000, 0x0000, 0x0000, 0x0000, 0x0000, 0x0000, 0x0000,
    0x0000, 0x0000, 0x0000, 0x0000, 0x0000, 0x0000, 0x0000, 0x0000, 0x0000, 0x0000, 0x0000, 0x0000,
    0x0000, 0x0000, 0x0000, 0x0000, 0x0000, 0x0000, 0x6BB1, 0x9558, 0xADD8, 0xAE19, 0xA5D8, 0xA5D8,
    0xBE7A, 0xCEFC, 0xCF1C, 0xCF1C, 0xD73D, 0x0000, 0x0000, 0x0000, 0x0000, 0x0000, 0x0000, 0x0000,
    0x3186, 0x0000, 0x0000, 0x0000, 0x0000, 0x0000, 0x0000, 0x4208, 0x0000, 0x0000, 0x0000, 0x0000,
    0x0000, 0x0000, 0x0000, 0xD73C, 0xCF1C, 0xCF1C, 0xCF1C, 0xBE7A, 0xADF9, 0xADF9, 0xB619, 0x9D98,
    0x9537, 0x532E, 0x0000, 0x0000, 0x0000, 0x0000, 0x0000, 0x0000, 0x0000, 0x0000, 0x0000, 0x0000,
    0x0000, 0x0000, 0x0000, 0x0000, 0x0000, 0x0000, 0x0000, 0x0000, 0x0000, 0x0000, 0x0000, 0x0000,
    0x0000, 0x0000, 0x0000, 0x0000, 0x0000, 0x0000, 0x0000, 0x0000, 0x0000, 0x0000, 0x0000, 0x0000,
    0x0000, 0x0000, 0x0000, 0x0000, 0x0000, 0x0000, 0x0000, 0x0000, 0x0000, 0x0000, 0x0000, 0x0000,
    0x0000, 0x0000, 0x0000, 0x0000, 0x0000, 0x0000, 0x0000, 0x0000, 0x0000, 0x0000, 0x0000, 0x0000,
    0x0000, 0x0000, 0x0000, 0x0000, 0x0000, 0x0000, 0x0000, 0x0000, 0x0000, 0x0000, 0x0000, 0x0000,
    0x0000, 0x0000, 0x0000, 0x0000, 0x0000, 0x0000, 0x0000, 0x0000, 0x0000, 0x0000, 0x0000, 0x0000,
    0x0000, 0x0000, 0x0000, 0x6390, 0x9558, 0xA598, 0xB639, 0xAE19, 0xB63A, 0xCEFC, 0xD71C, 0xD71C,
    0xD73D, 0x0000, 0x0000, 0x0000, 0x0000, 0x0000, 0x0000, 0x0000, 0x634D, 0x0000, 0x0000, 0x0000,
    0x0000, 0x0000, 0x0000, 0x73CF, 0x0000, 0x0000, 0x0000, 0x0000, 0x0000, 0x0000, 0xD73D, 0xD73D,
    0xCF1C, 0xCEFC, 0xCEDC, 0xB619, 0xAE19, 0xB619, 0x9D77, 0x8D37, 0x530D, 0x0000, 0x0000, 0x0000,
    0x0000, 0x0000, 0x0000, 0x0000, 0x0000, 0x0000, 0x0000, 0x0000, 0x0000, 0x0000, 0x0000, 0x0000,
    0x0000, 0x0000, 0x0000, 0x0000, 0x0000, 0x0000, 0x0000, 0x0000, 0x0000, 0x0000, 0x0000, 0x0000,
    0x0000, 0x0000, 0x0000, 0x0000, 0x0000, 0x0000, 0x0000, 0x0000, 0x0000, 0x0000, 0x0000, 0x0000,
    0x0000, 0x0000, 0x0000, 0x0000, 0x0000, 0x0000, 0x0000, 0x0000, 0x0000, 0x0000, 0x0000, 0x0000,
    0x0000, 0x0000, 0x0000, 0x0000, 0x0000, 0x0000, 0x0000, 0x0000, 0x0000, 0x0000, 0x0000, 0x0000,
    0x0000, 0x0000, 0x0000, 0x0000, 0x0000, 0x0000, 0x0000, 0x0000, 0x0000, 0x0000, 0x0000, 0x0000,
    0x0000, 0x0000, 0x0000, 0x0000, 0x0000, 0x0000, 0x0000, 0x0000, 0x0000, 0x0000, 0x0000, 0x0000,
    0x5B4F, 0x8D37, 0x9D97, 0xB639, 0xB619, 0xBE5A, 0xD71D, 0xD71D, 0xCF1C, 0xD73D, 0xD73D, 0x0000,
    0x0000, 0x0000, 0x0000, 0x0000, 0x9D14, 0x0000, 0x0000, 0x0000, 0x0000, 0x0000, 0x0000, 0xAD96,
    0x0000, 0x0000, 0x0000, 0x0000, 0x0000, 0xD73D, 0xCF1C, 0xCF1C, 0xCF1C, 0xCEFC, 0xB639, 0xB619,
    0xB619, 0x9557, 0x8CF6, 0x4AAC, 0x0000, 0x0000, 0x0000, 0x0000, 0x0000, 0x0000, 0x0000, 0x0000,
    0x0000, 0x0000, 0x0000, 0x0000, 0x0000, 0x0000, 0x0000, 0x0000, 0x0000, 0x0000, 0x0000, 0x0000,
    0x0000, 0x0000, 0x0000, 0x0000, 0x0000, 0x0000, 0x0000, 0x0000, 0x0000, 0x0000, 0x0000, 0x0000,
    0x0000, 0x0000, 0x0000, 0x0000, 0x0000, 0x0000, 0x0000, 0x0000, 0x0000, 0x0000, 0x0000, 0x0000,
    0x0000, 0x0000, 0x0000, 0x0000, 0x0000, 0x0000, 0x0000, 0x0000, 0x0000, 0x0000, 0x0000, 0x0000,
    0x0000, 0x0000, 0x0000, 0x0000, 0x0000, 0x0000, 0x0000, 0x0000, 0x0000, 0x0000, 0x0000, 0x0000,
    0x0000, 0x0000, 0x0000, 0x0000, 0x0000, 0x0000, 0x0000, 0x0000, 0x0000, 0x0000, 0x0000, 0x0000,
    0x0000, 0x0000, 0x0000, 0x0000, 0x0000, 0x0000, 0x0000, 0x0000, 0x0000, 0x52ED, 0x8D17, 0x9557,
    0xB619, 0xB639, 0xBE7A, 0xCF1D, 0xD71D, 0xD71C, 0xD71D, 0xD73C, 0x0000, 0x0000, 0x0000, 0x0000,
    0xC67A, 0x0000, 0x0000, 0x0000, 0x0000, 0x0000, 0x1082, 0xD6FB, 0x0000, 0x0000, 0x0000, 0x0000,
    0xD73D, 0xCF1C, 0xCEFC, 0xCEFC, 0xCEDC, 0xB639, 0xB619, 0xADF8, 0x9536, 0x84F6, 0x426A, 0x0000,
    0x0000, 0x0000, 0x0000, 0x0000, 0x0000, 0x0000, 0x0000, 0x0000, 0x0000, 0x0000, 0x0000, 0x0000,
    0x0000, 0x0000, 0x0000, 0x0000, 0x0000, 0x0000, 0x0000, 0x0000, 0x0000, 0x0000, 0x0000, 0x0000,
    0x0000, 0x0000, 0x0000, 0x0000, 0x0000, 0x0000, 0x0000, 0x0000, 0x0000, 0x0000, 0x0000, 0x0000,
    0x0000, 0x0000, 0x0000, 0x0000, 0x0000, 0x0000, 0x0000, 0x0000, 0x0000, 0x0000, 0x0000, 0x0000,
    0x0000, 0x0000, 0x0000, 0x0000, 0x0000, 0x0000, 0x0000, 0x0000, 0x0000, 0x0000, 0x0000, 0x0000,
    0x0000, 0x0000, 0x0000, 0x0000, 0x0000, 0x0000, 0x0000, 0x0000, 0x0000, 0x0000, 0x0000, 0x0000,
    0x0000, 0x0000, 0x0000, 0x0000, 0x0000, 0x0000, 0x0000, 0x0000, 0x0000, 0x0000, 0x0000, 0x0000,
    0x0000, 0x0000, 0x0000, 0x0000, 0x0000, 0x0000, 0x428B, 0x8D17, 0x8D17, 0xADD8, 0xB63A, 0xBE5A,
    0xC6BB, 0xCF1C, 0xD71C, 0xD71C, 0xD71C, 0xD73D, 0x0000, 0x0000, 0x0000, 0x2945, 0x0000, 0x0000,
    0x0000, 0x0000, 0x39E7, 0x0000, 0x0000, 0xD75D, 0xD73D, 0xD71C, 0xD71D, 0xD71D, 0xCEFC, 0xBE7A,
    0xB619, 0xB619, 0xA597, 0x8CF6, 0x84D6, 0x39E9, 0x0000, 0x0000, 0x0000, 0x0000, 0x0000, 0x0000,
    0x0000, 0x0000, 0x0000, 0x0000, 0x0000, 0x0000, 0x0000, 0x0000, 0x0000, 0x0000, 0x0000, 0x0000,
    0x0000, 0x0000, 0x0000, 0x0000, 0x0000, 0x0000, 0x0000, 0x0000, 0x0000, 0x0000, 0x0000, 0x0000,
    0x0000, 0x0000, 0x0000, 0x0000, 0x0000, 0x0000, 0x0000, 0x0000, 0x0000, 0x0000, 0x0000, 0x0000,
    0x0000, 0x0000, 0x0000, 0x0000, 0x0000, 0x0000, 0x0000, 0x0000, 0x0000, 0x0000, 0x0000, 0x0000,
    0x0000, 0x0000, 0x0000, 0x0000, 0x0000, 0x0000, 0x0000, 0x0000, 0x0000, 0x0000, 0x0000, 0x0000,
    0x0000, 0x0000, 0x0000, 0x0000, 0x0000, 0x0000, 0x0000, 0x0000, 0x0000, 0x0000, 0x0000, 0x0000,
    0x0000, 0x0000, 0x0000, 0x0000, 0x0000, 0x0000, 0x0000, 0x0000, 0x0000, 0x0000, 0x0000, 0x0000,
    0x0000, 0x0000, 0x0000, 0x31C8, 0x84D6, 0x8D17, 0x9D57, 0xADF9, 0xB639, 0xBE7A, 0xC6BB, 0xCF1C,
    0xD71C, 0xD71D, 0xCF1C, 0xCEFC, 0x0000, 0x52EB, 0x0000, 0x0000, 0x0000, 0x0000, 0x6B6E, 0x0000,
    0xCEFC, 0xD71C, 0xD71D, 0xCF1C, 0xCEFC, 0xC6BB, 0xB63A, 0xB619, 0xADD8, 0x9516, 0x84F6, 0x7C74,
    0x2966, 0x0000, 0x0000, 0x0000, 0x0000, 0x0000, 0x0000, 0x0000, 0x0000, 0x0000, 0x0000, 0x0000,
    0x0000, 0x0000, 0x0000, 0x0000, 0x0000, 0x0000, 0x0000, 0x0000, 0x0000, 0x0000, 0x0000, 0x0000,
    0x0000, 0x0000, 0x0000, 0x0000, 0x0000, 0x0000, 0x0000, 0x0000, 0x0000, 0x0000, 0x0000, 0x0000,
    0x0000, 0x0000, 0x0000, 0x0000, 0x0000, 0x0000, 0x0000, 0x0000, 0x0000, 0x0000, 0x0000, 0x0000,
    0x0000, 0x0000, 0x0000, 0x0000, 0x0000, 0x0000, 0x0000, 0x0000, 0x0000, 0x0000, 0x0000, 0x0000,
    0x0000, 0x0000, 0x0000, 0x0000, 0x0000, 0x0000, 0x0000, 0x0000, 0x0000, 0x0000, 0x0000, 0x0000,
    0x0000, 0x0000, 0x0000, 0x0000, 0x0000, 0x0000, 0x0000, 0x0000, 0x0000, 0x0000, 0x0000, 0x0000,
    0x0000, 0x0000, 0x0000, 0x0000, 0x0000, 0x0000, 0x0000, 0x0000, 0x0000, 0x0000, 0x0000, 0x0000,
    0x1904, 0x7412, 0x8D17, 0x8CF6, 0x9D77, 0xAE19, 0xB63A, 0xBE5A, 0xBE9A, 0xC6BB, 0xC6DB, 0xCEDC,
    0x0000, 0x8472, 0x0000, 0x0000, 0x0000, 0x0000, 0x94F4, 0x0000, 0xCEDC, 0xCEDC, 0xC6BB, 0xBE7B,
    0xB65A, 0xB619, 0xA5D8, 0x9557, 0x84F6, 0x8D17, 0x6390, 0x10A3, 0x0000, 0x0000, 0x0000, 0x0000,
    0x0000, 0x0000, 0x0000, 0x0000, 0x0000, 0x0000, 0x0000, 0x0000, 0x0000, 0x0000, 0x0000, 0x0000,
    0x0000, 0x0000, 0x0000, 0x0000, 0x0000, 0x0000, 0x0000, 0x0000, 0x0000, 0x0000, 0x0000, 0x0000,
    0x0000, 0x0000, 0x0000, 0x0000, 0x0000, 0x0000, 0x0000, 0x0000, 0x0000, 0x0000, 0x0000, 0x0000,
    0x0000, 0x0000, 0x0000, 0x0000, 0x0000, 0x0000, 0x0000, 0x0000, 0x0000, 0x0000, 0x0000, 0x0000,
    0x0000, 0x0000, 0x0000, 0x0000, 0x0000, 0x0000, 0x0000, 0x0000, 0x0000, 0x0000, 0x0000, 0x0000,
    0x0000, 0x0000, 0x0000, 0x0000, 0x0000, 0x0000, 0x0000, 0x0000, 0x0000, 0x0000, 0x0000, 0x0000,
    0x0000, 0x0000, 0x0000, 0x0000, 0x0000, 0x0000, 0x0000, 0x0000, 0x0000, 0x0000, 0x0000, 0x0000,
    0x0000, 0x0000, 0x0000, 0x0000, 0x0000, 0x0000, 0x0000, 0x0000, 0x0000, 0x0000, 0x4AAC, 0x84D6,
    0x8D17, 0x8CF6, 0x9557, 0xA5B8, 0xAE19, 0xB619, 0xB619, 0xB619, 0xC69B, 0x9D76, 0x0000, 0x0000,
    0x0000, 0x0000, 0xA597, 0xBE7A, 0xB619, 0xB619, 0xB61A, 0xAE19, 0xA5B8, 0x9516, 0x84D6, 0x8D17,
    0x8495, 0x422A, 0x0000, 0x0000, 0x0000, 0x0000, 0x0000, 0x0000, 0x0000, 0x0000, 0x0000, 0x0000,
    0x0000, 0x0000, 0x0000, 0x0000, 0x0000, 0x0000, 0x0000, 0x0000, 0x0000, 0x0000, 0x0000, 0x0000,
    0x0000, 0x0000, 0x0000, 0x0000, 0x0000, 0x0000, 0x0000, 0x0000, 0x0000, 0x0000, 0x0000, 0x0000,
    0x0000, 0x0000, 0x0000, 0x0000, 0x0000, 0x0000, 0x0000, 0x0000, 0x0000, 0x0000, 0x0000, 0x0000,
    0x0000, 0x0000, 0x0000, 0x0000, 0x0000, 0x0000, 0x0000, 0x0000, 0x0000, 0x0000, 0x0000, 0x0000,
    0x0000, 0x0000, 0x0000, 0x0000, 0x0000, 0x0000, 0x0000, 0x0000, 0x0000, 0x0000, 0x0000, 0x0000,
    0x0000, 0x0000, 0x0000, 0x0000, 0x0000, 0x0000, 0x0000, 0x0000, 0x0000, 0x0000, 0x0000, 0x0000,
    0x0000, 0x0000, 0x0000, 0x0000, 0x0000, 0x0000, 0x0000, 0x0000, 0x0000, 0x0000, 0x0000, 0x0000,
    0x0000, 0x0000, 0x0000, 0x0000, 0x0000, 0x0000, 0x0000, 0x18E4, 0x5B4F, 0x84F6, 0x8D37, 0x8D16,
    0x8D16, 0x8D36, 0x9D57, 0xA598, 0xADF9, 0xADF9, 0x10A3, 0x0000, 0x0000, 0x2104, 0xADD8, 0xA5B8,
    0x9D98, 0x9D57, 0x9516, 0x8CF6, 0x84F6, 0x8D17, 0x84B5, 0x52ED, 0x10A3, 0x0000, 0x0000, 0x0000,
    0x0000, 0x0000, 0x0000, 0x0000, 0x0000, 0x0000, 0x0000, 0x0000, 0x0000, 0x0000, 0x0000, 0x0000,
    0x0000, 0x0000, 0x0000, 0x0000, 0x0000, 0x0000, 0x0000, 0x0000, 0x0000, 0x0000, 0x0000, 0x0000,
    0x0000, 0x0000, 0x0000, 0x0000, 0x0000, 0x0000, 0x0000, 0x0000, 0x0000, 0x0000, 0x0000, 0x0000,
    0x0000, 0x0000, 0x0000, 0x0000, 0x0000, 0x0000, 0x0000, 0x0000, 0x0000, 0x0000, 0x0000, 0x0000,
    0x0000, 0x0000, 0x0000, 0x0000, 0x0000, 0x0000, 0x0000, 0x0000, 0x0000, 0x0000, 0x0000, 0x0000,
    0x0000, 0x0000, 0x0000, 0x0000, 0x0000, 0x0000, 0x0000, 0x0000, 0x0000, 0x0000, 0x0000, 0x0000,
    0x0000, 0x0000, 0x0000, 0x0000, 0x0000, 0x0000, 0x0000, 0x0000, 0x0000, 0x0000, 0x0000, 0x0000,
    0x0000, 0x0000, 0x0000, 0x0000, 0x0000, 0x0000, 0x0000, 0x0000, 0x0000, 0x0000, 0x0000, 0x0000,
    0x0000, 0x0000, 0x0000, 0x0000, 0x0000, 0x1904, 0x52ED, 0x7C74, 0x8D17, 0x8D17, 0x84F6, 0x84D6,
    0x84D5, 0x8D17, 0x2986, 0x0000, 0x0000, 0x31C8, 0x8D16, 0x84B5, 0x84D6, 0x8CF7, 0x8D17, 0x84F6,
    0x7433, 0x4AAC, 0x10C3, 0x0000, 0x0000, 0x0000, 0x0000, 0x0000, 0x0000, 0x0000, 0x0000, 0x0000,
    0x0000, 0x0000, 0x0000, 0x0000, 0x0000, 0x0000, 0x0000, 0x0000, 0x0000, 0x0000, 0x0000, 0x0000,
    0x0000, 0x0000, 0x0000, 0x0000, 0x0000, 0x0000, 0x0000, 0x0000, 0x0000, 0x0000, 0x0000, 0x0000,
    0x0000, 0x0000, 0x0000, 0x0000, 0x0000, 0x0000, 0x0000, 0x0000, 0x0000, 0x0000, 0x0000, 0x0000,
    0x0000, 0x0000, 0x0000, 0x0000, 0x0000, 0x0000, 0x0000, 0x0000, 0x0000, 0x0000, 0x0000, 0x0000,
    0x0000, 0x0000, 0x0000, 0x0000, 0x0000, 0x0000, 0x0000, 0x0000, 0x0000, 0x0000, 0x0000, 0x0000,
    0x0000, 0x0000, 0x0000, 0x0000, 0x0000, 0x0000, 0x0000, 0x0000, 0x0000, 0x0000, 0x0000, 0x0000,
    0x0000, 0x0000, 0x0000, 0x0000, 0x0000, 0x0000, 0x0000, 0x0000, 0x0000, 0x0000, 0x0000, 0x0000,
    0x0000, 0x0000, 0x0000, 0x0000, 0x0000, 0x0000, 0x0000, 0x0000, 0x0000, 0x0000, 0x0000, 0x0000,
    0x0000, 0x0000, 0x0000, 0x0000, 0x2146, 0x426B, 0x5B70, 0x7433, 0x7C94, 0x9537, 0x4AAC, 0x0000,
    0x0000, 0x52ED, 0x8D16, 0x7C74, 0x7433, 0x636F, 0x426A, 0x2125, 0x0000, 0x0000, 0x0000, 0x0000,
    0x0000, 0x0000, 0x0000, 0x0000, 0x0000, 0x0000, 0x0000, 0x0000, 0x0000, 0x0000, 0x0000, 0x0000,
    0x0000, 0x0000, 0x0000, 0x0000, 0x0000, 0x0000, 0x0000, 0x0000, 0x0000, 0x0000, 0x0000, 0x0000,
    0x0000, 0x0000, 0x0000, 0x0000, 0x0000, 0x0000, 0x0000, 0x0000, 0x0000, 0x0000, 0x0000, 0x0000,
    0x0000, 0x0000, 0x0000, 0x0000, 0x0000, 0x0000, 0x0000, 0x0000, 0x0000, 0x0000, 0x0000, 0x0000,
    0x0000, 0x0000, 0x0000, 0x0000, 0x0000, 0x0000, 0x0000, 0x0000, 0x0000, 0x0000, 0x0000, 0x0000,
    0x0000, 0x0000, 0x0000, 0x0000, 0x0000, 0x0000, 0x0000, 0x0000, 0x0000, 0x0000, 0x0000, 0x0000,
    0x0000, 0x0000, 0x0000, 0x0000, 0x0000, 0x0000, 0x0000, 0x0000, 0x0000, 0x0000, 0x0000, 0x0000,
    0x0000, 0x0000, 0x0000, 0x0000, 0x0000, 0x0000, 0x0000, 0x0000, 0x0000, 0x0000, 0x0000, 0x0000,
    0x0000, 0x0000, 0x0000, 0x0000, 0x0000, 0x0000, 0x0000, 0x0000, 0x0000, 0x0000, 0x0000, 0x0000,
    0x0000, 0x0000, 0x0000, 0x0000, 0x1082, 0x2105, 0x18E4, 0x0000, 0x0000, 0x18E4, 0x18E4, 0x0882,
    0x0000, 0x0000, 0x0000, 0x0000, 0x0000, 0x0000, 0x0000, 0x0000, 0x0000, 0x0000, 0x0000, 0x0000,
    0x0000, 0x0000, 0x0000, 0x0000, 0x0000, 0x0000, 0x0000, 0x0000, 0x0000, 0x0000, 0x0000, 0x0000,
    0x0000, 0x0000, 0x0000, 0x0000, 0x0000, 0x0000, 0x0000, 0x0000, 0x0000, 0x0000, 0x0000, 0x0000,
    0x0000, 0x0000, 0x0000, 0x0000, 0x0000, 0x0000, 0x0000, 0x0000, 0x0000, 0x0000, 0x0000, 0x0000,
    0x0000, 0x0000, 0x0000, 0x0000, 0x0000, 0x0000, 0x0000, 0x0000, 0x0000, 0x0000, 0x0000, 0x0000,
    0x0000, 0x0000, 0x0000, 0x0000, 0x0000, 0x0000, 0x0000, 0x0000, 0x0000, 0x0000, 0x0000, 0x0000,
    0x0000, 0x0000, 0x0000, 0x0000, 0x0000, 0x0000, 0x0000, 0x0000, 0x0000, 0x0000, 0x0000, 0x0000,
    0x0000, 0x0000, 0x0000, 0x0000, 0x0000, 0x0000, 0x0000, 0x0000, 0x0000, 0x0000, 0x0000, 0x0000,
    0x0000, 0x0000, 0x0000, 0x0000, 0x0000, 0x0000, 0x0000, 0x0000, 0x0000, 0x0000, 0x0000, 0x0000,
    0x0000, 0x0000, 0x0000, 0x0000, 0x0000, 0x0000, 0x0000, 0x0000, 0x0000, 0x0000, 0x0000, 0x0000,
    0x0000, 0x0000, 0x0000, 0x0000, 0x0000, 0x0000, 0x0000, 0x0000, 0x0000, 0x0000, 0x0000, 0x0000,
    0x0000, 0x0000, 0x0000, 0x0000, 0x0000, 0x0000, 0x0000, 0x0000, 0x0000, 0x0000, 0x0000, 0x0000,
    0x0000, 0x0000, 0x0000, 0x0000, 0x0000, 0x0000, 0x0000, 0x0000, 0x0000, 0x0000, 0x0000, 0x0000,
    0x0000, 0x0000, 0x0000, 0x0000, 0x0000, 0x0000, 0x0000, 0x0000, 0x0000, 0x0000, 0x0000, 0x0000,
    0x0000, 0x0000, 0x0000, 0x0000, 0x0000, 0x0000, 0x0000, 0x0000, 0x0000, 0x0000, 0x0000, 0x0000,
    0x0000, 0x0000, 0x0000, 0x0000, 0x0000, 0x0000, 0x0000, 0x0000, 0x0000, 0x0000, 0x0000, 0x0000,
    0x0000, 0x0000, 0x0000, 0x0000, 0x0000, 0x0000, 0x0000, 0x0000, 0x0000, 0x0000, 0x0000, 0x0000,
    0x0000, 0x0000, 0x0000, 0x0000, 0x0000, 0x0000, 0x0000, 0x0000, 0x0000, 0x0000, 0x0000, 0x0000,
    0x0000, 0x0000, 0x0000, 0x0000, 0x0000, 0x0000, 0x0000, 0x0000, 0x0000, 0x0000, 0x0000, 0x0000,
    0x0000, 0x0000, 0x0000, 0x0000, 0x0000, 0x0000, 0x0000, 0x0000, 0x0000, 0x0000, 0x0000, 0x0000,
    0x0000, 0x0000, 0x0000, 0x0000, 0x0000, 0x0000, 0x0000, 0x0000, 0x0000, 0x0000, 0x0000, 0x0000,
    0x0000, 0x0000, 0x0000, 0x0000, 0x0000, 0x0000, 0x0000, 0x0000, 0x0000, 0x0000, 0x0000, 0x0000,
    0x0000, 0x0000, 0x0000, 0x0000, 0x0000, 0x0000, 0x0000, 0x0000, 0x0000, 0x0000, 0x0000, 0x0000,
    0x0000, 0x0000, 0x0000, 0x0000, 0x0000, 0x0000, 0x0000, 0x0000, 0x0000, 0x0000, 0x0000, 0x0000,
    0x0000, 0x0000, 0x0000, 0x0000, 0x0000, 0x0000, 0x0000, 0x0000, 0x0000, 0x0000, 0x0000, 0x0000,
    0x0000, 0x0000, 0x0000, 0x0000, 0x0000, 0x0000, 0x0000, 0x0000, 0x0000, 0x0000, 0x0000, 0x0000,
    0x0000, 0x0000, 0x0000, 0x0000,
  },
  { // 2 look_right
    0x0000, 0x0000, 0x0000, 0x0000, 0x0000, 0x0000, 0x0000, 0x0000, 0x0000, 0x0000, 0x0000, 0x0000,
    0x0000, 0x0000, 0x0000, 0x0000, 0x0000, 0x0000, 0x0000, 0x0000, 0x0000, 0x0000, 0x0000, 0x0000,
    0x0000, 0x0000, 0x0000, 0x0000, 0x0000, 0x0000, 0x0000, 0x0000, 0x0000, 0x0000, 0x0000, 0x0000,
    0x0000, 0x0000, 0x0000, 0x0000, 0x0000, 0x0000, 0x0000, 0x0000, 0x0000, 0x0000, 0x0000, 0x0000,
    0x0000, 0x0000, 0x0000, 0x0000, 0x0000, 0x0000, 0x0000, 0x0000, 0x0000, 0x0000, 0x0000, 0x0000,
    0x0000, 0x0000, 0x0000, 0x0000, 0x0000, 0x0000, 0x0000, 0x0000, 0x0000, 0x0000, 0x0000, 0x0000,
    0x0000, 0x0000, 0x0000, 0x0000, 0x0000, 0x0000, 0x0000, 0x0000, 0x0000, 0x0000, 0x0000, 0x0000,
    0x0000, 0x0000, 0x0000, 0x0000, 0x0000, 0x0000, 0x0000, 0x0000, 0x0000, 0x0000, 0x0000, 0x0000,
    0x0000, 0x0000, 0x0000, 0x0000, 0x0000, 0x0000, 0x0000, 0x0000, 0x0000, 0x0000, 0x0000, 0x0000,
    0x0000, 0x0000, 0x0000, 0x0000, 0x0000, 0x0000, 0x0000, 0x0000, 0x0000, 0x0000, 0x0000, 0x0000,
    0x0000, 0x0000, 0x0000, 0x0000, 0x0000, 0x0000, 0x0000, 0x0000, 0x0000, 0x0000, 0x0000, 0x0000,
    0x0000, 0x0000, 0x0000, 0x0000, 0x0000, 0x0000, 0x0000, 0x0000, 0x0000, 0x0000, 0x0000, 0x0000,
    0x0000, 0x0000, 0x0000, 0x0000, 0x0000, 0x0000, 0x0000, 0x0000, 0x0000, 0x0000, 0x0000, 0x0000,
    0x0000, 0x0000, 0x0000, 0x0000, 0x0000, 0x0000, 0x0000, 0x0000, 0x0000, 0x0000, 0x0000, 0x0000,
    0x0000, 0x0000, 0x0000, 0x0000, 0x0000, 0x0000, 0x0000, 0x0000, 0x0000, 0x0000, 0x0000, 0x0000,
    0x0000, 0x0000, 0x0000, 0x0000, 0x0000, 0x0000, 0x0000, 0x0000, 0x0000, 0x0000, 0x0000, 0x0000,
    0x0000, 0x0000, 0x0000, 0x0000, 0x0000, 0x0000, 0x0000, 0x0000, 0x0000, 0x0000, 0x0000, 0x0000,
    0x0000, 0x0000, 0x0000, 0x0000, 0x0000, 0x0000, 0x0000, 0x0000, 0x0000, 0x0000, 0x0000, 0x0000,
    0x0000, 0x0000, 0x0000, 0x0000, 0x0000, 0x0000, 0x0000, 0x0000, 0x0000, 0x0000, 0x0000, 0x0000,
    0x0000, 0x0000, 0x0000, 0x0000, 0x0000, 0x0000, 0x0000, 0x0000, 0x0000, 0x0000, 0x0000, 0x0000,
    0x0000, 0x0000, 0x0000, 0x0000, 0x0000, 0x0000, 0x0000, 0x0000, 0x0000, 0x0000, 0x0000, 0x0000,
    0x0000, 0x0000, 0x0000, 0x0000, 0x0000, 0x0000, 0x0000, 0x0000, 0x0000, 0x0000, 0x0000, 0x0000,
    0x0000, 0x0000, 0x0000, 0x0000, 0x0000, 0x0000, 0x0000, 0x0000, 0x0000, 0x0000, 0x0000, 0x0000,
    0x0000, 0x0000, 0x1082, 0x2145, 0x31C7, 0x31C7, 0x2986, 0x2104, 0x0000, 0x0000, 0x0000, 0x0000,
    0x0000, 0x0000, 0x0000, 0x0000, 0x0000, 0x0000, 0x0000, 0x0000, 0x0000, 0x0000, 0x0000, 0x0000,
    0x0000, 0x0000, 0x0000, 0x0000, 0x0000, 0x0000, 0x0000, 0x0000, 0x0000, 0x0000, 0x0000, 0x0000,
    0x0000, 0x0000, 0x0000, 0x0000, 0x0000, 0x0000, 0x0000, 0x0000, 0x0000, 0x0000, 0x0000, 0x0000,
    0x0000, 0x0000, 0x0000, 0x0000, 0x0000, 0x0000, 0x0000, 0x0000, 0x0000, 0x0000, 0x0000, 0x0000,
    0x0000, 0x0000, 0x0000, 0x0000, 0x0000, 0x0000, 0x0000, 0x0000, 0x0000, 0x0000, 0x0000, 0x0000,
    0x0000, 0x0000, 0x0000, 0x0000, 0x0000, 0x0000, 0x0000, 0x1082, 0x2124, 0x31A7, 0x31E8, 0x31C7,
    0x2125, 0x0000, 0x0000, 0x0000, 0x0000, 0x0000, 0x0000, 0x0000, 0x0000, 0x0000, 0x0000, 0x0000,
    0x0000, 0x0000, 0x0000, 0x0000, 0x0000, 0x0000, 0x0000, 0x0000, 0x0000, 0x0000, 0x0000, 0x0000,
    0x0000, 0x0000, 0x0000, 0x0000, 0x0000, 0x0000, 0x0000, 0x0000, 0x0000, 0x0000, 0x0000, 0x0000,
    0x0000, 0x0000, 0x0000, 0x0000, 0x0000, 0x0000, 0x0000, 0x0000, 0x426A, 0x8493, 0xADD8, 0xB63A,
    0xBE5A, 0xBE7A, 0xBE5A, 0xB63A, 0xADD8, 0x9D76, 0x8472, 0x5B0C, 0x31A6, 0x0882, 0x0000, 0x0000,
    0x0000, 0x0000, 0x0000, 0x0000, 0x0000, 0x0000, 0x0000, 0x0000, 0x0000, 0x0000, 0x0000, 0x0000,
    0x0000, 0x0000, 0x0000, 0x0000, 0x0000, 0x0000, 0x0000, 0x0000, 0x0000, 0x0000, 0x0000, 0x0000,
    0x0000, 0x0000, 0x0000, 0x0000, 0x0000, 0x0000, 0x0000, 0x0000, 0x0000, 0x0000, 0x0000, 0x0000,
    0x0000, 0x0000, 0x0000, 0x0000, 0x0000, 0x0000, 0x0000, 0x0000, 0x0000, 0x0000, 0x0000, 0x0000,
    0x0000, 0x0000, 0x0000, 0x0000, 0x0000, 0x0000, 0x0000, 0x0000, 0x0000, 0x0000, 0x10A2, 0x31A7,
    0x5AEC, 0x8472, 0xA5B7, 0xADD8, 0xB63A, 0xBE7B, 0xBE5B, 0xB65A, 0xB63A, 0xA597, 0x8473, 0x3A08,
    0x0000, 0x0000, 0x0000, 0x0000, 0x0000, 0x0000, 0x0000, 0x0000, 0x0000, 0x0000, 0x0000, 0x0000,
    0x0000, 0x0000, 0x0000, 0x0000, 0x0000, 0x0000, 0x0000, 0x0000, 0x0000, 0x0000, 0x0000, 0x0000,
    0x0000, 0x0000, 0x0000, 0x0000, 0x0000, 0x0000, 0x0000, 0x0000, 0x0000, 0x0000, 0x0000, 0x0000,
    0x0000, 0x0000, 0x2986, 0x9515, 0xBE5A, 0xB65A, 0xB639, 0xB619, 0xB619, 0xB619, 0xB639, 0xB639,
    0xC6BB, 0xD73D, 0x0000, 0x0000, 0xD73D, 0xC69A, 0x9D55, 0x6BAF, 0x4208, 0x10C3, 0x0000, 0x0000,
    0x0000, 0x0000, 0x0000, 0x0000, 0x0000, 0x0000, 0x0000, 0x0000, 0x0000, 0x0000, 0x0000, 0x0000,
    0x0000, 0x0000, 0x0000, 0x0000, 0x0000, 0x0000, 0x0000, 0x0000, 0x0000, 0x0000, 0x0000, 0x0000,
    0x0000, 0x0000, 0x0000, 0x0000, 0x0000, 0x0000, 0x0000, 0x0000, 0x0000, 0x0000, 0x0000, 0x0000,
    0x0000, 0x0000, 0x0000, 0x0000, 0x0000, 0x0000, 0x0000, 0x0000, 0x0000, 0x0000, 0x0000, 0x0000,
    0x0000, 0x0000, 0x18C3, 0x4229, 0x73F0, 0xA596, 0xC69B, 0x0000, 0x0000, 0xD75E, 0xD73D, 0xC6BB,
    0xAE19, 0xB63A, 0xAE19, 0xADF9, 0xAE19, 0xB63A, 0xBE5B, 0xB65B, 0x8CB4, 0x2124, 0x0000, 0x0000,
    0x0000, 0x0000, 0x0000, 0x0000, 0x0000, 0x0000, 0x0000, 0x0000, 0x0000, 0x0000, 0x0000, 0x0000,
    0x0000, 0x0000, 0x0000, 0x0000, 0x0000, 0x0000, 0x0000, 0x0000, 0x0000, 0x0000, 0x0000, 0x0000,
    0x0000, 0x0000, 0x0000, 0x0000, 0x0000, 0x0000, 0x0000, 0x0000, 0x0000, 0x4249, 0xB61A, 0xB63A,
    0xADD8, 0xADF9, 0xB619, 0xB619, 0xB619, 0xB639, 0xB619, 0xBE7A, 0xCEFC, 0xCEFC, 0xCEFC, 0xCEDC,
    0xD71C, 0xD73D, 0x0000, 0x0000, 0x0000, 0xD6FC, 0xADB7, 0x7C30, 0x4A8A, 0x2124, 0x0000, 0x0000,
    0x0000, 0x0000, 0x0000, 0x0000, 0x0000, 0x0000, 0x0000, 0x0000, 0x0000, 0x0000, 0x0000, 0x0000,
    0x0000, 0x0000, 0x0000, 0x0000, 0x0000, 0x0000, 0x0000, 0x0000, 0x0000, 0x0000, 0x0000, 0x0000,
    0x0000, 0x0000, 0x0000, 0x0000, 0x0000, 0x0000, 0x0000, 0x0000, 0x0000, 0x0000, 0x0000, 0x0000,
    0x0000, 0x0000, 0x0000, 0x0000, 0x0000, 0x0000, 0x2945, 0x52AA, 0x8451, 0xB5D7, 0xD6FC, 0x0000,
    0x0000, 0x0000, 0x0000, 0xD73D, 0xD71C, 0xD71C, 0xCEFC, 0xCEFC, 0xBE7A, 0xADF9, 0xAE19, 0xADF9,
    0xADF9, 0xADF9, 0xADD9, 0xADD9, 0xB65A, 0xADD8, 0x2987, 0x0000, 0x0000, 0x0000, 0x0000, 0x0000,
    0x0000, 0x0000, 0x0000, 0x0000, 0x0000, 0x0000, 0x0000, 0x0000, 0x0000, 0x0000, 0x0000, 0x0000,
    0x0000, 0x0000, 0x0000, 0x0000, 0x0000, 0x0000, 0x0000, 0x0000, 0x0000, 0x0000, 0x0000, 0x0000,
    0x0000, 0x0000, 0x0000, 0x0000, 0x31C7, 0xB63A, 0xADF9, 0xADD8, 0xAE19, 0xAE19, 0xB619, 0xB619,
    0xB619, 0xB619, 0xBE7A, 0xCEFC, 0xCEFC, 0xD71C, 0xD73D, 0xD73D, 0xD71D, 0xD71D, 0xD71C, 0xD73C,
    0xD73C, 0x0000, 0x0000, 0x0000, 0x0000, 0x0000, 0xC659, 0x9D14, 0x73AF, 0x4249, 0x2104, 0x0000,
    0x0000, 0x0000, 0x0000, 0x0000, 0x0000, 0x0000, 0x0000, 0x0000, 0x0000, 0x0000, 0x0000, 0x0000,
    0x0000, 0x0000, 0x0000, 0x0000, 0x0000, 0x0000, 0x0000, 0x0000, 0x0000, 0x0000, 0x0000, 0x0000,
    0x0000, 0x0000, 0x0000, 0x0000, 0x0000, 0x0000, 0x0000, 0x0000, 0x0000, 0x2124, 0x4A69, 0x73CF,
    0xA555, 0xCE9A, 0x0000, 0x0000, 0x0000, 0x0000, 0x0000, 0x0000, 0x0000, 0xD73D, 0x0000, 0x0000,
    0xD73D, 0xD73D, 0xD73D, 0xD71C, 0xCEFC, 0xBE7A, 0xB619, 0xB619, 0xADF9, 0xADF9, 0xADF9, 0xADF9,
    0xADD9, 0xAE19, 0xADD9, 0x2125, 0x0000, 0x0000, 0x0000, 0x0000, 0x0000, 0x0000, 0x0000, 0x0000,
    0x0000, 0x0000, 0x0000, 0x0000, 0x0000, 0x0000, 0x0000, 0x0000, 0x0000, 0x0000, 0x0000, 0x0000,
    0x0000, 0x0000, 0x0000, 0x0000, 0x0000, 0x0000, 0x0000, 0x0000, 0x0000, 0x0000, 0x0000, 0x1082,
    0x9D77, 0xAE19, 0xADD8, 0xADF9, 0xADF9, 0xB619, 0xB619, 0xB619, 0xB619, 0xB63A, 0xCEFC, 0xCF1C,
    0xD71C, 0xD73D, 0xD73D, 0xD73D, 0x0000, 0x0000, 0x0000, 0x0000, 0x0000, 0x0000, 0x0000, 0x0000,
    0x0000, 0x0000, 0x0000, 0x0000, 0x0000, 0x0000, 0x0000, 0xC67A, 0xA555, 0x8451, 0x5B0C, 0x3A08,
    0x2124, 0x0000, 0x0000, 0x0000, 0x0000, 0x0000, 0x0000, 0x0000, 0x0000, 0x0000, 0x0000, 0x0000,
    0x0000, 0x0000, 0x0000, 0x0000, 0x0000, 0x0000, 0x0000, 0x0000, 0x0000, 0x0000, 0x1082, 0x2124,
    0x39E7, 0x5B0C, 0x8451, 0xAD76, 0xC67A, 0x0000, 0x0000, 0x0000, 0x0000, 0x0000, 0x0000, 0x0000,
    0x0000, 0x0000, 0x0000, 0x0000, 0x0000, 0x0000, 0x0000, 0x0000, 0x0000, 0x0000, 0x0000, 0xD73D,
    0xCF1C, 0xCEFC, 0xBE5A, 0xB639, 0xB639, 0xB619, 0xB619, 0xADD8, 0xADD9, 0xA5D8, 0xAE1A, 0x94F5,
    0x0000, 0x0000, 0x0000, 0x0000, 0x0000, 0x0000, 0x0000, 0x0000, 0x0000, 0x0000, 0x0000, 0x0000,
    0x0000, 0x0000, 0x0000, 0x0000, 0x0000, 0x0000, 0x0000, 0x0000, 0x0000, 0x0000, 0x0000, 0x0000,
    0x0000, 0x0000, 0x0000, 0x0000, 0x0000, 0x0000, 0x0000, 0x634E, 0xB63A, 0xA5B8, 0xADF9, 0xADF9,
    0xAE19, 0xB619, 0xB619, 0xB619, 0xB619, 0xC6BB, 0xCF1C, 0xCEFC, 0xD71D, 0xD73D, 0x0000, 0x0000,
    0x0000, 0x0000, 0x0000, 0x0000, 0x0000, 0x0000, 0x0000, 0x0000, 0x0000, 0x0000, 0x0000, 0x0000,
    0x0000, 0x0000, 0x0000, 0x0000, 0x0000, 0x0000, 0x0000, 0x0000, 0x0000, 0xD6FC, 0xC659, 0xADB6,
    0x9CF3, 0x8451, 0x73CF, 0x634D, 0x5AEB, 0x528A, 0x4A69, 0x4249, 0x4249, 0x4A69, 0x52AA, 0x5B0C,
    0x6B4D, 0x73CF, 0x8C51, 0x9D14, 0xB5B7, 0xC659, 0xD6FC, 0x0000, 0x0000, 0x0000, 0x0000, 0x0000,
    0x0000, 0x0000, 0x0000, 0x0000, 0x0000, 0x0000, 0x0000, 0x0000, 0x0000, 0x0000, 0x0000, 0x0000,
    0x0000, 0x0000, 0x0000, 0x0000, 0x0000, 0x0000, 0x0000, 0xD73D, 0xD71D, 0xD71D, 0xC6DB, 0xB639,
    0xB639, 0xB639, 0xB619, 0xADF9, 0xADF9, 0xADF9, 0xA5D8, 0xB65B, 0x52CC, 0x0000, 0x0000, 0x0000,
    0x0000, 0x0000, 0x0000, 0x0000, 0x0000, 0x0000, 0x0000, 0x0000, 0x0000, 0x0000, 0x0000, 0x0000,
    0x0000, 0x0000, 0x0000, 0x0000, 0x0000, 0x0000, 0x0000, 0x0000, 0x0000, 0x0000, 0x0000, 0x0000,
    0x0000, 0x0000, 0x10A2, 0xA597, 0xA5D8, 0xADD8, 0xADF8, 0xADF9, 0xAE19, 0xB619, 0xAE19, 0xADF9,
    0xBE7A, 0xCF1C, 0xCEFC, 0xD71C, 0xD73D, 0x0000, 0x0000, 0x0000, 0x0000, 0x0000, 0x0000, 0x0000,
    0x0000, 0x0000, 0x0000, 0x0000, 0x0000, 0x0000, 0x0000, 0x0000, 0x0000, 0x0000, 0x0000, 0x0000,
    0x0000, 0x0000, 0x0000, 0x0000, 0x0000, 0x0000, 0x0000, 0x0000, 0x0000, 0x0000, 0x0000, 0x0000,
    0x0000, 0x0000, 0x0000, 0x0000, 0x0000, 0x0000, 0x0000, 0x0000, 0x0000, 0x0000, 0x0000, 0x0000,
    0x0000, 0x0000, 0x0000, 0x0000, 0x0000, 0x0000, 0x0000, 0x0000, 0x0000, 0x0000, 0x0000, 0x0000,
    0x0000, 0x0000, 0x0000, 0x0000, 0x0000, 0x0000, 0x0000, 0x0000, 0x0000, 0x0000, 0x0000, 0x0000,
    0x0000, 0x0000, 0x0000, 0xD73D, 0xD73D, 0xD71D, 0xD71D, 0xBE7A, 0xB639, 0xB619, 0xB619, 0xAE19,
    0xADF9, 0xAE19, 0xADF9, 0xAE19, 0x9D56, 0x0000, 0x0000, 0x0000, 0x0000, 0x0000, 0x0000, 0x0000,
    0x0000, 0x0000, 0x0000, 0x0000, 0x0000, 0x0000, 0x0000, 0x0000, 0x0000, 0x0000, 0x0000, 0x0000,
    0x0000, 0x0000, 0x0000, 0x0000, 0x0000, 0x0000, 0x0000, 0x0000, 0x0000, 0x0000, 0x4A8B, 0xB65A,
    0xA5B8, 0xA5D9, 0xADD9, 0xADF9, 0xB619, 0xB619, 0xAE19, 0xB63A, 0xCEDC, 0xCEFC, 0xD71D, 0xD71D,
    0xD73D, 0x0000, 0x0000, 0x0000, 0x0000, 0x0000, 0x0000, 0x0000, 0x0000, 0x0000, 0x0000, 0x0000,
    0x0000, 0x0000, 0x0000, 0x0000, 0x0000, 0x0000, 0x0000, 0x0000, 0x0000, 0x0000, 0x0000, 0x0000,
    0x0000, 0x0000, 0x0000, 0x0000, 0x0000, 0x0000, 0x0000, 0x0000, 0x0000, 0x0000, 0x0000, 0x0000,
    0x0000, 0x0000, 0x0000, 0x0000, 0x0000, 0x0000, 0x0000, 0x0000, 0x0000, 0x0000, 0x0000, 0x0000,
    0x0000, 0x0000, 0x0000, 0x0000, 0x0000, 0x0000, 0x0000, 0x0000, 0x0000, 0x0000, 0x0000, 0x0000,
    0x0000, 0x0000, 0x0000, 0x0000, 0x0000, 0x0000, 0x0000, 0x0000, 0x0000, 0x0000, 0x0000, 0x0000,
    0xD73D, 0xD71D, 0xD71D, 0xCEFC, 0xB63A, 0xB63A, 0xB63A, 0xB619, 0xAE19, 0xADF9, 0xADF9, 0xADD9,
    0xB63A, 0x3A09, 0x0000, 0x0000, 0x0000, 0x0000, 0x0000, 0x0000, 0x0000, 0x0000, 0x0000, 0x0000,
    0x0000, 0x0000, 0x0000, 0x0000, 0x0000, 0x0000, 0x0000, 0x0000, 0x0000, 0x0000, 0x0000, 0x0000,
    0x0000, 0x0000, 0x0000, 0x0000, 0x0000, 0x0000, 0x8452, 0xB63A, 0xADF9, 0xADD9, 0xADD9, 0xADF9,
    0xB619, 0xB619, 0xB619, 0xC6BB, 0xCEFC, 0xCEFC, 0xD73D, 0xD73D, 0x0000, 0x0000, 0x0000, 0x0000,
    0x0000, 0x0000, 0x0000, 0x0000, 0x0000, 0x0000, 0x0000, 0x0000, 0x0000, 0x0000, 0x0000, 0x0000,
    0x0000, 0x0000, 0x0000, 0x0000, 0x0000, 0x0000, 0x0000, 0x0000, 0x0000, 0x0000, 0x0000, 0x0000,
    0x0000, 0x0000, 0x0000, 0x0000, 0x0000, 0x0000, 0x0000, 0x0000, 0x0000, 0x0000, 0x0000, 0x0000,
    0x0000, 0x0000, 0x0000, 0x0000, 0x0000, 0x0000, 0x0000, 0x0000, 0x0000, 0x0000, 0x0000, 0x0000,
    0x0000, 0x0000, 0x0000, 0x0000, 0x0000, 0x0000, 0x0000, 0x0000, 0x0000, 0x0000, 0x0000, 0x0000,
    0x0000, 0x0000, 0x0000, 0x0000, 0x0000, 0x0000, 0x0000, 0x0000, 0x0000, 0xD73D, 0xD71C, 0xD71D,
    0xC6BB, 0xB63A, 0xB63A, 0xB619, 0xAE19, 0xADF9, 0xA5D9, 0xADD9, 0xB63A, 0x73F1, 0x0000, 0x0000,
    0x0000, 0x0000, 0x0000, 0x0000, 0x0000, 0x0000, 0x0000, 0x0000, 0x0000, 0x0000, 0x0000, 0x0000,
    0x0000, 0x0000, 0x0000, 0x0000, 0x0000, 0x0000, 0x0000, 0x0000, 0x0000, 0x0000, 0x0000, 0x0000,
    0x0000, 0x0882, 0xA597, 0xAE19, 0xADF9, 0xADF9, 0xADD8, 0xADF9, 0xB619, 0xADF9, 0xB65A, 0xCEFC,
    0xCEFC, 0xCF1C, 0xD71D, 0xD73D, 0x0000, 0x0000, 0x0000, 0x0000, 0x0000, 0x0000, 0x0000, 0x0000,
    0x0000, 0x0000, 0x0000, 0x0000, 0x0000, 0x0000, 0x0000, 0x0000, 0x0000, 0x0000, 0x0000, 0x0000,
    0x0000, 0x0000, 0x0000, 0x0000, 0x0000, 0x0000, 0x0000, 0x0000, 0x0000, 0x0000, 0x0000, 0x0000,
    0x0000, 0x0000, 0x0000, 0x0000, 0x0000, 0x0000, 0x0000, 0x0000, 0x0000, 0x0000, 0x0000, 0x0000,
    0x0000, 0x0000, 0x0000, 0x0000, 0x0000, 0x0000, 0x0000, 0x0000, 0x0000, 0x0000, 0x0000, 0x0000,
    0x0000, 0x0000, 0x0000, 0x0000, 0x0000, 0x0000, 0x0000, 0x0000, 0x0000, 0x0000, 0x0000, 0x0000,
    0x0000, 0x0000, 0x0000, 0xD73D, 0xD73D, 0xD73D, 0xD71D, 0xD71C, 0xCEFC, 0xB65A, 0xB63A, 0xB63A,
    0xAE19, 0xADF9, 0xADF9, 0xA5D8, 0xADF9, 0x9D56, 0x0000, 0x0000, 0x0000, 0x0000, 0x0000, 0x0000,
    0x0000, 0x0000, 0x0000, 0x0000, 0x0000, 0x0000, 0x0000, 0x0000, 0x0000, 0x0000, 0x0000, 0x0000,
    0x0000, 0x0000, 0x0000, 0x0000, 0x0000, 0x0000, 0x0000, 0x0000, 0x0000, 0x31A7, 0xB63A, 0xADF9,
    0xADD9, 0xA5D8, 0xADF9, 0xADD8, 0xAE19, 0xB619, 0xC6BB, 0xCEFC, 0xCEFC, 0xCEFC, 0xD71C, 0xD73D,
    0x0000, 0x0000, 0x0000, 0x0000, 0x0000, 0x0000, 0x0000, 0x0000, 0x0000, 0x0000, 0x0000, 0x0000,
    0x0000, 0x0000, 0x0000, 0x0000, 0x0000, 0x0000, 0x0000, 0x0000, 0x0000, 0x0000, 0x0000, 0x0000,
    0x0000, 0x0000, 0x0000, 0x0000, 0x0000, 0x0000, 0x0000, 0x0000, 0x0000, 0x0000, 0x0000, 0x0000,
    0x0000, 0x0000, 0x0000, 0x0000, 0x0000, 0x0000, 0x0000, 0x0000, 0x0000, 0x0000, 0x0000, 0x0000,
    0x0000, 0x0000, 0x0000, 0x0000, 0x0000, 0x0000, 0x0000, 0x0000, 0x0000, 0x0000, 0x0000, 0x0000,
    0x0000, 0x0000, 0x0000, 0x0000, 0x0000, 0x0000, 0x0000, 0x0000, 0x0000, 0x0000, 0x0000, 0xD73D,
    0xD73D, 0xD73D, 0xD71C, 0xCEFC, 0xCF1C, 0xC69B, 0xB619, 0xB619, 0xB619, 0xADF9, 0xADF9, 0xADD9,
    0xA5D8, 0xADF9, 0x2145, 0x0000, 0x0000, 0x0000, 0x0000, 0x0000, 0x0000, 0x0000, 0x0000, 0x0000,
    0x0000, 0x0000, 0x0000, 0x0000, 0x0000, 0x0000, 0x0000, 0x0000, 0x0000, 0x0000, 0x0000, 0x0000,
    0x0000, 0x0000, 0x0000, 0x0000, 0x0000, 0x52EC, 0xBE5B, 0xADD8, 0xADD9, 0xA5D8, 0xADF9, 0xADF9,
    0xADF9, 0xB65A, 0xCEFC, 0xCEFC, 0xCEFC, 0xCF1C, 0xCF1C, 0xD71C, 0xD73D, 0x0000, 0x0000, 0x0000,
    0x0000, 0x0000, 0x0000, 0x0000, 0x0000, 0x0000, 0x0000, 0x0000, 0x0000, 0x0000, 0x0000, 0x0000,
    0x0000, 0x0000, 0x0000, 0x0000, 0x0000, 0x0000, 0x0000, 0x0000, 0x0000, 0x0000, 0x0000, 0x0000,
    0x0000, 0x0000, 0x0000, 0x0000, 0x0000, 0x0000, 0x0000, 0x0000, 0x0000, 0x0000, 0x0000, 0x0000,
    0x0000, 0x0000, 0x0000, 0x0000, 0x0000, 0x0000, 0x0000, 0x0000, 0x0000, 0x0000, 0x0000, 0x0000,
    0x0000, 0x0000, 0x0000, 0x0000, 0x0000, 0x0000, 0x0000, 0x0000, 0x0000, 0x0000, 0x0000, 0x0000,
    0x0000, 0x0000, 0x0000, 0x0000, 0x0000, 0x0000, 0x0000, 0xD73C, 0xD71C, 0xD71C, 0xCF1C, 0xCEFC,
    0xCEFC, 0xCEDC, 0xB639, 0xB619, 0xAE19, 0xAE19, 0xAE19, 0xADF9, 0xA5B8, 0xB63A, 0x426A, 0x0000,
    0x0000, 0x0000, 0x0000, 0x0000, 0x0000, 0x0000, 0x0000, 0x0000, 0x0000, 0x0000, 0x0000, 0x0000,
    0x0000, 0x0000, 0x0000, 0x0000, 0x0000, 0x0000, 0x0000, 0x0000, 0x0000, 0x0000, 0x0000, 0x0000,
    0x0000, 0x6BD0, 0xB65A, 0xADD8, 0xADF9, 0xADD8, 0xADF9, 0xADF9, 0xADF9, 0xC6BB, 0xCF1C, 0xCEFC,
    0xCEFC, 0xD71D, 0xD73D, 0xD73D, 0xD71D, 0xD73D, 0x0000, 0x0000, 0x0000, 0x0000, 0x0000, 0x0000,
    0x0000, 0x0000, 0x0000, 0x0000, 0x0000, 0x0000, 0x0000, 0x0000, 0x0000, 0x0000, 0x0000, 0x0000,
    0x0000, 0x0000, 0x0000, 0x0000, 0x0000, 0x0000, 0x0000, 0x0000, 0x0000, 0x0000, 0x0000, 0x0000,
    0x0000, 0x0000, 0x0000, 0x0000, 0x0000, 0x0000, 0x0000, 0x0000, 0x0000, 0x0000, 0x0000, 0x0000,
    0x0000, 0x0000, 0x0000, 0x0000, 0x0000, 0x0000, 0x0000, 0x0000, 0x0000, 0x0000, 0x0000, 0x0000,
    0x0000, 0x0000, 0x0000, 0x0000, 0x0000, 0x0000, 0x0000, 0x0000, 0x0000, 0x0000, 0x0000, 0x0000,
    0x0000, 0x0000, 0x0000, 0x0000, 0xD71C, 0xD71C, 0xD71D, 0xCF1D, 0xCEFC, 0xC6DC, 0xBE7A, 0xB619,
    0xAE19, 0xAE19, 0xAE19, 0xADF9, 0xADD9, 0xB63A, 0x638F, 0x0000, 0x0000, 0x0000, 0x0000, 0x0000,
    0x0000, 0x0000, 0x0000, 0x0000, 0x0000, 0x0000, 0x0000, 0x0000, 0x0000, 0x0000, 0x0000, 0x0000,
    0x0000, 0x0000, 0x0000, 0x0000, 0x0000, 0x0000, 0x0000, 0x0000, 0x0000, 0x84B4, 0xB61A, 0xADD8,
    0xADD9, 0xADD9, 0xADF9, 0xB619, 0xB63A, 0xCEFC, 0xCEFC, 0xCEFC, 0xCEFC, 0xCF1C, 0xD71D, 0xD73D,
    0xD71C, 0xD73C, 0x0000, 0x0000, 0x0000, 0x0000, 0x0000, 0x0000, 0x0000, 0x0000, 0x0000, 0x0000,
    0x0000, 0x0000, 0x0000, 0x0000, 0x0000, 0x0000, 0x0000, 0x0000, 0x0000, 0x0000, 0x0000, 0x0000,
    0x0000, 0x0000, 0x0000, 0x0000, 0x0000, 0x0000, 0x0000, 0x0000, 0x0000, 0x0000, 0x0000, 0x0000,
    0x0000, 0x0000, 0x0000, 0x0000, 0x0000, 0x0000, 0x0000, 0x0000, 0x0000, 0x0000, 0x0000, 0x0000,
    0x0000, 0x0000, 0x0000, 0x0000, 0x0000, 0x0000, 0x0000, 0x0000, 0x0000, 0x0000, 0x0000, 0x0000,
    0x0000, 0x0000, 0x0000, 0x0000, 0x0000, 0x0000, 0x0000, 0x0000, 0x0000, 0x0000, 0x0000, 0xD71C,
    0xD73D, 0xD73D, 0xD71D, 0xCF1C, 0xCEFC, 0xC6DB, 0xC6DC, 0xB639, 0xB619, 0xB619, 0xADF9, 0xADF9,
    0xADF9, 0xB65A, 0x7C53, 0x0000, 0x0000, 0x0000, 0x0000, 0x0000, 0x0000, 0x0000, 0x0000, 0x0000,
    0x0000, 0x0000, 0x0000, 0x0000, 0x0000, 0x0000, 0x0000, 0x0000, 0x0000, 0x0000, 0x0000, 0x0000,
    0x0000, 0x0000, 0x0000, 0x0000, 0x0000, 0x9D36, 0xADF9, 0xADD9, 0xA5D8, 0xADD9, 0xB5F9, 0xB619,
    0xBE7B, 0xCF1C, 0xCEFC, 0xCEFC, 0xCF1C, 0xD71D, 0xD6FC, 0x0000, 0x0000, 0x0000, 0xD6FB, 0xBE39,
    0xB5F7, 0xB618, 0xC69A, 0x0000, 0x0000, 0x0000, 0x0000, 0x0000, 0x0000, 0x0000, 0x0000, 0x0000,
    0x0000, 0x0000, 0x0000, 0x0000, 0x0000, 0x0000, 0x0000, 0x0000, 0x0000, 0x0000, 0x0000, 0x0000,
    0x0000, 0x0000, 0x0000, 0x0000, 0x0000, 0x0000, 0x0000, 0x0000, 0x0000, 0x0000, 0x0000, 0x0000,
    0x0000, 0x0000, 0x0000, 0x0000, 0x0000, 0x0000, 0x0000, 0x0000, 0x0000, 0x0000, 0x0000, 0x0000,
    0x0000, 0x0000, 0x0000, 0x0000, 0x0000, 0x0000, 0x0000, 0x0000, 0x0000, 0x0000, 0x0000, 0x0000,
    0x0000, 0xC69A, 0xB5F8, 0xB5D7, 0xBE59, 0xD6FC, 0x0000, 0x0000, 0x0000, 0xD71C, 0xD71D, 0xCF1C,
    0xCEFC, 0xCEDC, 0xCEFC, 0xBE7A, 0xB619, 0xB619, 0xAE19, 0xAE19, 0xADF9, 0xB63A, 0x8CF5, 0x0000,
    0x0000, 0x0000, 0x0000, 0x0000, 0x0000, 0x0000, 0x0000, 0x0000, 0x0000, 0x0000, 0x0000, 0x0000,
    0x0000, 0x0000, 0x0000, 0x0000, 0x0000, 0x0000, 0x0000, 0x0000, 0x0000, 0x0000, 0x0000, 0x0000,
    0x10C3, 0xA597, 0xADD8, 0xA5D8, 0xADD9, 0xADF9, 0xB619, 0xB619, 0xC6BC, 0xCEFC, 0xCEFC, 0xCEFC,
    0xCEFC, 0xD71D, 0x0000, 0xCEDB, 0x8C72, 0x4249, 0x18C3, 0x0000, 0x0000, 0x0000, 0x0000, 0x2104,
    0x4A6A, 0x8C71, 0xC67A, 0x0000, 0x0000, 0x0000, 0x0000, 0x0000, 0x0000, 0x0000, 0x0000, 0x0000,
    0x0000, 0x0000, 0x0000, 0x0000, 0x0000, 0x0000, 0x0000, 0x0000, 0x0000, 0x0000, 0x0000, 0x0000,
    0x0000, 0x0000, 0x0000, 0x0000, 0x0000, 0x0000, 0x0000, 0x0000, 0x0000, 0x0000, 0x0000, 0x0000,
    0x0000, 0x0000, 0x0000, 0x0000, 0x0000, 0x0000, 0x0000, 0x0000, 0x0000, 0x0000, 0x0000, 0x0000,
    0x0000, 0x0000, 0x0000, 0x0000, 0x0000, 0xC639, 0x8431, 0x4229, 0x18E3, 0x0000, 0x0000, 0x0000,
    0x0000, 0x18C3, 0x4A6A, 0x94F4, 0xD71C, 0x0000, 0xD71D, 0xCEFC, 0xCEFC, 0xCEFC, 0xCEFC, 0xC69B,
    0xB619, 0xB619, 0xB619, 0xAE19, 0xADF9, 0xB61A, 0x9D77, 0x0882, 0x0000, 0x0000, 0x0000, 0x0000,
    0x0000, 0x0000, 0x0000, 0x0000, 0x0000, 0x0000, 0x0000, 0x0000, 0x0000, 0x0000, 0x0000, 0x0000,
    0x0000, 0x0000, 0x0000, 0x0000, 0x0000, 0x0000, 0x0000, 0x0000, 0x2145, 0xADD9, 0xADD8, 0xADF9,
    0xADF9, 0xADF9, 0xB619, 0xB63A, 0xCEDC, 0xCEFC, 0xCEFC, 0xCEDC, 0xD75E, 0xD71C, 0x73F0, 0x18C3,
    0x0000, 0x0000, 0x0000, 0x0000, 0x0000, 0x0000, 0x0000, 0x0000, 0x0000, 0x0000, 0x0000, 0x4229,
    0x9D14, 0x0000, 0x0000, 0x0000, 0x0000, 0x0000, 0x0000, 0x0000, 0x0000, 0x0000, 0x0000, 0x0000,
    0x0000, 0x0000, 0x0000, 0x0000, 0x0000, 0x0000, 0x0000, 0x0000, 0x0000, 0x0000, 0x0000, 0x0000,
    0x0000, 0x0000, 0x0000, 0x0000, 0x0000, 0x0000, 0x0000, 0x0000, 0x0000, 0x0000, 0x0000, 0x0000,
    0x0000, 0x0000, 0x0000, 0x0000, 0x0000, 0x0000, 0x0000, 0x0000, 0x0000, 0x0000, 0x0000, 0x8C92,
    0x39C7, 0x0000, 0x0000, 0x0000, 0x0000, 0x0000, 0x0000, 0x0000, 0x0000, 0x0000, 0x0000, 0x0000,
    0x2124, 0x8472, 0xD73D, 0xD73D, 0xCEFC, 0xCEFC, 0xCEFC, 0xC6DB, 0xB639, 0xB619, 0xB619, 0xAE19,
    0xADF9, 0xAE19, 0xA5D9, 0x1904, 0x0000, 0x0000, 0x0000, 0x0000, 0x0000, 0x0000, 0x0000, 0x0000,
    0x0000, 0x0000, 0x0000, 0x0000, 0x0000, 0x0000, 0x0000, 0x0000, 0x0000, 0x0000, 0x0000, 0x0000,
    0x0000, 0x0000, 0x0000, 0x0000, 0x31C8, 0xB61A, 0xADF9, 0xADF9, 0xAE19, 0xB619, 0xB619, 0xBE7A,
    0xCEFC, 0xCEFC, 0xCEFC, 0x0000, 0xADB7, 0x2965, 0x0000, 0x0000, 0x0000, 0x0000, 0x0000, 0x0000,
    0x0000, 0x0000, 0x0000, 0x0000, 0x0000, 0x0000, 0x0000, 0x0000, 0x0000, 0x2945, 0x8C92, 0x0000,
    0x0000, 0x0000, 0x0000, 0x0000, 0x0000, 0x0000, 0x0000, 0x0000, 0x0000, 0x0000, 0x0000, 0x0000,
    0x0000, 0x0000, 0x0000, 0x0000, 0x0000, 0x0000, 0x0000, 0x0000, 0x0000, 0x0000, 0x0000, 0x0000,
    0x0000, 0x0000, 0x0000, 0x0000, 0x0000, 0x0000, 0x0000, 0x0000, 0x0000, 0x0000, 0x0000, 0x0000,
    0x0000, 0x0000, 0x0000, 0x0000, 0x0000, 0x7C10, 0x18E3, 0x0000, 0x0000, 0x0000, 0x0000, 0x0000,
    0x0000, 0x0000, 0x0000, 0x0000, 0x0000, 0x0000, 0x0000, 0x0000, 0x0000, 0x0000, 0x31C7, 0xB639,
    0x0000, 0xCEFC, 0xCEFC, 0xCEFC, 0xBE7A, 0xAE19, 0xB619, 0xAE19, 0xADF9, 0xAE19, 0xADF9, 0x2166,
    0x0000, 0x0000, 0x0000, 0x0000, 0x0000, 0x0000, 0x0000, 0x0000, 0x0000, 0x0000, 0x0000, 0x0000,
    0x0000, 0x0000, 0x0000, 0x0000, 0x0000, 0x0000, 0x0000, 0x0000, 0x0000, 0x0000, 0x0000, 0x0000,
    0x3A2A, 0xB65A, 0xADF9, 0xADF9, 0xAE19, 0xB619, 0xB619, 0xC69B, 0xCEFC, 0xCEDC, 0x0000, 0x8492,
    0x0000, 0x0000, 0x0000, 0x0000, 0x2966, 0x426B, 0x52ED, 0x530E, 0x4ACC, 0x3A09, 0x1904, 0x0000,
    0x0000, 0x0000, 0x0000, 0x0000, 0x0000, 0x0000, 0x0000, 0x2945, 0x9D14, 0x0000, 0x0000, 0x0000,
    0x0000, 0x0000, 0x0000, 0x0000, 0x0000, 0x0000, 0x0000, 0x0000, 0x0000, 0x0000, 0x0000, 0x0000,
    0x0000, 0x0000, 0x0000, 0x0000, 0x0000, 0x0000, 0x0000, 0x0000, 0x0000, 0x0000, 0x0000, 0x0000,
    0x0000, 0x0000, 0x0000, 0x0000, 0x0000, 0x0000, 0x0000, 0x0000, 0x0000, 0x0000, 0x0000, 0x8C71,
    0x18E3, 0x0000, 0x0000, 0x0000, 0x0000, 0x0000, 0x0000, 0x0000, 0x0000, 0x2125, 0x3A2A, 0x4ACD,
    0x530E, 0x52ED, 0x424A, 0x2146, 0x0000, 0x0000, 0x0000, 0x1082, 0x9514, 0x0000, 0xC6DC, 0xCEFC,
    0xC69B, 0xAE19, 0xB619, 0xB619, 0xADF9, 0xAE19, 0xAE1A, 0x31C8, 0x0000, 0x0000, 0x0000, 0x0000,
    0x0000, 0x0000, 0x0000, 0x0000, 0x0000, 0x0000, 0x0000, 0x0000, 0x0000, 0x0000, 0x0000, 0x0000,
    0x0000, 0x0000, 0x0000, 0x0000, 0x0000, 0x0000, 0x0000, 0x0000, 0x4A8C, 0xB63A, 0xADF9, 0xADF9,
    0xADF9, 0xB619, 0xB61A, 0xC6DB, 0xC6DB, 0xD75E, 0x73F0, 0x0000, 0x0000, 0x1082, 0x4AAC, 0x7454,
    0x84F6, 0x8CF6, 0x84F6, 0x84F6, 0x84F6, 0x8CF6, 0x84D6, 0x7413, 0x426B, 0x1082, 0x0000, 0x0000,
    0x0000, 0x0000, 0x0000, 0x0000, 0x0000, 0x4228, 0xC639, 0x0000, 0x0000, 0x0000, 0x0000, 0x0000,
    0x0000, 0x0000, 0x0000, 0x0000, 0x0000, 0x0000, 0x0000, 0x0000, 0x0000, 0x0000, 0x0000, 0x0000,
    0x0000, 0x0000, 0x0000, 0x0000, 0x0000, 0x0000, 0x0000, 0x0000, 0x0000, 0x0000, 0x0000, 0x0000,
    0x0000, 0x0000, 0x0000, 0x0000, 0x0000, 0xB5D7, 0x3186, 0x0000, 0x0000, 0x0000, 0x0000, 0x0000,
    0x0000, 0x0000, 0x10A3, 0x4AAC, 0x7453, 0x8CF6, 0x8D37, 0x8D17, 0x8D17, 0x8D17, 0x8D17, 0x8CF6,
    0x7453, 0x426B, 0x0000, 0x0000, 0x0000, 0x8C92, 0x0000, 0xCEDC, 0xC6DC, 0xB619, 0xB619, 0xB619,
    0xB619, 0xADF9, 0xAE3A, 0x3A29, 0x0000, 0x0000, 0x0000, 0x0000, 0x0000, 0x0000, 0x0000, 0x0000,
    0x0000, 0x0000, 0x0000, 0x0000, 0x0000, 0x0000, 0x0000, 0x0000, 0x0000, 0x0000, 0x0000, 0x0000,
    0x0000, 0x0000, 0x0000, 0x0000, 0x52ED, 0xB63A, 0xADF9, 0xADF9, 0xAE19, 0xADF9, 0xB63A, 0xC6DB,
    0xD75E, 0x7C31, 0x0000, 0x0000, 0x3A09, 0x7C54, 0x8D17, 0x8D17, 0x9537, 0x9557, 0x9557, 0x9537,
    0x8D16, 0x84D5, 0x7C95, 0x84D6, 0x8D17, 0x7C95, 0x4AAC, 0x0000, 0x0000, 0x0000, 0x0000, 0x0000,
    0x0000, 0x0000, 0x0000, 0x7BF0, 0x0000, 0x0000, 0x0000, 0x0000, 0x0000, 0x0000, 0x0000, 0x0000,
    0x0000, 0x0000, 0x0000, 0x0000, 0x0000, 0x0000, 0x0000, 0x0000, 0x0000, 0x0000, 0x0000, 0x0000,
    0x0000, 0x0000, 0x0000, 0x0000, 0x0000, 0x0000, 0x0000, 0x0000, 0x0000, 0x0000, 0x0000, 0x0000,
    0x634D, 0x0000, 0x0000, 0x0000, 0x0000, 0x0000, 0x0000, 0x0000, 0x0882, 0x52CD, 0x84B5, 0x8D17,
    0x84D6, 0x84D5, 0x8CF6, 0x9537, 0x9D57, 0x9D77, 0x9D57, 0x9536, 0x8D17, 0x8D17, 0x7433, 0x29A7,
    0x0000, 0x0000, 0x9514, 0x0000, 0xC6DB, 0xB63A, 0xADF9, 0xB619, 0xB619, 0xADF9, 0xAE3A, 0x428B,
    0x0000, 0x0000, 0x0000, 0x0000, 0x0000, 0x0000, 0x0000, 0x0000, 0x0000, 0x0000, 0x0000, 0x0000,
    0x0000, 0x0000, 0x0000, 0x0000, 0x0000, 0x0000, 0x0000, 0x0000, 0x0000, 0x0000, 0x0000, 0x0000,
    0x5B2E, 0xB63A, 0xADF9, 0xAE19, 0xAE19, 0xAE19, 0xB65A, 0xD75D, 0x9D35, 0x0000, 0x0000, 0x5B2F,
    0x8D17, 0x9557, 0xA5B8, 0xB619, 0xB639, 0xB639, 0xB639, 0xB619, 0xB619, 0xB5F9, 0xA5B8, 0x9537,
    0x84B5, 0x84B5, 0x8D17, 0x7C54, 0x29A7, 0x0000, 0x0000, 0x0000, 0x0000, 0x0000, 0x0000, 0x0000,
    0x39E7, 0xC679, 0x0000, 0x0000, 0x0000, 0x0000, 0x0000, 0x0000, 0x0000, 0x0000, 0x0000, 0x0000,
    0x0000, 0x0000, 0x0000, 0x0000, 0x0000, 0x0000, 0x0000, 0x0000, 0x0000, 0x0000, 0x0000, 0x0000,
    0x0000, 0x0000, 0x0000, 0x0000, 0x0000, 0x0000, 0xB5D7, 0x2124, 0x0000, 0x0000, 0x0000, 0x0000,
    0x0000, 0x0000, 0x0000, 0x31C8, 0x7C74, 0x8D17, 0x84B5, 0x84D5, 0x9D57, 0xADD8, 0xB619, 0xB619,
    0xB619, 0xB639, 0xB639, 0xB619, 0xADD8, 0x9D97, 0x9537, 0x84D6, 0x52CD, 0x0000, 0x0000, 0xADF8,
    0xD73D, 0xB639, 0xB619, 0xB619, 0xADF9, 0xADF9, 0xB63A, 0x4AAC, 0x0000, 0x0000, 0x0000, 0x0000,
    0x0000, 0x0000, 0x0000, 0x0000, 0x0000, 0x0000, 0x0000, 0x0000, 0x0000, 0x0000, 0x0000, 0x0000,
    0x0000, 0x0000, 0x0000, 0x0000, 0x0000, 0x0000, 0x0000, 0x0000, 0x5B4E, 0xB63A, 0xB5F9, 0xADF9,
    0xADF9, 0xADF9, 0xC69B, 0xC69B, 0x10A3, 0x0862, 0x6BD1, 0x9558, 0xA5B8, 0xB619, 0xB619, 0xB619,
    0xB619, 0xB619, 0xB619, 0xB619, 0xB619, 0xB619, 0xB619, 0xB619, 0xADD9, 0x9536, 0x7C95, 0x84F6,
    0x8D17, 0x52ED, 0x0000, 0x0000, 0x0000, 0x0000, 0x0000, 0x0000, 0x0000, 0x0000, 0x94D3, 0x0000,
    0x0000, 0x0000, 0x0000, 0x0000, 0x0000, 0x0000, 0x0000, 0x0000, 0x0000, 0x0000, 0x0000, 0x0000,
    0x0000, 0x0000, 0x0000, 0x0000, 0x0000, 0x0000, 0x0000, 0x0000, 0x0000, 0x0000, 0x0000, 0x0000,
    0x0000, 0x7C10, 0x0000, 0x0000, 0x0000, 0x0000, 0x0000, 0x0000, 0x0000, 0x0000, 0x5B2E, 0x8D17,
    0x84B6, 0x84B5, 0x9D77, 0xADF9, 0xB639, 0xB619, 0xB619, 0xB619, 0xAE19, 0xB619, 0xB619, 0xADF9,
    0xADF9, 0xB619, 0xB619, 0xA5B8, 0x9578, 0x6BB1, 0x0000, 0x2104, 0xCEFB, 0xBE7A, 0xAE19, 0xB619,
    0xADF9, 0xAE19, 0xB63A, 0x4AED, 0x0000, 0x0000, 0x0000, 0x0000, 0x0000, 0x0000, 0x0000, 0x0000,
    0x0000, 0x0000, 0x0000, 0x0000, 0x0000, 0x0000, 0x0000, 0x0000, 0x0000, 0x0000, 0x0000, 0x0000,
    0x0000, 0x0000, 0x0000, 0x0000, 0x5B4F, 0xB63A, 0xB5F9, 0xADF9, 0xADF9, 0xADF9, 0xCF1D, 0x4A6A,
    0x0000, 0x7433, 0xA598, 0xADF9, 0xB5F9, 0xADF9, 0xADF9, 0xB619, 0xB619, 0xB619, 0xB619, 0xB619,
    0xB619, 0xB619, 0xADF9, 0xADF9, 0xB619, 0xB619, 0xA5B8, 0x84D6, 0x7CB5, 0x8D37, 0x6BF2, 0x10C3,
    0x0000, 0x0000, 0x0000, 0x0000, 0x0000, 0x0000, 0x0000, 0x632C, 0x0000, 0x0000, 0x0000, 0x0000,
    0x0000, 0x0000, 0x0000, 0x0000, 0x0000, 0x0000, 0x0000, 0x0000, 0x0000, 0x0000, 0x0000, 0x0000,
    0x0000, 0x0000, 0x0000, 0x0000, 0x0000, 0x0000, 0x0000, 0x0000, 0x4A8A, 0x0000, 0x0000, 0x0000,
    0x0000, 0x0000, 0x0000, 0x0000, 0x1905, 0x7433, 0x8D17, 0x7C95, 0x8CF6, 0xADF9, 0xB639, 0xADF9,
    0xADF9, 0xAE19, 0xB619, 0xAE19, 0xB619, 0xADF9, 0xADF9, 0xADF9, 0xADF9, 0xB619, 0xAE19, 0xB619,
    0xB5F9, 0xADF9, 0x7412, 0x0000, 0x5B0C, 0xCF1D, 0xADF8, 0xB619, 0xADF9, 0xADF9, 0xAE1A, 0x52ED,
    0x0000, 0x0000, 0x0000, 0x0000, 0x0000, 0x0000, 0x0000, 0x0000, 0x0000, 0x0000, 0x0000, 0x0000,
    0x0000, 0x0000, 0x0000, 0x0000, 0x0000, 0x0000, 0x0000, 0x0000, 0x0000, 0x0000, 0x0000, 0x0000,
    0x5B4F, 0xB63A, 0xB5F9, 0xADF9, 0xADF8, 0xBE7A, 0x94D4, 0x0000, 0x7432, 0xADF9, 0xA5B8, 0xADD8,
    0xADF9, 0xADF9, 0xB619, 0xB619, 0xB619, 0xB619, 0xAE19, 0xAE19, 0xB619, 0xB619, 0xADF9, 0xB619,
    0xB619, 0xB619, 0xB619, 0xADD9, 0x8CF6, 0x7C95, 0x8517, 0x7C94, 0x2146, 0x0000, 0x0000, 0x0000,
    0x0000, 0x0000, 0x0000, 0x0000, 0x39E7, 0xD71C, 0x0000, 0x0000, 0x0000, 0x0000, 0x0000, 0x0000,
    0x0000, 0x0000, 0x0000, 0x0000, 0x0000, 0x0000, 0x0000, 0x0000, 0x0000, 0x0000, 0x0000, 0x0000,
    0x0000, 0x0000, 0xC67A, 0x2145, 0x0000, 0x0000, 0x0000, 0x0000, 0x0000, 0x0000, 0x0000, 0x31A8,
    0x84B5, 0x84F6, 0x7C95, 0x9536, 0xB619, 0xB619, 0xAE19, 0xAE19, 0xADF9, 0xADF9, 0xAE19, 0xAE19,
    0xADF9, 0xADF9, 0xADF9, 0xB619, 0xADF9, 0xADF9, 0xAE19, 0xADF9, 0xB619, 0xB619, 0xB63A, 0x6BF1,
    0x0000, 0xA576, 0xB65A, 0xADF9, 0xADF9, 0xADF9, 0xADF9, 0x530D, 0x0000, 0x0000, 0x0000, 0x0000,
    0x0000, 0x0000, 0x0000, 0x0000, 0x0000, 0x0000, 0x0000, 0x0000, 0x0000, 0x0000, 0x0000, 0x0000,
    0x0000, 0x0000, 0x0000, 0x0000, 0x0000, 0x0000, 0x0000, 0x0000, 0x636F, 0xB63A, 0xB619, 0xAE19,
    0xAE19, 0xBE5A, 0x2986, 0x638F, 0xB63A, 0xA5B8, 0xADD8, 0xADD9, 0xADD9, 0xADF9, 0xADF9, 0xB619,
    0xB619, 0xB619, 0xB619, 0xB619, 0xB619, 0xB619, 0xAE19, 0xB619, 0xB619, 0xB619, 0xADF9, 0xADF9,
    0xADF9, 0x8D16, 0x7C95, 0x84D6, 0x84D6, 0x39E8, 0x0000, 0x0000, 0x0000, 0x0000, 0x0000, 0x0000,
    0x0000, 0x2945, 0xD6DB, 0x0000, 0x0000, 0x0000, 0x0000, 0x0000, 0x0000, 0x0000, 0x0000, 0x0000,
    0x0000, 0x0000, 0x0000, 0x0000, 0x0000, 0x0000, 0x0000, 0x0000, 0x0000, 0xBE39, 0x18C3, 0x0000,
    0x0000, 0x0000, 0x0000, 0x0000, 0x0000, 0x0000, 0x426B, 0x8D16, 0x84D6, 0x7C95, 0x9537, 0xB639,
    0xB619, 0xAE19, 0xB5F9, 0xAE19, 0xB619, 0xB619, 0xB619, 0xAE19, 0xB619, 0xAE19, 0xADF9, 0xAE19,
    0xAE19, 0xADF9, 0xADF9, 0xB619, 0xB619, 0xAE19, 0xAE19, 0xBE7B, 0x5B2D, 0x39E8, 0xBE7B, 0xADF9,
    0xADF9, 0xADD9, 0xA5F9, 0x530E, 0x0000, 0x0000, 0x0000, 0x0000, 0x0000, 0x0000, 0x0000, 0x0000,
    0x0000, 0x0000, 0x0000, 0x0000, 0x0000, 0x0000, 0x0000, 0x0000, 0x0000, 0x0000, 0x0000, 0x0000,
    0x0000, 0x0000, 0x0000, 0x0000, 0x5B6F, 0xB61A, 0xB619, 0xADF9, 0xBE5A, 0x8493, 0x5B0D, 0xBE7B,
    0xA5B8, 0xADF9, 0xADF9, 0xADF9, 0xADF9, 0xADF9, 0xADF9, 0xB619, 0xB619, 0xB619, 0xB619, 0xB619,
    0xB619, 0xAE19, 0xAE19, 0xB619, 0xAE19, 0xADF9, 0xADF9, 0xADF9, 0xADF9, 0xADF9, 0x8CF6, 0x7C95,
    0x84B5, 0x8CF7, 0x426B, 0x0000, 0x0000, 0x0000, 0x0000, 0x0000, 0x0000, 0x0000, 0x2966, 0x0000,
    0x0000, 0x0000, 0x0000, 0x0000, 0x0000, 0x0000, 0x0000, 0x0000, 0x0000, 0x0000, 0x0000, 0x0000,
    0x0000, 0x0000, 0xD73D, 0x0000, 0xCEBB, 0x18E3, 0x0000, 0x0000, 0x0000, 0x0000, 0x0000, 0x0000,
    0x0000, 0x52ED, 0x8D17, 0x84B5, 0x7C95, 0x9516, 0xB619, 0xAE19, 0xAE19, 0xAE19, 0xADF9, 0xAE19,
    0xB619, 0xB619, 0xAE19, 0xADF9, 0xAE19, 0xADF9, 0xADF9, 0xB619, 0xB619, 0xADF9, 0xADF9, 0xB619,
    0xB619, 0xB619, 0xADF9, 0xADF9, 0xBE7B, 0x52CB, 0x94D4, 0xB65A, 0xA5D9, 0xADF9, 0xA5F9, 0x530E,
    0x0000, 0x0000, 0x0000, 0x0000, 0x0000, 0x0000, 0x0000, 0x0000, 0x0000, 0x0000, 0x0000, 0x0000,
    0x0000, 0x0000, 0x0000, 0x0000, 0x0000, 0x0000, 0x0000, 0x0000, 0x0000, 0x0000, 0x0000, 0x0000,
    0x5B4F, 0xADF9, 0xB619, 0xADF9, 0xB639, 0x8CD4, 0xADF8, 0xB619, 0xADF9, 0xADF8, 0xADF9, 0xADF9,
    0xADF9, 0xB619, 0xB619, 0xB619, 0xB639, 0xB639, 0xB619, 0xB619, 0xB619, 0xAE19, 0xB619, 0xB619,
    0xB619, 0xB619, 0xB619, 0xB619, 0xB619, 0xB639, 0xAE19, 0x84D6, 0x7C95, 0x7CB5, 0x8D17, 0x52ED,
    0x0000, 0x0000, 0x0000, 0x0000, 0x0000, 0x0000, 0x0000, 0x8431, 0x0000, 0xD71D, 0x0000, 0x0000,
    0x0000, 0x0000, 0x0000, 0x0000, 0x0000, 0x0000, 0x0000, 0x0000, 0x0000, 0x0000, 0xD71C, 0x0000,
    0x636D, 0x0000, 0x0000, 0x0000, 0x0000, 0x0000, 0x0000, 0x0000, 0x5B4F, 0x8D17, 0x84B5, 0x84B5,
    0x8D16, 0xB639, 0xB639, 0xB619, 0xB619, 0xB619, 0xB619, 0xB619, 0xB619, 0xADF9, 0xADF9, 0xAE19,
    0xADF9, 0xADF9, 0xADF9, 0xAE19, 0xAE19, 0xAE19, 0xB619, 0xB619, 0xB619, 0xB619, 0xADF9, 0xADF9,
    0xB61A, 0xADB8, 0x8CD4, 0xB63A, 0xA5D8, 0xADF9, 0xA5F9, 0x52ED, 0x0000, 0x0000, 0x0000, 0x0000,
    0x0000, 0x0000, 0x0000, 0x0000, 0x0000, 0x0000, 0x0000, 0x0000, 0x0000, 0x0000, 0x0000, 0x0000,
    0x0000, 0x0000, 0x0000, 0x0000, 0x0000, 0x0000, 0x0000, 0x0000, 0x5B2E, 0xA5D9, 0xB619, 0xAE19,
    0xADF9, 0xB639, 0xB619, 0xB619, 0xB619, 0xADF9, 0xADF9, 0xADF9, 0xB619, 0xAE19, 0xAE19, 0xB619,
    0xB619, 0xB619, 0xB619, 0xAE19, 0xB619, 0xB619, 0xB619, 0xADF9, 0xADD9, 0xA5B8, 0x9D98, 0x9D77,
    0x9557, 0x9D77, 0xA5B8, 0x9D98, 0x84B5, 0x84B5, 0x84B5, 0x8D17, 0x636F, 0x0000, 0x0000, 0x0000,
    0x0000, 0x0000, 0x0000, 0x4249, 0x0000, 0xD71C, 0xD73D, 0xD73D, 0xD73D, 0x0000, 0x0000, 0x0000,
    0xD73D, 0xD73D, 0xD73D, 0xD73D, 0xD73D, 0xD73D, 0xD71C, 0x0000, 0x31A6, 0x0000, 0x0000, 0x0000,
    0x0000, 0x0000, 0x0882, 0x6BD1, 0x8D17, 0x84B5, 0x84B5, 0x84D6, 0xA598, 0xA598, 0x9D77, 0x9D57,
    0x9D77, 0x9D98, 0xA5B8, 0xADD9, 0xADF9, 0xAE19, 0xADF9, 0xADF9, 0xADF9, 0xADF9, 0xB619, 0xAE19,
    0xAE19, 0xB619, 0xB639, 0xB619, 0xB619, 0xB619, 0xB619, 0xB619, 0xB619, 0xB619, 0xB619, 0xADF9,
    0xADF9, 0xA5D8, 0x9DB9, 0x4ACD, 0x0000, 0x0000, 0x0000, 0x0000, 0x0000, 0x0000, 0x0000, 0x0000,
    0x0000, 0x0000, 0x0000, 0x0000, 0x0000, 0x0000, 0x0000, 0x0000, 0x0000, 0x0000, 0x0000, 0x0000,
    0x0000, 0x0000, 0x0000, 0x0000, 0x52ED, 0xA5B8, 0xB619, 0xADF9, 0xADF9, 0xADF9, 0xB619, 0xB619,
    0xB619, 0xB619, 0xB619, 0xB619, 0xB619, 0xB619, 0xB619, 0xB619, 0xB619, 0xB619, 0xB619, 0xB619,
    0xB619, 0xADD9, 0x9558, 0x84B5, 0x7433, 0x6BF2, 0x7413, 0x7454, 0x7C74, 0x7C74, 0x7C95, 0x84D6,
    0x84B5, 0x84B5, 0x84D5, 0x84B5, 0x8D17, 0x7412, 0x18E4, 0x0000, 0x0000, 0x0000, 0x0000, 0x4AAA,
    0x0000, 0xCF1C, 0xD71D, 0xD71C, 0xD73D, 0xD73D, 0xD73D, 0xD71D, 0xD71D, 0xD71C, 0xD71C, 0xD71C,
    0xD71C, 0xD71C, 0xCEFC, 0xD75E, 0x39C7, 0x0000, 0x0000, 0x0000, 0x0000, 0x2146, 0x7453, 0x8CF7,
    0x7C95, 0x84B5, 0x84B5, 0x84D6, 0x84D6, 0x7C95, 0x7C75, 0x7C94, 0x7453, 0x7412, 0x6C12, 0x7433,
    0x84B5, 0x9557, 0xADD9, 0xB619, 0xADF9, 0xADF9, 0xAE19, 0xADF9, 0xB619, 0xB619, 0xB619, 0xB619,
    0xB619, 0xB619, 0xB619, 0xAE19, 0xB619, 0xADF9, 0xADF9, 0xADF9, 0xADF9, 0xADD8, 0x9D98, 0x4AAC,
    0x0000, 0x0000, 0x0000, 0x0000, 0x0000, 0x0000, 0x0000, 0x0000, 0x0000, 0x0000, 0x0000, 0x0000,
    0x0000, 0x0000, 0x0000, 0x0000, 0x0000, 0x0000, 0x0000, 0x0000, 0x0000, 0x0000, 0x0000, 0x0000,
    0x4ACD, 0x9D98, 0xADF9, 0xADF9, 0xADD9, 0xADF9, 0xAE19, 0xAE19, 0xB619, 0xB619, 0xB619, 0xB619,
    0xB619, 0xB619, 0xB619, 0xB619, 0xB619, 0xB619, 0xB639, 0xAE1A, 0x84D5, 0x532E, 0x4A8B, 0x52CC,
    0x6B8E, 0x8451, 0x9D14, 0xADB7, 0xB619, 0xA5D8, 0x8CF6, 0x7C74, 0x84F6, 0x84D5, 0x84B5, 0x84D5,
    0x84B5, 0x8CF6, 0x84B5, 0x424A, 0x0000, 0x0000, 0x1082, 0xADB7, 0x0000, 0xD71C, 0xCF1C, 0xCEFC,
    0xD71C, 0xCF1C, 0xD71D, 0xD71D, 0xCF1C, 0xCF1C, 0xCF1C, 0xD71C, 0xCF1C, 0xCF1C, 0xCEFC, 0xD75E,
    0x9D35, 0x0000, 0x0000, 0x1082, 0x4AAC, 0x84D6, 0x84F6, 0x84B5, 0x84B5, 0x84B5, 0x84D6, 0x84F6,
    0x7C74, 0x8CF6, 0xADB8, 0xB619, 0xA596, 0x94F4, 0x8452, 0x6BAF, 0x5B0D, 0x4A8C, 0x532F, 0x84D5,
    0xAE1A, 0xAE19, 0xADF9, 0xAE19, 0xADF9, 0xADF9, 0xB619, 0xB619, 0xB619, 0xB619, 0xAE19, 0xAE19,
    0xAE19, 0xAE19, 0xADF9, 0xADF9, 0xADF9, 0xADD8, 0x9D78, 0x426B, 0x0000, 0x0000, 0x0000, 0x0000,
    0x0000, 0x0000, 0x0000, 0x0000, 0x0000, 0x0000, 0x0000, 0x0000, 0x0000, 0x0000, 0x0000, 0x0000,
    0x0000, 0x0000, 0x0000, 0x0000, 0x0000, 0x0000, 0x0000, 0x0000, 0x428C, 0x9D78, 0xADF9, 0xADD9,
    0xADF9, 0xADF9, 0xADF9, 0xAE19, 0xB619, 0xB619, 0xB619, 0xB619, 0xB619, 0xB619, 0xADF9, 0xAE19,
    0xB619, 0xBE5A, 0x9557, 0x428C, 0x39E8, 0x7BF0, 0xB5D8, 0xD6FC, 0x0000, 0x0000, 0x0000, 0x0000,
    0x0000, 0x0000, 0xD71C, 0x9D56, 0x6390, 0x84B5, 0x8CF6, 0x84B5, 0x84D6, 0x84B5, 0x84D6, 0x8D17,
    0x7C74, 0x63B0, 0x7C54, 0xBE9B, 0xD73D, 0xD71C, 0xD71C, 0xD71D, 0xCF1C, 0xCEFC, 0xCF1C, 0xD71D,
    0xCEFC, 0xCEFC, 0xCF1C, 0xCF1C, 0xCF1C, 0xD71D, 0xCEFC, 0xD71D, 0xBE9B, 0x7453, 0x6BD1, 0x7C95,
    0x8D17, 0x84D5, 0x84B5, 0x84B6, 0x84B5, 0x8CF6, 0x7C94, 0x6BB0, 0x9D36, 0xD6FC, 0x0000, 0x0000,
    0x0000, 0x0000, 0x0000, 0x0000, 0xD6FC, 0xBE18, 0x7BF0, 0x31C8, 0x42AC, 0x9D98, 0xB63A, 0xB619,
    0xADF9, 0xADF9, 0xAE19, 0xAE19, 0xAE19, 0xAE19, 0xADF9, 0xAE19, 0xADF9, 0xADF9, 0xADF9, 0xADF9,
    0xADF8, 0xADD8, 0x9558, 0x3A2A, 0x0000, 0x0000, 0x0000, 0x0000, 0x0000, 0x0000, 0x0000, 0x0000,
    0x0000, 0x0000, 0x0000, 0x0000, 0x0000, 0x0000, 0x0000, 0x0000, 0x0000, 0x0000, 0x0000, 0x0000,
    0x0000, 0x0000, 0x0000, 0x0000, 0x3A2A, 0x9558, 0xADF9, 0xADF9, 0xADF9, 0xADF9, 0xADF9, 0xAE19,
    0xAE19, 0xB619, 0xB619, 0xB619, 0xB619, 0xAE19, 0xB619, 0xADF9, 0xBE7A, 0x7C52, 0x2146, 0x6B6E,
    0xC6BB, 0x0000, 0x0000, 0x0000, 0x0000, 0x0000, 0x0000, 0x0000, 0x0000, 0x0000, 0xD73C, 0x0000,
    0x0000, 0x528C, 0x7432, 0x8D17, 0x84D5, 0x84D6, 0x84D5, 0x84B5, 0x84D6, 0x8D17, 0x84D6, 0x84D5,
    0xCEFC, 0xD71D, 0xD71D, 0xD71D, 0xCF1C, 0xCEFC, 0xD71D, 0xCF1C, 0xCEFC, 0xCEFC, 0xCEFC, 0xCEFC,
    0xCF1C, 0xCEFC, 0xCF1C, 0xCEDC, 0x84D5, 0x84F6, 0x8D17, 0x84D6, 0x84B5, 0x84D6, 0x84D5, 0x84B5,
    0x8D17, 0x6BF1, 0x5ACD, 0x0000, 0x0000, 0xD71C, 0x0000, 0x0000, 0x0000, 0x0000, 0x0000, 0x0000,
    0x0000, 0x0000, 0x0000, 0xC6BB, 0x634D, 0x2987, 0x8494, 0xB65B, 0xADF9, 0xAE19, 0xAE19, 0xAE19,
    0xAE19, 0xADF9, 0xADF9, 0xADF9, 0xADF9, 0xADF9, 0xADF9, 0xADF9, 0xADF9, 0xADD9, 0x8D37, 0x31E8,
    0x0000, 0x0000, 0x0000, 0x0000, 0x0000, 0x0000, 0x0000, 0x0000, 0x0000, 0x0000, 0x0000, 0x0000,
    0x0000, 0x0000, 0x0000, 0x0000, 0x0000, 0x0000, 0x0000, 0x0000, 0x0000, 0x0000, 0x0000, 0x0000,
    0x31E8, 0x8D37, 0xADD8, 0xADF9, 0xADD8, 0xB619, 0xADF9, 0xAE19, 0xADF9, 0xAE19, 0xB619, 0xB619,
    0xADF9, 0xB619, 0xADF9, 0xBE7B, 0x638F, 0x2946, 0xA596, 0x0000, 0xD6DC, 0xC619, 0xA515, 0x7BF0,
    0x630D, 0x52AB, 0x52AB, 0x6B4D, 0x8431, 0xAD76, 0xD6DC, 0x0000, 0x0000, 0x0000, 0x4A09, 0x63B0,
    0x8D37, 0x84B5, 0x84D6, 0x84D6, 0x84D5, 0x84D5, 0x84F6, 0x7C54, 0x9D35, 0x0000, 0xCEFC, 0xD71D,
    0xCF1C, 0xCEFC, 0xCEFC, 0xCF1C, 0xCEFC, 0xCEFC, 0xCEFC, 0xCEFC, 0xCEFC, 0xCEFC, 0xD75D, 0x94F5,
    0x7C94, 0x84D6, 0x84B5, 0x84B5, 0x84D6, 0x84D5, 0x84B5, 0x8D17, 0x5B2E, 0x526B, 0x0000, 0x0000,
    0x0000, 0x0000, 0xC619, 0x9492, 0x632D, 0x4A49, 0x4A49, 0x5AAB, 0x6B6E, 0x8C73, 0xB5B8, 0xD6DC,
    0x0000, 0x9D35, 0x2125, 0x7412, 0xBE7B, 0xADF9, 0xAE19, 0xAE19, 0xAE19, 0xADF9, 0xADF9, 0xADF9,
    0xADF9, 0xADF9, 0xADF9, 0xADD8, 0xAE19, 0xA5B8, 0x8D17, 0x2987, 0x0000, 0x0000, 0x0000, 0x0000,
    0x0000, 0x0000, 0x0000, 0x0000, 0x0000, 0x0000, 0x0000, 0x0000, 0x0000, 0x0000, 0x0000, 0x0000,
    0x0000, 0x0000, 0x0000, 0x0000, 0x0000, 0x0000, 0x0000, 0x0000, 0x2966, 0x8CF6, 0x9D97, 0xB639,
    0x9D36, 0x9D36, 0xBE5A, 0xADF9, 0xAE19, 0xB619, 0xB619, 0xB619, 0xAE19, 0xADF8, 0xBE7A, 0x73F1,
    0x3187, 0xBDD9, 0xCE5B, 0x9473, 0x5A8B, 0x1082, 0x0000, 0x0000, 0x0000, 0x0000, 0x0000, 0x0000,
    0x0000, 0x0000, 0x3166, 0x83F0, 0xCE7A, 0x0000, 0x0000, 0x39A7, 0x6390, 0x8D17, 0x84B5, 0x84D6,
    0x84D6, 0x84D6, 0x84D5, 0x8CF6, 0x636F, 0xBE5A, 0xD73D, 0xCEFC, 0xCEFC, 0xCF1C, 0xCEFC, 0xCEFC,
    0xCF1C, 0xCEFC, 0xCEFC, 0xCEFC, 0xCEFC, 0xD73D, 0xB618, 0x6390, 0x8D17, 0x84D6, 0x84D6, 0x84D6,
    0x84D5, 0x84B5, 0x8D17, 0x5B2E, 0x4A29, 0x0000, 0xD6FC, 0xD6DC, 0x9CB3, 0x41E8, 0x0000, 0x0000,
    0x0000, 0x0000, 0x0000, 0x0000, 0x0000, 0x0000, 0x1082, 0x4A29, 0x8C32, 0xCE7B, 0xB597, 0x2966,
    0x8473, 0xBE7B, 0xADF9, 0xAE19, 0xADF9, 0xADF9, 0xADF9, 0xADF9, 0xADD8, 0xB65A, 0x94F5, 0x9D56,
    0xB63A, 0x9D98, 0x84F6, 0x1925, 0x0000, 0x0000, 0x0000, 0x0000, 0x0000, 0x0000, 0x0000, 0x0000,
    0x0000, 0x0000, 0x0000, 0x0000, 0x0000, 0x0000, 0x0000, 0x0000, 0x0000, 0x0000, 0x0000, 0x0000,
    0x0000, 0x0000, 0x0000, 0x0000, 0x1904, 0x84D6, 0x9537, 0xADF9, 0xADF9, 0x636E, 0xA597, 0xBE5A,
    0xADF9, 0xB619, 0xB619, 0xADF9, 0xADF9, 0xBE5A, 0x8CD4, 0x39A8, 0x0000, 0x9CB5, 0x4209, 0x0000,
    0x0000, 0x3165, 0x734C, 0x9C91, 0xB513, 0xBD53, 0xB533, 0xB533, 0x734C, 0x0000, 0x0000, 0x0000,
    0x2946, 0x9C94, 0xC5F9, 0xA474, 0x2966, 0x7453, 0x8CF6, 0x84B5, 0x84D6, 0x84D6, 0x84D5, 0x8D17,
    0x6C12, 0x73F0, 0x0000, 0xCEFC, 0xCEFC, 0xCF1C, 0xCEFC, 0xCEFC, 0xCEFC, 0xCEFC, 0xCEFC, 0xCEFC,
    0xCEFC, 0xD75D, 0x636E, 0x7453, 0x8D16, 0x84D6, 0x84D6, 0x84D6, 0x84B5, 0x8D17, 0x6BD1, 0x39C8,
    0x0000, 0xC5F9, 0xB597, 0x41E9, 0x0000, 0x0000, 0x5269, 0x942F, 0xBD94, 0x8C0F, 0x0000, 0x0000,
    0x0000, 0x0000, 0x0000, 0x0000, 0x0000, 0x39C8, 0x9CB4, 0x9CB5, 0x39A8, 0x9D56, 0xB63A, 0xADF9,
    0xB5F9, 0xAE19, 0xAE19, 0xADD8, 0xB65A, 0x9D35, 0x638F, 0xB61A, 0xB619, 0x9557, 0x84B5, 0x10A3,
    0x0000, 0x0000, 0x0000, 0x0000, 0x0000, 0x0000, 0x0000, 0x0000, 0x0000, 0x0000, 0x0000, 0x0000,
    0x0000, 0x0000, 0x0000, 0x0000, 0x0000, 0x0000, 0x0000, 0x0000, 0x0000, 0x0000, 0x0000, 0x0000,
    0x0882, 0x8495, 0x84D6, 0xA5B8, 0xB63A, 0x8CD5, 0x3A29, 0xB619, 0xB63A, 0xADF8, 0xAE19, 0xADF9,
    0xB619, 0xADD8, 0x4A6B, 0x9454, 0x6B0E, 0x0000, 0x0000, 0x4A28, 0xA4B1, 0xCDD5, 0xD636, 0xDE57,
    0xDE77, 0xDE78, 0xDE98, 0xCDD5, 0x20E3, 0x0000, 0x0000, 0x0000, 0x0000, 0x0000, 0x732E, 0x0000,
    0x7B90, 0x31C8, 0x8CF6, 0x84D5, 0x84D6, 0x84D6, 0x84D6, 0x84B5, 0x8CF6, 0x4A8B, 0xBE7A, 0xD73D,
    0xCEFC, 0xCF1D, 0xCF1C, 0xCF1C, 0xCF1C, 0xCF1C, 0xCF1C, 0xCEFC, 0xD73D, 0xB5F8, 0x4A8B, 0x8D17,
    0x84B6, 0x84D6, 0x84D6, 0x84D6, 0x84D6, 0x84D5, 0x2987, 0x8C12, 0x0000, 0x9432, 0x1082, 0x0000,
    0x5A89, 0xB533, 0xD616, 0xDE57, 0xE698, 0x2924, 0x0000, 0x0000, 0x0000, 0x0000, 0x0000, 0x18E3,
    0x18E3, 0x0000, 0x0000, 0x6B0E, 0x8C13, 0x52CC, 0xB63A, 0xAE19, 0xADF9, 0xAE19, 0xADF9, 0xBE5A,
    0xA597, 0x39E8, 0x9D56, 0xBE3A, 0xA5B8, 0x84F6, 0x7C74, 0x0000, 0x0000, 0x0000, 0x0000, 0x0000,
    0x0000, 0x0000, 0x0000, 0x0000, 0x0000, 0x0000, 0x0000, 0x0000, 0x0000, 0x0000, 0x0000, 0x0000,
    0x0000, 0x0000, 0x0000, 0x0000, 0x0000, 0x0000, 0x0000, 0x0000, 0x0000, 0x7412, 0x84D6, 0x84D6,
    0xA5B8, 0xBEBC, 0x63B0, 0x2987, 0xA597, 0xB63A, 0xB619, 0xB619, 0xB63A, 0x8473, 0x83F2, 0x4A2A,
    0x0000, 0x2924, 0xA491, 0xD5F6, 0xD636, 0xDEB8, 0xEF1A, 0x0000, 0x0000, 0x0000, 0x0000, 0x736C,
    0x0000, 0x0000, 0x0000, 0x0000, 0x0000, 0x0000, 0x0000, 0x62CC, 0x0000, 0x4A2A, 0x5B2E, 0x8D17,
    0x84B5, 0x84D5, 0x7CB5, 0x84D6, 0x9558, 0x530E, 0x8431, 0x0000, 0xCEFC, 0xD71D, 0xD71D, 0xD71D,
    0xD71D, 0xD71C, 0xCF1C, 0xCEFC, 0x0000, 0x73EF, 0x5B4F, 0x9558, 0x8CF6, 0x84B5, 0x84D6, 0x84B5,
    0x8D17, 0x4ACC, 0x5AAC, 0x0000, 0x83B0, 0x0000, 0x0000, 0x9450, 0xD637, 0xDE77, 0xE6D9, 0x0000,
    0xCE36, 0x0000, 0x0000, 0x0000, 0x0000, 0x0000, 0x0000, 0x0000, 0x0000, 0x2104, 0x0000, 0x0000,
    0x4A2A, 0x7BB1, 0x8CD4, 0xB65A, 0xB619, 0xADF9, 0xBE5B, 0x9D56, 0x2966, 0x7C53, 0xC69C, 0x9D98,
    0x84D5, 0x8D17, 0x6BD1, 0x0000, 0x0000, 0x0000, 0x0000, 0x0000, 0x0000, 0x0000, 0x0000, 0x0000,
    0x0000, 0x0000, 0x0000, 0x0000, 0x0000, 0x0000, 0x0000, 0x0000, 0x0000, 0x0000, 0x0000, 0x0000,
    0x0000, 0x0000, 0x0000, 0x0000, 0x0000, 0x6370, 0x8CF7, 0x7C94, 0x6BD1, 0x6BF1, 0x8D16, 0x4AED,
    0x1905, 0x7C53, 0xA5B9, 0x9557, 0x9537, 0x8433, 0x3187, 0x0000, 0x5AAA, 0xCDB5, 0xD616, 0xDEB8,
    0xF75A, 0x0000, 0x0000, 0x0000, 0x0000, 0x0000, 0x0000, 0x2124, 0x0000, 0x0000, 0x0000, 0x0000,
    0x0000, 0x2104, 0x4228, 0x0000, 0x6B0D, 0x9454, 0x31E9, 0x84D6, 0x84D6, 0x84D5, 0x84B5, 0xADD8,
    0xAE19, 0x7453, 0x4A6A, 0x0000, 0xD71C, 0xD73D, 0xD73D, 0xD73D, 0xD73D, 0xD73D, 0xD71C, 0xCF1D,
    0xD71C, 0x4249, 0x7C74, 0xADF9, 0xA5B8, 0x84B5, 0x84D5, 0x84D6, 0x7C94, 0x3A09, 0x0000, 0x8BF1,
    0x0000, 0x18C3, 0xACF3, 0xDE57, 0xE6F9, 0x0000, 0x0000, 0x0000, 0xB573, 0x0000, 0x0000, 0x0000,
    0x0000, 0x0000, 0x0000, 0x9491, 0xB596, 0x0000, 0x0000, 0x4207, 0x0000, 0x3167, 0x8474, 0x9557,
    0x9557, 0x9D98, 0x7412, 0x1925, 0x5B4F, 0x8CD5, 0x6BD0, 0x6C12, 0x7CB5, 0x8D17, 0x532E, 0x0000,
    0x0000, 0x0000, 0x0000, 0x0000, 0x0000, 0x0000, 0x0000, 0x0000, 0x0000, 0x0000, 0x0000, 0x0000,
    0x0000, 0x0000, 0x0000, 0x0000, 0x0000, 0x0000, 0x0000, 0x0000, 0x0000, 0x0000, 0x0000, 0x0000,
    0x0000, 0x4ACD, 0x8CF7, 0xA598, 0x9D56, 0x6BD0, 0x4AAB, 0x426B, 0x18E4, 0x0000, 0x52ED, 0x84B5,
    0x7C54, 0x2946, 0x0000, 0x8C2F, 0xE698, 0xDE57, 0xEF19, 0xF77A, 0xF75A, 0xF75A, 0x0000, 0x0000,
    0x0000, 0x0000, 0xE6F9, 0x0000, 0x0000, 0x0000, 0x0000, 0x0000, 0x0000, 0xBDF7, 0x0000, 0x528A,
    0x0000, 0x7BB1, 0x5ACD, 0x63D1, 0x8D17, 0x84B5, 0x9D77, 0xB619, 0xB619, 0xA5B9, 0x31E9, 0xB618,
    0x0000, 0xD71D, 0x0000, 0x0000, 0x0000, 0xD73D, 0xD71C, 0x0000, 0xADD7, 0x3A09, 0xA5D9, 0xB619,
    0xB619, 0x9537, 0x7C95, 0x8D17, 0x5B6F, 0x734F, 0xA4B5, 0x0000, 0x10A2, 0xAD13, 0xDE78, 0xEF3A,
    0x0000, 0x0000, 0x0000, 0x0000, 0xC616, 0x0000, 0x0000, 0x0000, 0x0000, 0x0000, 0x0000, 0x0000,
    0x0000, 0x0000, 0x0000, 0xC595, 0x7B6C, 0x0000, 0x31C8, 0x8CB5, 0x8495, 0x426B, 0x0000, 0x2125,
    0x424A, 0x52CC, 0x7411, 0xA577, 0x9D77, 0x8D17, 0x426B, 0x0000, 0x0000, 0x0000, 0x0000, 0x0000,
    0x0000, 0x0000, 0x0000, 0x0000, 0x0000, 0x0000, 0x0000, 0x0000, 0x0000, 0x0000, 0x0000, 0x0000,
    0x0000, 0x0000, 0x0000, 0x0000, 0x0000, 0x0000, 0x0000, 0x0000, 0x0000, 0x424A, 0x8D17, 0xADF9,
    0xBE7B, 0xB61A, 0x8CD4, 0x52ED, 0x31C8, 0x1905, 0x10A3, 0x7432, 0x52CC, 0x0000, 0x0000, 0x5269,
    0x9470, 0xE6F9, 0x0000, 0x0000, 0x0000, 0x0000, 0xF75A, 0xF75A, 0xF75A, 0x0000, 0xEF1A, 0x18C2,
    0x0000, 0x0000, 0x0000, 0x0000, 0x0000, 0x5ACA, 0xB596, 0x2965, 0x0000, 0x10A3, 0x6B50, 0x5B4F,
    0x8D17, 0x84D6, 0xADF9, 0xB619, 0xB5F9, 0xBE7B, 0x4AAC, 0x8C92, 0x0000, 0xD71C, 0x0000, 0x0000,
    0x0000, 0x0000, 0xD71C, 0x0000, 0x7C30, 0x530E, 0xBE7B, 0xADF8, 0xB619, 0xA5B8, 0x84B5, 0x84F6,
    0x634F, 0x9454, 0x2945, 0x0000, 0xA4B1, 0xE698, 0xF77A, 0x0000, 0x0000, 0x0000, 0x0000, 0x0000,
    0x0000, 0x2124, 0x0000, 0x0000, 0x0000, 0x0000, 0x0000, 0x0000, 0x0000, 0x0000, 0x2924, 0x8BEE,
    0x4A28, 0x0000, 0x0000, 0x5B4F, 0x6BD1, 0x10C3, 0x2145, 0x31E9, 0x530E, 0x8D16, 0xB63A, 0xBE7A,
    0xADD8, 0x8CF7, 0x3209, 0x0000, 0x0000, 0x0000, 0x0000, 0x0000, 0x0000, 0x0000, 0x0000, 0x0000,
    0x0000, 0x0000, 0x0000, 0x0000, 0x0000, 0x0000, 0x0000, 0x0000, 0x0000, 0x0000, 0x0000, 0x0000,
    0x0000, 0x0000, 0x0000, 0x0000, 0x0000, 0x3A2A, 0x8D17, 0x8CD5, 0x636F, 0x3A2A, 0x428B, 0x5B2F,
    0x530E, 0x5B6F, 0x84B4, 0xA598, 0xA598, 0x73B0, 0x3187, 0x0000, 0x0000, 0x0000, 0x4207, 0x8C2F,
    0xCE16, 0xF75A, 0x0000, 0x0000, 0x0000, 0x0000, 0x0000, 0x4A48, 0x0000, 0x0000, 0x0000, 0x0000,
    0x0000, 0x0000, 0x0000, 0x0000, 0x0000, 0x0000, 0x39A8, 0x73B1, 0x7CB5, 0x9517, 0xB619, 0xB619,
    0xADF9, 0xBE9B, 0x73F1, 0x632D, 0x0000, 0xD73C, 0x0000, 0x0000, 0x0000, 0x0000, 0xD71D, 0x0000,
    0x5AEC, 0x7C73, 0xBE7A, 0xADF9, 0xAE19, 0xADF9, 0x8CF6, 0x7C94, 0x7BD2, 0x4A4B, 0x0000, 0x736C,
    0xE698, 0xEF3A, 0xF75A, 0xF75A, 0xF75A, 0xF75A, 0xF75A, 0xEF5A, 0x0000, 0xAD53, 0x0000, 0x0000,
    0x0000, 0x0000, 0x0000, 0x0000, 0x0000, 0x0000, 0x0000, 0x0000, 0x0000, 0x3187, 0x73B0, 0xA597,
    0xA598, 0x8CF5, 0x6390, 0x532E, 0x530E, 0x428B, 0x426B, 0x63B0, 0x84B5, 0x84F7, 0x31E8, 0x0000,
    0x0000, 0x0000, 0x0000, 0x0000, 0x0000, 0x0000, 0x0000, 0x0000, 0x0000, 0x0000, 0x0000, 0x0000,
    0x0000, 0x0000, 0x0000, 0x0000, 0x0000, 0x0000, 0x0000, 0x0000, 0x0000, 0x0000, 0x0000, 0x0000,
    0x0000, 0x428B, 0x8D17, 0x63B1, 0x6C12, 0x8CF6, 0x6C12, 0x530D, 0x7C11, 0xB619, 0xCEFC, 0xCEFC,
    0xCEFC, 0xCEFC, 0xA557, 0x6B4F, 0x6B4F, 0x4A4A, 0x10C3, 0x0000, 0x0000, 0x1081, 0x4227, 0x83EE,
    0xB553, 0xCE57, 0x0000, 0xC616, 0x0000, 0x0000, 0x0000, 0x0000, 0x0000, 0x0000, 0x0000, 0x0000,
    0x18C3, 0x39C6, 0x0000, 0x6B70, 0x84B5, 0x9D77, 0xB639, 0xB619, 0xB619, 0xBE5A, 0x9535, 0x4A8B,
    0x0000, 0x0000, 0x0000, 0x0000, 0x0000, 0x0000, 0x0000, 0x0000, 0x4A8A, 0xA597, 0xB63A, 0xAE19,
    0xAE19, 0xB619, 0x9557, 0x7C95, 0x7390, 0x0000, 0x39A6, 0xDE78, 0x0000, 0x0000, 0x0000, 0x0000,
    0x0000, 0x0000, 0x0000, 0x0000, 0x0000, 0x0000, 0x73AD, 0x0000, 0x0000, 0x0000, 0x0000, 0x0000,
    0x0000, 0x2104, 0x4A2A, 0x630E, 0x7370, 0xAD98, 0xCEFC, 0xCEFC, 0xCEDC, 0xC6BB, 0xADB7, 0x73D0,
    0x530E, 0x6C12, 0x84D5, 0x6BD1, 0x63B1, 0x8D17, 0x3A29, 0x0000, 0x0000, 0x0000, 0x0000, 0x0000,
    0x0000, 0x0000, 0x0000, 0x0000, 0x0000, 0x0000, 0x0000, 0x0000, 0x0000, 0x0000, 0x0000, 0x0000,
    0x0000, 0x0000, 0x0000, 0x0000, 0x0000, 0x0000, 0x0000, 0x0000, 0x0000, 0x532E, 0x8CF7, 0x8D16,
    0x7C95, 0x4AAC, 0x636E, 0xB5F8, 0x0000, 0x0000, 0xD71D, 0xD71C, 0xD71D, 0xD71D, 0xD73D, 0xAD97,
    0x630D, 0x83D1, 0x0000, 0xA4F5, 0x7BF0, 0x4A69, 0x18E3, 0x0000, 0x0000, 0x0000, 0x0000, 0x2924,
    0x0000, 0x0000, 0x0000, 0x0000, 0x0000, 0x0000, 0x0000, 0x0000, 0x62CB, 0x9470, 0x0000, 0x31C8,
    0x8D17, 0xADD8, 0xB619, 0xB619, 0xB619, 0xB619, 0xADF9, 0x4A8A, 0xD6FC, 0x0000, 0x0000, 0x0000,
    0x0000, 0x0000, 0x0000, 0xCEBB, 0x4A8A, 0xB639, 0xB619, 0xAE19, 0xADF9, 0xB619, 0xA5B8, 0x8CF6,
    0x31A8, 0x0000, 0x942F, 0xC5F6, 0xC5F5, 0xBD94, 0xAD33, 0x9CB1, 0x840F, 0x736C, 0x5AA9, 0x39C6,
    0x2103, 0x0000, 0x0000, 0x0000, 0x0000, 0x2145, 0x4A8A, 0x73CF, 0x9CF5, 0x0000, 0x7B91, 0x6B6F,
    0xB5D8, 0xD73D, 0xD71C, 0xD71C, 0xCEFC, 0xD71C, 0xD75D, 0xD73D, 0xB5F8, 0x636E, 0x4AAC, 0x7C95,
    0x84F6, 0x8517, 0x4ACC, 0x0000, 0x0000, 0x0000, 0x0000, 0x0000, 0x0000, 0x0000, 0x0000, 0x0000,
    0x0000, 0x0000, 0x0000, 0x0000, 0x0000, 0x0000, 0x0000, 0x0000, 0x0000, 0x0000, 0x0000, 0x0000,
    0x0000, 0x0000, 0x0000, 0x0000, 0x0000, 0x6BF2, 0x8D17, 0x6BF2, 0x5B2D, 0xADB7, 0x0000, 0xD73D,
    0xCEFC, 0xCEFC, 0xD71D, 0xD71D, 0xD71D, 0xD71C, 0xD71C, 0x0000, 0xC69A, 0x634D, 0x4209, 0x7B70,
    0x0000, 0xBDFA, 0xC63A, 0xB5D8, 0xA535, 0x7C30, 0x5B2C, 0x4228, 0x3186, 0x2104, 0x10A2, 0x0000,
    0x0000, 0x0000, 0x0000, 0x0000, 0x0000, 0x0000, 0x0000, 0x0000, 0x84B4, 0xB65A, 0xB619, 0xB619,
    0xB619, 0xB619, 0xBE5A, 0x52CC, 0xC67A, 0x0000, 0x0000, 0x0000, 0x0000, 0x0000, 0x0000, 0xB618,
    0x52CB, 0xBE7B, 0xB619, 0xB619, 0xB619, 0xAE19, 0xB63A, 0x7C73, 0x0000, 0x0000, 0x0000, 0x0000,
    0x0000, 0x0000, 0x0000, 0x0000, 0x0000, 0x0000, 0x10A2, 0x2145, 0x3A08, 0x5AEC, 0x7C10, 0x9D14,
    0xAD97, 0xBDF9, 0xBDDA, 0x0000, 0x7370, 0x4209, 0x73CF, 0xCEDB, 0x0000, 0xD71C, 0xD71C, 0xD71C,
    0xD71C, 0xD71C, 0xD71C, 0xCEFC, 0xD73D, 0x0000, 0xADB7, 0x5B4E, 0x6C12, 0x8D17, 0x6BD1, 0x0000,
    0x0000, 0x0000, 0x0000, 0x0000, 0x0000, 0x0000, 0x0000, 0x0000, 0x0000, 0x0000, 0x0000, 0x0000,
    0x0000, 0x0000, 0x0000, 0x0000, 0x0000, 0x0000, 0x0000, 0x0000, 0x0000, 0x0000, 0x0000, 0x0000,
    0x10C3, 0x84B5, 0x7454, 0x7C73, 0xC6BB, 0xD73D, 0xCEDC, 0xCEFC, 0xCEFC, 0xCEFC, 0xD71C, 0xD73D,
    0x0000, 0x0000, 0x0000, 0x0000, 0x0000, 0x0000, 0xADB7, 0x52CB, 0x39A8, 0x5A8D, 0x8C13, 0x0000,
    0xBDB9, 0xC5FA, 0xCE5B, 0xD67B, 0xCE5A, 0xC619, 0xB5B8, 0x0000, 0x9CF4, 0x9473, 0x83F1, 0x734E,
    0x5A8B, 0x524A, 0x5ACC, 0x6BAF, 0xBE7A, 0xBE7A, 0xAE19, 0xB619, 0xB619, 0xAE19, 0xBE7B, 0x634E,
    0xBE38, 0x0000, 0x0000, 0x0000, 0x0000, 0x0000, 0x0000, 0xADB6, 0x634E, 0xBE9B, 0xAE19, 0xB619,
    0xB619, 0xADF9, 0xBE7A, 0xBE7A, 0x73CF, 0x62ED, 0x528B, 0x62ED, 0x7BB0, 0x8C32, 0x9C94, 0xA515,
    0x0000, 0xBDD8, 0xC619, 0xC63A, 0xCE3A, 0xCE3A, 0xC5FA, 0xBD79, 0xA4D6, 0x83B1, 0x526B, 0x39A8,
    0x632C, 0xBE38, 0x0000, 0x0000, 0x0000, 0x0000, 0x0000, 0x0000, 0xD73C, 0xD71C, 0xD71D, 0xD71C,
    0xCEFC, 0xCEFC, 0xD75E, 0xCEDC, 0x8493, 0x7C74, 0x84B5, 0x10A3, 0x0000, 0x0000, 0x0000, 0x0000,
    0x0000, 0x0000, 0x0000, 0x0000, 0x0000, 0x0000, 0x0000, 0x0000, 0x0000, 0x0000, 0x0000, 0x0000,
    0x0000, 0x0000, 0x0000, 0x0000, 0x0000, 0x0000, 0x0000, 0x0000, 0x424A, 0x8CF7, 0x9556, 0xC6BB,
    0xC6DC, 0xC6DC, 0xCEFC, 0xCEFC, 0xD71C, 0xD75D, 0x0000, 0x0000, 0x0000, 0x0000, 0x0000, 0x0000,
    0x0000, 0x0000, 0x0000, 0x0000, 0xBE38, 0x73CF, 0x4229, 0x41E8, 0x526B, 0x6AED, 0x7B90, 0x8BF2,
    0x9413, 0x9433, 0x8C12, 0x83D1, 0x7B90, 0x732E, 0x62ED, 0x6B2E, 0x8C52, 0xBE19, 0x0000, 0x0000,
    0xD73D, 0xCEDC, 0xB619, 0xB619, 0xB619, 0xAE19, 0xBE7B, 0x73D0, 0xB5F7, 0x0000, 0x0000, 0x0000,
    0x0000, 0x0000, 0x0000, 0xA596, 0x73F0, 0xBE9B, 0xB619, 0xB619, 0xB619, 0xB619, 0xCEFC, 0xD73D,
    0x0000, 0xD73D, 0xB5F8, 0x8C52, 0x736F, 0x6B2E, 0x7B4F, 0x83B1, 0x8C12, 0x9433, 0x9433, 0x9432,
    0x8BD1, 0x7B6F, 0x62CD, 0x4A0A, 0x39C8, 0x4A49, 0x7C30, 0xC67A, 0x0000, 0x0000, 0x0000, 0x0000,
    0x0000, 0x0000, 0x0000, 0x0000, 0x0000, 0x0000, 0x0000, 0xD71C, 0xD71C, 0xCF1C, 0xCEFC, 0xCF1C,
    0xC6DC, 0x9D57, 0x8CF7, 0x3A2A, 0x0000, 0x0000, 0x0000, 0x0000, 0x0000, 0x0000, 0x0000, 0x0000,
    0x0000, 0x0000, 0x0000, 0x0000, 0x0000, 0x0000, 0x0000, 0x0000, 0x0000, 0x0000, 0x0000, 0x0000,
    0x0000, 0x0000, 0x0000, 0x0000, 0x6BD2, 0x9578, 0xB65A, 0xC6DC, 0xC6DC, 0xCEDC, 0xCEFC, 0xD73D,
    0x0000, 0xE67A, 0xDD97, 0x0000, 0xDC94, 0xDCB4, 0x0000, 0x0000, 0xE619, 0x0000, 0x0000, 0x0000,
    0x0000, 0x0000, 0x0000, 0xBE18, 0x8C92, 0x6B6D, 0x52AA, 0x4249, 0x4229, 0x4229, 0x4A6A, 0x52CB,
    0x6B6E, 0x8472, 0xA596, 0xC6BA, 0x0000, 0x0000, 0xD71C, 0xD6FC, 0xCF1C, 0xD73D, 0xBE9B, 0xAE19,
    0xB639, 0xAE19, 0xBE7B, 0x7C31, 0xADD7, 0x0000, 0x0000, 0x0000, 0x0000, 0x0000, 0x0000, 0xAD96,
    0x8472, 0xBE9B, 0xB619, 0xB61A, 0xB619, 0xBE9B, 0xCF1C, 0xCEFC, 0xCEFC, 0xD71C, 0x0000, 0xD73D,
    0xC67A, 0x9D55, 0x7C51, 0x636D, 0x52CB, 0x4A6A, 0x4229, 0x4229, 0x4A49, 0x52CB, 0x6B8E, 0x94D3,
    0xBE39, 0x0000, 0x0000, 0x0000, 0x0000, 0x0000, 0x0000, 0xE639, 0x0000, 0xDCD4, 0xDCB4, 0xDCB4,
    0x0000, 0xE5D8, 0x0000, 0x0000, 0xD73D, 0xCF1C, 0xCEFC, 0xCEFC, 0xCEDC, 0xBE5A, 0x9D78, 0x63B1,
    0x0000, 0x0000, 0x0000, 0x0000, 0x0000, 0x0000, 0x0000, 0x0000, 0x0000, 0x0000, 0x0000, 0x0000,
    0x0000, 0x0000, 0x0000, 0x0000, 0x0000, 0x0000, 0x0000, 0x0000, 0x0000, 0x0000, 0x0000, 0x18E4,
    0x8CF6, 0xADF9, 0xC6BB, 0xC6DC, 0xC6DC, 0xCEFC, 0xD73D, 0xD619, 0xD493, 0xD3D1, 0xDBD1, 0xDBF1,
    0xDBF1, 0xDBF1, 0xDBF1, 0xDBD1, 0xDBB1, 0xDC52, 0xE597, 0x0000, 0x0000, 0x0000, 0x0000, 0x0000,
    0x0000, 0x0000, 0x0000, 0x0000, 0x0000, 0x0000, 0x0000, 0x0000, 0x0000, 0x0000, 0x0000, 0x0000,
    0xD71D, 0xD71D, 0xD71D, 0xD71D, 0xD71C, 0xD71D, 0xCEFC, 0xB619, 0xB619, 0xAE19, 0xBE5A, 0x8CB3,
    0xB5F8, 0x0000, 0x0000, 0x0000, 0x0000, 0x0000, 0x0000, 0xADB7, 0x94F4, 0xBE7B, 0xB619, 0xB63A,
    0xB63A, 0xCEFC, 0xCF1C, 0xCF1C, 0xD71C, 0xD71D, 0xD71C, 0xD71D, 0x0000, 0x0000, 0x0000, 0x0000,
    0x0000, 0x0000, 0x0000, 0x0000, 0x0000, 0x0000, 0x0000, 0x0000, 0x0000, 0x0000, 0x0000, 0x0000,
    0x0000, 0x0000, 0xDC52, 0xDBD1, 0xDBF1, 0xDBF1, 0xDBF1, 0xDBF1, 0xDBF1, 0xDBF1, 0xDC12, 0x0000,
    0xDE7A, 0xD75D, 0xCEFC, 0xCEDC, 0xCEDC, 0xC69B, 0xADF9, 0x84D6, 0x10C3, 0x0000, 0x0000, 0x0000,
    0x0000, 0x0000, 0x0000, 0x0000, 0x0000, 0x0000, 0x0000, 0x0000, 0x0000, 0x0000, 0x0000, 0x0000,
    0x0000, 0x0000, 0x0000, 0x0000, 0x0000, 0x0000, 0x0000, 0x3A2A, 0xA5B9, 0xB639, 0xC6DC, 0xC6BB,
    0xCEDC, 0xCEFC, 0x0000, 0xCB90, 0xD3D1, 0xDC12, 0xDC32, 0xDC32, 0xDC31, 0x0000, 0xEDD7, 0xEDD8,
    0x0000, 0xDBF1, 0xDBD1, 0xDC53, 0xE67A, 0x0000, 0x0000, 0x0000, 0x0000, 0x0000, 0x0000, 0x0000,
    0x0000, 0x0000, 0x0000, 0x0000, 0x0000, 0xD73C, 0x0000, 0x0000, 0x0000, 0x0000, 0xD73D, 0xD71D,
    0xD71C, 0xCF1C, 0xCF1C, 0xB65A, 0xB619, 0xB619, 0xB63A, 0x9535, 0xBE39, 0x0000, 0x0000, 0x0000,
    0x0000, 0x0000, 0x0000, 0xB5F8, 0x9D36, 0xBE5A, 0xB619, 0xB619, 0xBE5A, 0xCF1C, 0xCF1C, 0xD71C,
    0xD71C, 0xD73D, 0xD73D, 0xD73D, 0xD73D, 0xD71D, 0xD71C, 0xD73D, 0x0000, 0x0000, 0x0000, 0x0000,
    0x0000, 0x0000, 0x0000, 0x0000, 0x0000, 0x0000, 0x0000, 0xE619, 0xDC32, 0xDBF1, 0xDC32, 0x0000,
    0xEDF8, 0xEDB7, 0xE4B4, 0xDC32, 0xDC32, 0xDC32, 0xDC12, 0xDBD1, 0xD3D1, 0xD5B7, 0xD73D, 0xCEDC,
    0xCEDC, 0xC6DC, 0xB639, 0xA5B9, 0x3A09, 0x0000, 0x0000, 0x0000, 0x0000, 0x0000, 0x0000, 0x0000,
    0x0000, 0x0000, 0x0000, 0x0000, 0x0000, 0x0000, 0x0000, 0x0000, 0x0000, 0x0000, 0x0000, 0x0000,
    0x0000, 0x0000, 0x0000, 0x6390, 0xADD9, 0xBE7A, 0xC6DC, 0xC6DB, 0xCEFC, 0xCCB4, 0xCB4F, 0xD3D1,
    0xDBF2, 0xDC12, 0xDC32, 0xDC11, 0xE4B3, 0xF659, 0xFEBB, 0xFEBB, 0xF69B, 0x0000, 0xDC12, 0xE412,
    0xDBF1, 0xE5F8, 0x0000, 0x0000, 0x0000, 0x0000, 0x0000, 0x0000, 0x0000, 0x0000, 0x0000, 0x0000,
    0x0000, 0x0000, 0x0000, 0x0000, 0x0000, 0x0000, 0x0000, 0xD71D, 0xD71C, 0xD71C, 0xD71D, 0xBE7A,
    0xB619, 0xB619, 0xB63A, 0xA577, 0xC69A, 0x0000, 0x0000, 0x0000, 0x0000, 0x0000, 0x0000, 0xBE59,
    0xA577, 0xB65A, 0xB639, 0xB619, 0xBE7B, 0xD71C, 0xD71C, 0xD71D, 0xD73D, 0xD73D, 0xD73D, 0x0000,
    0x0000, 0x0000, 0x0000, 0x0000, 0x0000, 0x0000, 0x0000, 0x0000, 0x0000, 0x0000, 0x0000, 0x0000,
    0x0000, 0x0000, 0xE5B7, 0xDBF1, 0xDC32, 0xDC32, 0xED97, 0x0000, 0x0000, 0x0000, 0xEE19, 0xDC73,
    0xDC11, 0xDC32, 0xDC32, 0xDC12, 0xDBF1, 0xD370, 0x0000, 0xCF1D, 0xCEDC, 0xCEFC, 0xBE7A, 0xADF9,
    0x5B4F, 0x0000, 0x0000, 0x0000, 0x0000, 0x0000, 0x0000, 0x0000, 0x0000, 0x0000, 0x0000, 0x0000,
    0x0000, 0x0000, 0x0000, 0x0000, 0x0000, 0x0000, 0x0000, 0x0000, 0x0000, 0x0000, 0x0000, 0x7C74,
    0xADF9, 0xC69B, 0xC6DC, 0xCF1C, 0x0000, 0xCB4F, 0xD3B1, 0xD3D1, 0xDBF1, 0xDC12, 0xDC32, 0xDC11,
    0xE4B4, 0xF67A, 0xFEBB, 0xF69A, 0xF6BB, 0xF639, 0xDC52, 0xDC11, 0xDC32, 0xDBF1, 0xE63A, 0x0000,
    0x0000, 0x0000, 0x0000, 0x0000, 0x0000, 0x0000, 0x0000, 0x0000, 0x0000, 0x0000, 0x0000, 0xD73D,
    0x0000, 0x0000, 0xD73D, 0xD73D, 0xD71D, 0xD71D, 0xD71D, 0xBE9B, 0xB619, 0xB639, 0xB63A, 0xADD8,
    0xCEDC, 0x0000, 0x0000, 0x0000, 0x0000, 0x0000, 0x0000, 0xC6BB, 0xA5D8, 0xB63A, 0xB639, 0xB619,
    0xC69B, 0xD71D, 0xD71C, 0xD73D, 0xD73D, 0xD73D, 0x0000, 0x0000, 0x0000, 0x0000, 0x0000, 0x0000,
    0x0000, 0x0000, 0x0000, 0x0000, 0x0000, 0x0000, 0x0000, 0x0000, 0x0000, 0xE618, 0xDBF1, 0xE432,
    0xDC11, 0xE493, 0xF69A, 0xFEBB, 0xF69A, 0xFEBB, 0xF639, 0xE493, 0xDC32, 0xE432, 0xDC32, 0xDC12,
    0xDBF2, 0xD3D1, 0xCB4F, 0xCDB7, 0xCF1D, 0xCEDC, 0xC69B, 0xB619, 0x7C73, 0x0000, 0x0000, 0x0000,
    0x0000, 0x0000, 0x0000, 0x0000, 0x0000, 0x0000, 0x0000, 0x0000, 0x0000, 0x0000, 0x0000, 0x0000,
    0x0000, 0x0000, 0x0000, 0x0000, 0x0000, 0x0000, 0x10C3, 0x8D16, 0xB5F9, 0xC6BB, 0xC6FC, 0xCE7A,
    0xC390, 0xCB90, 0xD3B0, 0xD3D1, 0xDBF1, 0xDC12, 0xDC32, 0xDC32, 0xDC32, 0xED97, 0xFEBB, 0xFEBB,
    0xF69A, 0xEDF8, 0xE473, 0xDC12, 0xDC32, 0xDC12, 0xDC32, 0x0000, 0x0000, 0x0000, 0x0000, 0x0000,
    0x0000, 0x0000, 0x0000, 0x0000, 0x0000, 0x0000, 0x0000, 0x0000, 0xD71D, 0xD71C, 0xD73D, 0xD73D,
    0xD73D, 0xD71D, 0xD73D, 0xC69B, 0xB619, 0xB639, 0xB63A, 0xB619, 0xD71C, 0x0000, 0x0000, 0x0000,
    0x0000, 0x0000, 0x0000, 0xD6FC, 0xB619, 0xB639, 0xB639, 0xB619, 0xC6BB, 0xD71D, 0xD71D, 0xD73D,
    0xD73D, 0xD73D, 0x0000, 0x0000, 0x0000, 0x0000, 0x0000, 0x0000, 0x0000, 0x0000, 0x0000, 0x0000,
    0x0000, 0x0000, 0x0000, 0x0000, 0x0000, 0xDC11, 0xE432, 0xDC32, 0xDC11, 0xE493, 0xF659, 0x0000,
    0x0000, 0xF69A, 0x0000, 0xDC32, 0xE432, 0xE432, 0xDC32, 0xDC12, 0xDBF2, 0xD3D1, 0xD370, 0xC3B1,
    0xCE9B, 0xCEFC, 0xC69B, 0xB619, 0x9516, 0x1082, 0x0000, 0x0000, 0x0000, 0x0000, 0x0000, 0x0000,
    0x0000, 0x0000, 0x0000, 0x0000, 0x0000, 0x0000, 0x0000, 0x0000, 0x0000, 0x0000, 0x0000, 0x0000,
    0x0000, 0x0000, 0x2146, 0x9D77, 0xB5F9, 0xC6DB, 0xCF1D, 0x0000, 0xC32F, 0xCBB0, 0xD3B1, 0xD3D1,
    0xDBF1, 0xDC12, 0xDC32, 0xDC32, 0xDC12, 0xDC52, 0x0000, 0xEDF8, 0xEDD7, 0x0000, 0xDC32, 0xDC32,
    0xDC32, 0xDC32, 0xDBF1, 0x0000, 0x0000, 0x0000, 0x0000, 0x0000, 0x0000, 0x0000, 0x0000, 0x0000,
    0x0000, 0x0000, 0x0000, 0x0000, 0x0000, 0xD71C, 0xD73D, 0xD73D, 0xD73D, 0xD73D, 0xD73D, 0xC69B,
    0xB619, 0xB639, 0xB619, 0xB63A, 0xD73D, 0x0000, 0x0000, 0x0000, 0x0000, 0x0000, 0x0000, 0xD71C,
    0xB63A, 0xB639, 0xB639, 0xB619, 0xC6BB, 0xD71D, 0xD71D, 0xD73D, 0xD73D, 0x0000, 0x0000, 0x0000,
    0x0000, 0x0000, 0x0000, 0x0000, 0x0000, 0x0000, 0x0000, 0x0000, 0x0000, 0x0000, 0x0000, 0x0000,
    0x0000, 0xDBF1, 0xDC32, 0xDC32, 0xDC32, 0xDC32, 0x0000, 0xEE18, 0xEDF8, 0x0000, 0xDC52, 0xDC32,
    0xDC32, 0xDC32, 0xDC32, 0xDC12, 0xDC12, 0xD3D1, 0xD3B0, 0xCB2F, 0x0000, 0xCF1C, 0xC6BB, 0xB619,
    0x9D78, 0x1905, 0x0000, 0x0000, 0x0000, 0x0000, 0x0000, 0x0000, 0x0000, 0x0000, 0x0000, 0x0000,
    0x0000, 0x0000, 0x0000, 0x0000, 0x0000, 0x0000, 0x0000, 0x0000, 0x0000, 0x0000, 0x29A7, 0xA5B8,
    0xAE19, 0xC6DC, 0xCEDC, 0xC3F1, 0xCB6F, 0xCB90, 0xD3B1, 0xD3D1, 0xDBF1, 0xDC12, 0xDC32, 0xDC32,
    0xDC32, 0xDC32, 0xDC11, 0xDC32, 0xDC52, 0xDC12, 0xDC32, 0xDC32, 0xDC32, 0xDC32, 0xDC32, 0xDC32,
    0x0000, 0x0000, 0x0000, 0x0000, 0x0000, 0x0000, 0x0000, 0x0000, 0x0000, 0x0000, 0x0000, 0x0000,
    0x0000, 0xD73D, 0xD73D, 0x0000, 0xD73D, 0xD73D, 0xD73D, 0xC69B, 0xB619, 0xB639, 0xB619, 0xB63A,
    0xD73D, 0x0000, 0x0000, 0x0000, 0x0000, 0x0000, 0x0000, 0xD71D, 0xB63A, 0xB639, 0xB639, 0xB619,
    0xC69B, 0xD73D, 0xD71C, 0xD73D, 0x0000, 0x0000, 0x0000, 0x0000, 0x0000, 0x0000, 0x0000, 0x0000,
    0x0000, 0x0000, 0x0000, 0x0000, 0x0000, 0x0000, 0x0000, 0x0000, 0xDC32, 0xE432, 0xE432, 0xE432,
    0xE432, 0xDC32, 0xDC32, 0xDC73, 0xDC52, 0xDC12, 0xDC32, 0xDC32, 0xDC32, 0xE432, 0xDC32, 0xDC12,
    0xDBF2, 0xD3D1, 0xCBB0, 0xCB4F, 0xC432, 0xCEDC, 0xC6BB, 0xB619, 0xA5B8, 0x2146, 0x0000, 0x0000,
    0x0000, 0x0000, 0x0000, 0x0000, 0x0000, 0x0000, 0x0000, 0x0000, 0x0000, 0x0000, 0x0000, 0x0000,
    0x0000, 0x0000, 0x0000, 0x0000, 0x0000, 0x0000, 0x31C8, 0xA5B8, 0xAE18, 0xC6DC, 0xCE5A, 0xC390,
    0xCB90, 0xCB90, 0xD3B1, 0xD3D1, 0xDBF1, 0xDC12, 0xDC32, 0xDC32, 0xDC32, 0xDC32, 0xDC32, 0xDC31,
    0xDC11, 0xDC32, 0xDC32, 0xE432, 0xDC32, 0xDC32, 0xDC32, 0xDBF1, 0xE619, 0x0000, 0x0000, 0x0000,
    0x0000, 0x0000, 0x0000, 0x0000, 0x0000, 0x0000, 0x0000, 0x0000, 0x0000, 0x0000, 0xD73D, 0xD73D,
    0xD73D, 0xD73D, 0xD73D, 0xBE7A, 0xB619, 0xB639, 0xB619, 0xBE5A, 0x0000, 0x0000, 0x0000, 0x0000,
    0x0000, 0x0000, 0x0000, 0xD73D, 0xB65A, 0xB639, 0xB639, 0xB619, 0xBE7A, 0xD73D, 0xD71C, 0xD73D,
    0x0000, 0x0000, 0x0000, 0x0000, 0x0000, 0x0000, 0x0000, 0x0000, 0x0000, 0x0000, 0x0000, 0x0000,
    0x0000, 0x0000, 0x0000, 0xE5F8, 0xDBF1, 0xE452, 0xE432, 0xE432, 0xE432, 0xE432, 0xDC32, 0xDC32,
    0xE432, 0xE432, 0xE432, 0xE432, 0xDC32, 0xDC32, 0xDC12, 0xDC12, 0xDBF1, 0xD3D1, 0xCB90, 0xCB6F,
    0xC390, 0xCE7A, 0xC6BB, 0xADF8, 0xA598, 0x2166, 0x0000, 0x0000, 0x0000, 0x0000, 0x0000, 0x0000,
    0x0000, 0x0000, 0x0000, 0x0000, 0x0000, 0x0000, 0x0000, 0x0000, 0x0000, 0x0000, 0x0000, 0x0000,
    0x0000, 0x0000, 0x2987, 0x9D98, 0xADF9, 0xC6DC, 0xCE19, 0xC34F, 0xCB90, 0xCB90, 0xCBB0, 0xD3D1,
    0xD3F1, 0xDC11, 0xDC32, 0xDC32, 0xDC32, 0xDC32, 0xDC32, 0xDC32, 0xDC32, 0xDC32, 0xDC32, 0xDC32,
    0xE432, 0xE432, 0xE432, 0xDBF1, 0x0000, 0x0000, 0x0000, 0x0000, 0x0000, 0x0000, 0x0000, 0x0000,
    0x0000, 0x0000, 0x0000, 0x0000, 0x0000, 0x0000, 0x0000, 0xD71D, 0xD71D, 0xD73D, 0xD71C, 0xB65A,
    0xB619, 0xB639, 0xB619, 0xBE5A, 0x0000, 0x0000, 0x0000, 0x0000, 0x0000, 0x0000, 0x0000, 0x0000,
    0xBE5A, 0xB639, 0xB639, 0xB619, 0xBE5A, 0xD71C, 0xD71C, 0xD73D, 0x0000, 0x0000, 0x0000, 0x0000,
    0x0000, 0x0000, 0x0000, 0x0000, 0x0000, 0x0000, 0x0000, 0x0000, 0x0000, 0x0000, 0x0000, 0x0000,
    0xDBF1, 0xE432, 0xE432, 0xE432, 0xE432, 0xE432, 0xE432, 0xE432, 0xE432, 0xDC32, 0xDC32, 0xE432,
    0xDC32, 0xDC32, 0xDC12, 0xDBF1, 0xD3D1, 0xCBB1, 0xCB90, 0xCB6F, 0xC34F, 0xCE19, 0xBEBB, 0xADF9,
    0x9D78, 0x2146, 0x0000, 0x0000, 0x0000, 0x0000, 0x0000, 0x0000, 0x0000, 0x0000, 0x0000, 0x0000,
    0x0000, 0x0000, 0x0000, 0x0000, 0x0000, 0x0000, 0x0000, 0x0000, 0x0000, 0x0000, 0x2125, 0x9557,
    0xADF9, 0xBEBB, 0xCE19, 0xC34F, 0xCB70, 0xCB90, 0xCB90, 0xD3B0, 0xD3D1, 0xD3F1, 0xDC11, 0xDC12,
    0xDC32, 0xDC32, 0xDC32, 0xDC32, 0xDC32, 0xDC32, 0xDC32, 0xDC32, 0xDC32, 0xDC32, 0xDC32, 0xDBF1,
    0x0000, 0x0000, 0x0000, 0x0000, 0x0000, 0x0000, 0x0000, 0x0000, 0x0000, 0x0000, 0x0000, 0x0000,
    0x0000, 0x0000, 0xD73D, 0xD73D, 0xD73D, 0xD73D, 0xCEFC, 0xB619, 0xB619, 0xB639, 0xB619, 0xC69B,
    0x0000, 0x0000, 0x0000, 0x0000, 0x0000, 0x0000, 0x0000, 0x0000, 0xBE7A, 0xB619, 0xB639, 0xB639,
    0xB639, 0xCF1C, 0xD73D, 0xD73D, 0x0000, 0x0000, 0x0000, 0x0000, 0x0000, 0x0000, 0x0000, 0x0000,
    0x0000, 0x0000, 0x0000, 0x0000, 0x0000, 0x0000, 0x0000, 0x0000, 0xDBF1, 0xDC32, 0xDC32, 0xE432,
    0xE432, 0xE432, 0xDC32, 0xDC31, 0xDC32, 0xDC32, 0xDC32, 0xDC32, 0xDC32, 0xDC12, 0xDBF2, 0xD3F1,
    0xD3B1, 0xCB90, 0xCB70, 0xCB6F, 0xC34F, 0xCE19, 0xB67A, 0xADF9, 0x9537, 0x18E4, 0x0000, 0x0000,
    0x0000, 0x0000, 0x0000, 0x0000, 0x0000, 0x0000, 0x0000, 0x0000, 0x0000, 0x0000, 0x0000, 0x0000,
    0x0000, 0x0000, 0x0000, 0x0000, 0x0000, 0x0000, 0x10A3, 0x84D6, 0xADF9, 0xB65A, 0xCE5A, 0xC36F,
    0xCB6F, 0xCB70, 0xCB90, 0xCBB0, 0xD3D1, 0xD3F1, 0xDBF1, 0xDC12, 0xDC32, 0xDC32, 0xDC32, 0xDC32,
    0xDC32, 0xDC32, 0xDC32, 0xDC12, 0xDC32, 0xDC32, 0xDC32, 0xDBF1, 0x0000, 0x0000, 0x0000, 0x0000,
    0x0000, 0x0000, 0x0000, 0x0000, 0x0000, 0x0000, 0x0000, 0x0000, 0x0000, 0x0000, 0xD73D, 0xD73D,
    0xD71D, 0xD73D, 0xC6BB, 0xB619, 0xB619, 0xB639, 0xB619, 0xBE5A, 0x0000, 0x0000, 0x0000, 0x0000,
    0x0000, 0x0000, 0x0000, 0x0000, 0xBE5A, 0xB619, 0xB639, 0xB639, 0xB619, 0xC6DB, 0x0000, 0xD73D,
    0xD73D, 0x0000, 0x0000, 0x0000, 0x0000, 0x0000, 0x0000, 0x0000, 0x0000, 0x0000, 0x0000, 0x0000,
    0x0000, 0x0000, 0x0000, 0xDCD4, 0xDBF1, 0xDC32, 0xE432, 0xDC31, 0xDC32, 0xDC32, 0xDC32, 0xDC32,
    0xE432, 0xDC32, 0xDC32, 0xDC32, 0xDC12, 0xDBF1, 0xD3F1, 0xD3D1, 0xCBB0, 0xCB90, 0xCB70, 0xCB4F,
    0xC370, 0xCE5A, 0xB63A, 0xADF9, 0x7C94, 0x0000, 0x0000, 0x0000, 0x0000, 0x0000, 0x0000, 0x0000,
    0x0000, 0x0000, 0x0000, 0x0000, 0x0000, 0x0000, 0x0000, 0x0000, 0x0000, 0x0000, 0x0000, 0x0000,
    0x0000, 0x0000, 0x0000, 0x6C12, 0xADF9, 0xAE19, 0xC69B, 0xC3D1, 0xC34F, 0xCB6F, 0xCB70, 0xCB90,
    0xD3B0, 0xD3D1, 0xDBF1, 0xDBF1, 0xDC12, 0xDC12, 0xDC32, 0xE432, 0xDC32, 0xDC11, 0xE432, 0xEC73,
    0xE453, 0xDC52, 0xEC73, 0xEC53, 0x0000, 0x0000, 0x0000, 0x0000, 0x0000, 0x0000, 0x0000, 0x0000,
    0x0000, 0x0000, 0x0000, 0x0000, 0xD73D, 0x0000, 0xD73D, 0xD73D, 0xD71C, 0xCF1C, 0xB639, 0xB619,
    0xB639, 0xB63A, 0xA597, 0xB5D7, 0x0000, 0x0000, 0x0000, 0x0000, 0x0000, 0x0000, 0x0000, 0x0000,
    0xADB7, 0xADD8, 0xB65A, 0xB639, 0xB619, 0xBE5A, 0xD71C, 0xD71C, 0xD73D, 0xD73D, 0x0000, 0x0000,
    0x0000, 0x0000, 0x0000, 0x0000, 0x0000, 0x0000, 0x0000, 0x0000, 0x0000, 0x0000, 0x0000, 0x0000,
    0xEC32, 0xE473, 0xE452, 0xEC73, 0xEC73, 0xDC32, 0xDC32, 0xDC32, 0xDC32, 0xDC12, 0xDC12, 0xDC12,
    0xDBF2, 0xD3F1, 0xD3D1, 0xD3B0, 0xCB90, 0xCB70, 0xCB70, 0xC34F, 0xCBF1, 0xC67A, 0xADF9, 0xA5D9,
    0x6390, 0x0000, 0x0000, 0x0000, 0x0000, 0x0000, 0x0000, 0x0000, 0x0000, 0x0000, 0x0000, 0x0000,
    0x0000, 0x0000, 0x0000, 0x0000, 0x0000, 0x0000, 0x0000, 0x0000, 0x0000, 0x0000, 0x0000, 0x4ACD,
    0x9DB8, 0xADF8, 0xB65A, 0xCC94, 0xC32F, 0xC370, 0xCB6F, 0xCB70, 0xCB90, 0xD3B0, 0xD3D1, 0xD3F1,
    0xDC11, 0xDC12, 0xDC11, 0xDC32, 0xDC11, 0xE432, 0xDC32, 0x828B, 0x3925, 0x20A3, 0x3925, 0x8A6B,
    0xEE39, 0x0000, 0x0000, 0x0000, 0x0000, 0x0000, 0x0000, 0x0000, 0x0000, 0x0000, 0x0000, 0xD73D,
    0xD73D, 0xD73D, 0xD71C, 0xD73D, 0x0000, 0xD73D, 0xBE9B, 0xBE7B, 0xB619, 0xBE7B, 0x8473, 0xBE38,
    0x0000, 0x0000, 0x0000, 0x0000, 0x0000, 0x0000, 0x0000, 0x0000, 0xADB7, 0x94D4, 0xBE7B, 0xB639,
    0xBE9B, 0xC69B, 0x0000, 0x0000, 0xD73D, 0xD73D, 0x0000, 0x0000, 0x0000, 0x0000, 0x0000, 0x0000,
    0x0000, 0x0000, 0x0000, 0x0000, 0x0000, 0x0000, 0x0000, 0xDDB7, 0x7A09, 0x3104, 0x20C3, 0x4145,
    0x92CC, 0xE452, 0xE432, 0xDC12, 0xDC12, 0xDC12, 0xDC12, 0xDBF1, 0xD3F1, 0xD3D1, 0xD3B0, 0xCB90,
    0xCB70, 0xCB70, 0xCB70, 0xC32F, 0x0000, 0xB65A, 0xADD8, 0x9D98, 0x426B, 0x0000, 0x0000, 0x0000,
    0x0000, 0x0000, 0x0000, 0x0000, 0x0000, 0x0000, 0x0000, 0x0000, 0x0000, 0x0000, 0x0000, 0x0000,
    0x0000, 0x0000, 0x0000, 0x0000, 0x0000, 0x0000, 0x0000, 0x2146, 0x8D17, 0xA5D8, 0xAE19, 0x0000,
    0xC34F, 0xC370, 0xC36F, 0xCB70, 0xCB70, 0xCB90, 0xCBB0, 0xD3D1, 0xD3F1, 0xD411, 0xDC11, 0xDC11,
    0xE432, 0xCBD0, 0x30E4, 0x0000, 0x0000, 0x0000, 0x0000, 0x0000, 0x4A69, 0x0000, 0x0000, 0x0000,
    0x0000, 0x0000, 0x0000, 0x0000, 0x0000, 0x0000, 0xD73D, 0xD73D, 0xD73D, 0xD71D, 0x0000, 0xD73D,
    0x8472, 0x39E8, 0x426A, 0x8CB3, 0xB639, 0xB639, 0x6BAF, 0xD6FC, 0x0000, 0x0000, 0x0000, 0x0000,
    0x0000, 0x0000, 0x0000, 0x0000, 0xC69A, 0x73F0, 0xBE5A, 0xB619, 0x8452, 0x3A08, 0x39E7, 0x8C92,
    0x0000, 0x0000, 0xD73D, 0xD73D, 0x0000, 0x0000, 0x0000, 0x0000, 0x0000, 0x0000, 0x0000, 0x0000,
    0x0000, 0x0000, 0x0000, 0x39C7, 0x0000, 0x0000, 0x0000, 0x0000, 0x0000, 0x4946, 0xDC12, 0xDC12,
    0xDBF1, 0xDBF1, 0xDBF1, 0xD3D1, 0xD3D1, 0xD3B0, 0xCB90, 0xCB70, 0xCB70, 0xC350, 0xC34F, 0xC34F,
    0xBD97, 0xAE19, 0xA5B8, 0x8CF6, 0x18E4, 0x0000, 0x0000, 0x0000, 0x0000, 0x0000, 0x0000, 0x0000,
    0x0000, 0x0000, 0x0000, 0x0000, 0x0000, 0x0000, 0x0000, 0x0000, 0x0000, 0x0000, 0x0000, 0x0000,
    0x0000, 0x0000, 0x0000, 0x0000, 0x6BD1, 0x9D78, 0xADF9, 0xAE19, 0xBC12, 0xC32F, 0xC370, 0xC350,
    0xC36F, 0xCB70, 0xCB90, 0xCBB0, 0xD3D1, 0xD3D1, 0xD3F1, 0xD3F1, 0xDC12, 0x3904, 0x0000, 0x20A3,
    0x9AEC, 0xC390, 0xB34E, 0x49A7, 0x0000, 0x7BEF, 0x0000, 0x0000, 0x0000, 0x0000, 0x0000, 0x0000,
    0x0000, 0xD73D, 0xD73D, 0xD71D, 0x0000, 0x0000, 0xA576, 0x2966, 0x0000, 0x6B8E, 0x9D35, 0x8492,
    0xADD8, 0xA577, 0x7C30, 0x0000, 0x0000, 0x0000, 0x0000, 0x0000, 0x0000, 0x0000, 0x0000, 0x0000,
    0x0000, 0x7BF0, 0xADD8, 0xADD8, 0x94D3, 0x9514, 0x5B2D, 0x0000, 0x31A6, 0xADB7, 0x0000, 0x0000,
    0x0000, 0x0000, 0x0000, 0x0000, 0x0000, 0x0000, 0x0000, 0x0000, 0x0000, 0x0000, 0x632C, 0x0000,
    0x61E8, 0xC3B0, 0xCBD0, 0x9AEC, 0x2082, 0x0000, 0x5187, 0xE432, 0xD3D1, 0xD3D1, 0xD3B1, 0xD3B0,
    0xCB90, 0xCB90, 0xCB70, 0xCB70, 0xC350, 0xC370, 0xCB2F, 0xBC32, 0xAE19, 0xADF9, 0x9578, 0x6390,
    0x0000, 0x0000, 0x0000, 0x0000, 0x0000, 0x0000, 0x0000, 0x0000, 0x0000, 0x0000, 0x0000, 0x0000,
    0x0000, 0x0000, 0x0000, 0x0000, 0x0000, 0x0000, 0x0000, 0x0000, 0x0000, 0x0000, 0x0000, 0x0000,
    0x2987, 0x8CF7, 0x9D77, 0xB63A, 0xB598, 0xC390, 0xCB4F, 0xC370, 0xC350, 0xCB70, 0xC370, 0xCB90,
    0xCB90, 0xCBB0, 0xCBB0, 0xDBF2, 0x92AC, 0x0000, 0x1061, 0xB32E, 0xE3F1, 0xD390, 0xDC12, 0xDEBB,
    0x1904, 0x18E3, 0x0000, 0x0000, 0x0000, 0x0000, 0xD73D, 0xD73D, 0xD73D, 0xD73D, 0xD73D, 0x0000,
    0xC6BC, 0x5B0D, 0x0000, 0x0000, 0x9D56, 0x0000, 0x0000, 0x0000, 0xD73D, 0x9515, 0xADB6, 0x0000,
    0x0000, 0x0000, 0x0000, 0x0000, 0x0000, 0x0000, 0x0000, 0x0000, 0x0000, 0x9D14, 0xA596, 0x0000,
    0x0000, 0x0000, 0x0000, 0x94F4, 0x0000, 0x0000, 0x5B0D, 0xBE9B, 0xD73D, 0xD73D, 0x0000, 0x0000,
    0xD73D, 0xD73D, 0xD73D, 0x0000, 0x0000, 0xD71C, 0x0000, 0x31C7, 0xE69B, 0xDBF1, 0xDBF1, 0xEC53,
    0xB34E, 0x0000, 0x0000, 0xAB0E, 0xDBF1, 0xCB90, 0xCB90, 0xCB90, 0xCB70, 0xCB6F, 0xC36F, 0xC36F,
    0xC370, 0xCB2F, 0xC390, 0xB5D8, 0xB619, 0x9D77, 0x84D6, 0x2145, 0x0000, 0x0000, 0x0000, 0x0000,
    0x0000, 0x0000, 0x0000, 0x0000, 0x0000, 0x0000, 0x0000, 0x0000, 0x0000, 0x0000, 0x0000, 0x0000,
    0x0000, 0x0000, 0x0000, 0x0000, 0x0000, 0x0000, 0x0000, 0x0000, 0x0000, 0x636F, 0x8D17, 0xA598,
    0xB65A, 0x0000, 0xC370, 0xC34F, 0xC370, 0xC350, 0xC370, 0xC370, 0xCB70, 0xCB90, 0xCB90, 0xDBD1,
    0x4966, 0x0000, 0x5987, 0xDBD1, 0xC34F, 0xC36F, 0xDE19, 0x0000, 0x52AA, 0x0000, 0xCEDB, 0x0000,
    0xD73D, 0xD73D, 0xD73D, 0xD71D, 0xCEFC, 0xCEDB, 0xBE9C, 0x8CF5, 0x1905, 0x2146, 0x10C3, 0x632D,
    0x0000, 0xCEFC, 0xCF1C, 0xCF1C, 0x0000, 0xB639, 0xCEDB, 0x0000, 0x0000, 0x0000, 0x0000, 0x0000,
    0x0000, 0x0000, 0x0000, 0x0000, 0x0000, 0xC6BA, 0xBE39, 0x0000, 0xD6FC, 0xD6FC, 0xD6FC, 0x0000,
    0x4AAB, 0x18E4, 0x1905, 0x2145, 0x9516, 0xBE9B, 0xC6BB, 0xCEFC, 0xD73D, 0xD73D, 0xD73D, 0xD71C,
    0x0000, 0xC69A, 0x0000, 0x6B6E, 0x0000, 0xD597, 0xC34F, 0xCB90, 0xDC12, 0x4946, 0x0000, 0x61C8,
    0xDBD1, 0xCB70, 0xCB70, 0xC36F, 0xC36F, 0xC34F, 0xC34F, 0xC36F, 0xC32F, 0xC370, 0xB597, 0xB63A,
    0x9D77, 0x8D17, 0x530E, 0x0000, 0x0000, 0x0000, 0x0000, 0x0000, 0x0000, 0x0000, 0x0000, 0x0000,
    0x0000, 0x0000, 0x0000, 0x0000, 0x0000, 0x0000, 0x0000, 0x0000, 0x0000, 0x0000, 0x0000, 0x0000,
    0x0000, 0x0000, 0x0000, 0x0000, 0x0000, 0x10A2, 0x7C74, 0x84D6, 0xA598, 0xB63A, 0xB577, 0xBBB0,
    0xC32E, 0xC34F, 0xC350, 0xC34F, 0xC36F, 0xC36F, 0xCB6F, 0xCB90, 0x28C3, 0x0000, 0x71E9, 0xD34F,
    0xC3B0, 0x626A, 0xADD7, 0xD6FC, 0x18C3, 0x2965, 0x0000, 0xD71C, 0xCEFC, 0xC6DC, 0xC6BB, 0xBE5A,
    0xADF9, 0x9D98, 0x530E, 0x0000, 0x426B, 0x9556, 0x1082, 0xADD8, 0x0000, 0xD71C, 0xD73C, 0xD73D,
    0xD71C, 0xD71C, 0x0000, 0x0000, 0x0000, 0x0000, 0x0000, 0x0000, 0x0000, 0x0000, 0x0000, 0x0000,
    0x0000, 0x0000, 0xD71C, 0xD71C, 0xD73D, 0xD71D, 0xD71C, 0x0000, 0x9D36, 0x18C3, 0xA5B8, 0x3209,
    0x0000, 0x5B4F, 0xA5B9, 0xB63A, 0xBE5A, 0xC6BB, 0xC6DB, 0xCEFC, 0xD71D, 0x0000, 0x18E3, 0x2125,
    0xD73D, 0xA576, 0x7AEC, 0xD3D1, 0xDB90, 0x69E8, 0x0000, 0x4125, 0xD3B0, 0xC34F, 0xC34F, 0xC34F,
    0xC34F, 0xC34F, 0xC34F, 0xC30E, 0xBBB1, 0xB597, 0xB63A, 0x9D97, 0x84D6, 0x7433, 0x0000, 0x0000,
    0x0000, 0x0000, 0x0000, 0x0000, 0x0000, 0x0000, 0x0000, 0x0000, 0x0000, 0x0000, 0x0000, 0x0000,
    0x0000, 0x0000, 0x0000, 0x0000, 0x0000, 0x0000, 0x0000, 0x0000, 0x0000, 0x0000, 0x0000, 0x0000,
    0x0000, 0x0000, 0x2146, 0x84D6, 0x84D6, 0x9D77, 0xAE1A, 0xB5F9, 0xBC93, 0xC36F, 0xC30E, 0xC32F,
    0xC32F, 0xC34F, 0xC34F, 0xC34F, 0x28A3, 0x0000, 0x71E9, 0xCC32, 0xD67B, 0x9D35, 0x10A2, 0x1082,
    0x0000, 0x9D15, 0xC6BB, 0xB639, 0xB639, 0xADF8, 0xA5B8, 0x9578, 0x7433, 0x2146, 0x0882, 0x6390,
    0xCF3E, 0x94F3, 0x18E4, 0xC69B, 0xD73D, 0xD71C, 0xD71C, 0xD71C, 0xCF1C, 0xD73D, 0x0000, 0x0000,
    0x0000, 0x0000, 0x0000, 0x0000, 0x0000, 0x0000, 0x0000, 0x0000, 0x0000, 0x0000, 0xD73D, 0xD73D,
    0xD71D, 0xD71C, 0xD71C, 0xD73D, 0xB65A, 0x10A2, 0xAD96, 0xCEFD, 0x530E, 0x0000, 0x29A7, 0x7C94,
    0xA5B9, 0xA5D8, 0xADF9, 0xB639, 0xB65A, 0xC6DC, 0x8CB3, 0x0000, 0x1082, 0x1904, 0xADF8, 0xD65A,
    0xD453, 0x61A7, 0x0000, 0x3904, 0xCB70, 0xC34F, 0xC32F, 0xC32F, 0xC30F, 0xC30E, 0xBB70, 0xBC94,
    0xB5F9, 0xB639, 0x9D56, 0x84F6, 0x7C94, 0x18E4, 0x0000, 0x0000, 0x0000, 0x0000, 0x0000, 0x0000,
    0x0000, 0x0000, 0x0000, 0x0000, 0x0000, 0x0000, 0x0000, 0x0000, 0x0000, 0x0000, 0x0000, 0x0000,
    0x0000, 0x0000, 0x0000, 0x0000, 0x0000, 0x0000, 0x0000, 0x0000, 0x0000, 0x0000, 0x0000, 0x2146,
    0x84D5, 0x84F6, 0x8CF5, 0xA5B8, 0xAE3A, 0xB5B8, 0x0000, 0xBC12, 0xBBB0, 0xBB90, 0xBB70, 0xCBD1,
    0x3104, 0x0000, 0x524A, 0xC67B, 0xAE19, 0xBE5A, 0x9515, 0x73F0, 0x9D76, 0xB639, 0xADD8, 0xA5B8,
    0x9D77, 0x9558, 0x7C74, 0x3A2A, 0x0000, 0x31C8, 0x7CB5, 0xC6BC, 0x0000, 0x8CB3, 0x18E4, 0xBE5A,
    0xD71D, 0xD71D, 0xD73D, 0xD73D, 0x0000, 0xC67A, 0xCEBB, 0x0000, 0x0000, 0x0000, 0x0000, 0x0000,
    0x0000, 0x0000, 0x0000, 0xD73D, 0x0000, 0xC69A, 0xCEBB, 0x0000, 0x0000, 0xD73D, 0xD73D, 0xD73D,
    0xAE19, 0x10A2, 0x9D55, 0x0000, 0xBE7B, 0x7C74, 0x2987, 0x0000, 0x4AAC, 0x84D5, 0x9558, 0x9D77,
    0xADD8, 0xAE19, 0xBE5A, 0x9D56, 0x73F0, 0x9D76, 0xBE7A, 0xB63A, 0xBE5A, 0x39A7, 0x0000, 0x4966,
    0xCBB1, 0xBB4F, 0xBB70, 0xBB90, 0xBC12, 0x0000, 0xB5D8, 0xB639, 0xA5B8, 0x8CD5, 0x84F6, 0x7C54,
    0x18E4, 0x0000, 0x0000, 0x0000, 0x0000, 0x0000, 0x0000, 0x0000, 0x0000, 0x0000, 0x0000, 0x0000,
    0x0000, 0x0000, 0x0000, 0x0000, 0x0000, 0x0000, 0x0000, 0x0000, 0x0000, 0x0000, 0x0000, 0x0000,
    0x0000, 0x0000, 0x0000, 0x0000, 0x0000, 0x0000, 0x0000, 0x0862, 0x10C3, 0x6BF2, 0x8D17, 0x84D5,
    0x8CF5, 0x9D77, 0xA5F9, 0xAE19, 0xB5F9, 0xB5D8, 0xB5B8, 0xC67A, 0x52AB, 0x0000, 0x18E4, 0xADD8,
    0xAE19, 0xADF8, 0xB639, 0xB639, 0xA5B8, 0x9557, 0x9557, 0x8D37, 0x7C74, 0x428B, 0x0882, 0x1924,
    0x6390, 0x9578, 0xC6DC, 0xD73D, 0x0000, 0xB619, 0x0000, 0x9516, 0xB65A, 0xC6BB, 0xBE7A, 0xBE7A,
    0xD73D, 0xCEDC, 0x9D34, 0x0000, 0xD73D, 0x0000, 0x0000, 0x0000, 0x0000, 0x0000, 0x0000, 0x0000,
    0x0000, 0x9D35, 0xD71D, 0xCEFC, 0xBE5A, 0xBE9B, 0xC6BB, 0xBE9B, 0x84B4, 0x1082, 0xC6BB, 0xD73D,
    0xD73D, 0xBE9B, 0x9537, 0x5B6F, 0x18E4, 0x10A3, 0x4ACC, 0x7C95, 0x8D37, 0x9557, 0x9D77, 0xADF9,
    0xBE5A, 0xB639, 0xADF9, 0xB63A, 0x9D76, 0x0000, 0x0000, 0x636E, 0xC65A, 0xB5B8, 0xB5D8, 0xB5F9,
    0xAE19, 0xA5F9, 0x9D77, 0x8CF6, 0x84D6, 0x8D17, 0x6370, 0x0882, 0x1082, 0x0000, 0x0000, 0x0000,
    0x0000, 0x0000, 0x0000, 0x0000, 0x0000, 0x0000, 0x0000, 0x0000, 0x0000, 0x0000, 0x0000, 0x0000,
    0x0000, 0x0000, 0x0000, 0x0000, 0x0000, 0x0000, 0x0000, 0x0000, 0x0000, 0x0000, 0x0000, 0x0000,
    0x0000, 0x0000, 0x0000, 0x3A2A, 0x530D, 0x10A3, 0x426B, 0x7C94, 0x84F6, 0x7CB5, 0x7CB5, 0x84F6,
    0x8D36, 0x9577, 0x9D97, 0xADF9, 0x7411, 0x0000, 0x0000, 0x5B0D, 0xA5D9, 0x8D16, 0x8CF6, 0x84F6,
    0x8D17, 0x84D6, 0x6BD1, 0x3209, 0x0882, 0x18E4, 0x530E, 0x84D6, 0xA5B9, 0xCEFC, 0xD73D, 0xD71C,
    0xD71C, 0x0000, 0x3A29, 0x2966, 0xBE7C, 0x73F1, 0x10A3, 0x2124, 0x4A8B, 0xA597, 0x9D56, 0xADD7,
    0x0000, 0xD73C, 0x0000, 0x0000, 0x0000, 0x0000, 0xD73D, 0x0000, 0xADB7, 0xA598, 0x9515, 0x3A29,
    0x18E3, 0x18E3, 0x8CF5, 0xB65B, 0x1904, 0x5B2D, 0x0000, 0xCF1C, 0xD71C, 0xD73D, 0xCEDC, 0x9DB8,
    0x84B5, 0x52ED, 0x10A3, 0x0882, 0x3A2A, 0x6BF2, 0x8CF6, 0x8D37, 0x8D17, 0x8D36, 0x9537, 0xADF9,
    0x4A8A, 0x0000, 0x0000, 0x8494, 0xA5F9, 0x9D98, 0x9557, 0x9537, 0x8CF6, 0x84D5, 0x84D6, 0x8D17,
    0x7C74, 0x3A2A, 0x18C3, 0x5B4F, 0x31E8, 0x0000, 0x0000, 0x0000, 0x0000, 0x0000, 0x0000, 0x0000,
    0x0000, 0x0000, 0x0000, 0x0000, 0x0000, 0x0000, 0x0000, 0x0000, 0x0000, 0x0000, 0x0000, 0x0000,
    0x0000, 0x0000, 0x0000, 0x0000, 0x0000, 0x0000, 0x0000, 0x0000, 0x0000, 0x0000, 0x0000, 0x10A2,
    0x8CF7, 0x7C94, 0x4AAC, 0x3A09, 0x5B4E, 0x7C74, 0x84B5, 0x84B5, 0x84F6, 0x8D17, 0x8CF7, 0x8D17,
    0x9517, 0x2146, 0x0000, 0x0000, 0x5B4F, 0x84D6, 0x6C12, 0x5B2E, 0x3209, 0x10C3, 0x0000, 0x2166,
    0x5B4F, 0x7CB5, 0x8D17, 0xB61A, 0xD73D, 0xD71D, 0xD71C, 0xD71C, 0xD71C, 0x0000, 0xADF9, 0x2987,
    0x426A, 0x6BB0, 0x18C3, 0x0000, 0x0000, 0x0000, 0x73D0, 0xA5D8, 0xCEDB, 0x0000, 0xD73D, 0xD73D,
    0xD73D, 0x0000, 0x0000, 0xCEDC, 0xA598, 0x5B2E, 0x0000, 0x0000, 0x0000, 0x2145, 0x7C52, 0x3A09,
    0x3209, 0xBE9B, 0xD73D, 0xCF1C, 0xD71C, 0xD71C, 0xD73D, 0xD73D, 0xAE19, 0x8D37, 0x84B5, 0x530D,
    0x1904, 0x0000, 0x18E4, 0x424A, 0x6390, 0x7453, 0x8CF6, 0x530D, 0x0000, 0x0000, 0x31C8, 0x9558,
    0x8D17, 0x8CF7, 0x8D17, 0x84F6, 0x84D5, 0x84D5, 0x7453, 0x530D, 0x39E9, 0x52ED, 0x84D6, 0x84D6,
    0x0000, 0x0000, 0x0000, 0x0000, 0x0000, 0x0000, 0x0000, 0x0000, 0x0000, 0x0000, 0x0000, 0x0000,
    0x0000, 0x0000, 0x0000, 0x0000, 0x0000, 0x0000, 0x0000, 0x0000, 0x0000, 0x0000, 0x0000, 0x0000,
    0x0000, 0x0000, 0x0000, 0x0000, 0x0000, 0x0000, 0x0000, 0x0000, 0x63B1, 0x8D17, 0x8D37, 0x84B5,
    0x6BF2, 0x6BD1, 0x8494, 0x84D5, 0x63B0, 0x530D, 0x5B4E, 0x530E, 0x5B4F, 0x31C8, 0x0000, 0x0000,
    0x0000, 0x1904, 0x0882, 0x0000, 0x2125, 0x4ACC, 0x7433, 0x84D7, 0x84F7, 0x9D98, 0xC6DC, 0xD73D,
    0xCF1C, 0xCF1D, 0xD71C, 0xD71C, 0xD71D, 0xD73C, 0xCF1C, 0x9558, 0x6390, 0x636F, 0x7C74, 0x6BF2,
    0x52ED, 0x31C8, 0x0000, 0x5B0D, 0xB65B, 0xC6DC, 0xD71C, 0xD73D, 0xD73D, 0xD71C, 0xC6BC, 0xADF9,
    0x426A, 0x0000, 0x3A4A, 0x5B4F, 0x7433, 0x7C94, 0x6390, 0x63B1, 0x9DB9, 0xD71D, 0xD71D, 0xD71C,
    0xD71C, 0xD73D, 0xD71C, 0xD71D, 0xD75D, 0xC6BB, 0x9D98, 0x8CF6, 0x84D6, 0x73F2, 0x426B, 0x18E4,
    0x0000, 0x0882, 0x1904, 0x0000, 0x0000, 0x0000, 0x3A09, 0x530E, 0x52ED, 0x5B4E, 0x530D, 0x6BD1,
    0x84F6, 0x7C94, 0x6BF1, 0x6C12, 0x84D6, 0x8D17, 0x8D17, 0x5B4F, 0x0000, 0x0000, 0x0000, 0x0000,
    0x0000, 0x0000, 0x0000, 0x0000, 0x0000, 0x0000, 0x0000, 0x0000, 0x0000, 0x0000, 0x0000, 0x0000,
    0x0000, 0x0000, 0x0000, 0x0000, 0x0000, 0x0000, 0x0000, 0x0000, 0x0000, 0x0000, 0x0000, 0x0000,
    0x0000, 0x0000, 0x0000, 0x0000, 0x426B, 0x8D37, 0x7C95, 0x84F6, 0x8CF6, 0x84B6, 0x7CB5, 0x84B5,
    0x7C53, 0x1905, 0x0000, 0x10A3, 0x0882, 0x18E4, 0x1905, 0x0000, 0x0000, 0x0000, 0x2145, 0x7453,
    0x9558, 0x8D17, 0x84F6, 0x9D77, 0xC69B, 0xD73C, 0xD71C, 0xCEFC, 0xCF1C, 0xCF1C, 0xD71C, 0xD71C,
    0xD71C, 0xD71C, 0xD73D, 0xBE7B, 0x8CF6, 0x7CB5, 0x84B5, 0x84D6, 0x8D17, 0x8D58, 0x7412, 0x0000,
    0x31E8, 0x9536, 0xB63A, 0xBE7B, 0xBE7B, 0xB61A, 0x8CD5, 0x2146, 0x10A2, 0x7C74, 0x9579, 0x8D17,
    0x84F6, 0x7CB5, 0x7CD6, 0x9537, 0xCEBB, 0xD73C, 0xD71C, 0xD71C, 0xD71C, 0xD71C, 0xD71C, 0xD71C,
    0xD71C, 0xD73D, 0xD73D, 0xBE9B, 0x9D77, 0x8CF6, 0x8D37, 0x9537, 0x6BB1, 0x10C3, 0x0000, 0x0000,
    0x0000, 0x2145, 0x18E4, 0x10C4, 0x18C4, 0x0000, 0x2146, 0x7C94, 0x84B5, 0x84B5, 0x84D6, 0x8D17,
    0x84F6, 0x7CB5, 0x8D17, 0x31E8, 0x0000, 0x0000, 0x0000, 0x0000, 0x0000, 0x0000, 0x0000, 0x0000,
    0x0000, 0x0000, 0x0000, 0x0000, 0x0000, 0x0000, 0x0000, 0x0000, 0x0000, 0x0000, 0x0000, 0x0000,
    0x0000, 0x0000, 0x0000, 0x0000, 0x0000, 0x0000, 0x0000, 0x0000, 0x0000, 0x0000, 0x0000, 0x0000,
    0x18E4, 0x84F6, 0x7CB5, 0x9537, 0xADD8, 0x9D57, 0x8D16, 0x84B5, 0x8D37, 0x4AAC, 0x0000, 0x84B5,
    0x8CF7, 0x8CF6, 0x8CF6, 0x3A09, 0x0000, 0x0000, 0x0000, 0x10A3, 0x4AAB, 0x9D56, 0xD73D, 0x0000,
    0x0000, 0xD73D, 0xCF1C, 0xCEFC, 0xCEFC, 0xCEFC, 0xCEFC, 0xCEFC, 0xD71C, 0xCF1C, 0xCF1D, 0x0000,
    0xCEFC, 0x9D78, 0x8CF7, 0x84F6, 0x7C74, 0x6BF2, 0x7C74, 0x84D5, 0x2146, 0x0000, 0x31E8, 0x52ED,
    0x52EC, 0x31A7, 0x0000, 0x29A7, 0x84D5, 0x7453, 0x6C12, 0x7C95, 0x84F7, 0x8517, 0x9D98, 0xD71D,
    0xD73D, 0xD71C, 0xD71C, 0xD71C, 0xD6FC, 0xCEFC, 0xD6FC, 0xD6FC, 0xD71C, 0xD73D, 0xD73D, 0x0000,
    0x0000, 0xD71D, 0x9515, 0x3A29, 0x0000, 0x0000, 0x0000, 0x0000, 0x428C, 0x84F6, 0x84F6, 0x8D17,
    0x7C73, 0x0000, 0x5B2E, 0x8D37, 0x84D5, 0x8D16, 0x9D77, 0xA5D8, 0x8D16, 0x84B5, 0x84B5, 0x1082,
    0x0000, 0x0000, 0x0000, 0x0000, 0x0000, 0x0000, 0x0000, 0x0000, 0x0000, 0x0000, 0x0000, 0x0000,
    0x0000, 0x0000, 0x0000, 0x0000, 0x0000, 0x0000, 0x0000, 0x0000, 0x0000, 0x0000, 0x0000, 0x0000,
    0x0000, 0x0000, 0x0000, 0x0000, 0x0000, 0x0000, 0x0000, 0x0000, 0x0000, 0x6BF2, 0x84F6, 0x8CF6,
    0xADF9, 0xADF9, 0xADF9, 0xADD8, 0xA5B8, 0x5B4F, 0x0000, 0x7412, 0x8CF7, 0x84D5, 0x9D77, 0xB61A,
    0x73F0, 0x0000, 0x0000, 0x0000, 0x0000, 0x0000, 0x4229, 0x73F0, 0x9D55, 0xBE7A, 0xCEFC, 0xD73D,
    0x0000, 0x0000, 0x0000, 0x0000, 0x0000, 0xD75D, 0xCF1C, 0xC69B, 0xB639, 0x8CB3, 0x426A, 0x2146,
    0x0882, 0x0000, 0x0000, 0x3A2A, 0x9537, 0x6390, 0x29A7, 0x18E4, 0x1904, 0x31E8, 0x6BB1, 0x8D17,
    0x31C8, 0x0000, 0x0000, 0x10A3, 0x2986, 0x4A8B, 0x94F4, 0xB638, 0xC6BB, 0xD71D, 0x0000, 0x0000,
    0x0000, 0x0000, 0x0000, 0x0000, 0xD71D, 0xCEBB, 0xBE39, 0x9D35, 0x6B6E, 0x31A6, 0x0000, 0x0000,
    0x0000, 0x0000, 0x1082, 0x8493, 0xB63A, 0x9557, 0x7CB5, 0x8D16, 0x6BB1, 0x0000, 0x63B0, 0xA5D9,
    0xADF9, 0xAE19, 0xADF9, 0xADD9, 0x84D5, 0x8CF6, 0x6390, 0x0000, 0x0000, 0x0000, 0x0000, 0x0000,
    0x0000, 0x0000, 0x0000, 0x0000, 0x0000, 0x0000, 0x0000, 0x0000, 0x0000, 0x0000, 0x0000, 0x0000,
    0x0000, 0x0000, 0x0000, 0x0000, 0x0000, 0x0000, 0x0000, 0x0000, 0x0000, 0x0000, 0x0000, 0x0000,
    0x0000, 0x0000, 0x0000, 0x0000, 0x0000, 0x426A, 0x8D37, 0x84B5, 0xA5B8, 0xADD9, 0xADD8, 0xADF8,
    0xAE19, 0x7C74, 0x0000, 0x5B4F, 0x8D17, 0x8CF6, 0xC6BB, 0xCEDB, 0x0000, 0xBE39, 0x3A08, 0x0000,
    0x0000, 0x0000, 0x0000, 0x0000, 0x0000, 0x0000, 0x1904, 0x31A6, 0x3A08, 0x4249, 0x4A8A, 0x4A69,
    0x3A08, 0x3186, 0x2104, 0x1082, 0x0000, 0x0000, 0x0000, 0x0000, 0x0000, 0x0000, 0x0000, 0x0000,
    0x7432, 0x9537, 0x8D37, 0x8D16, 0x8D17, 0x8D37, 0x8D37, 0x6BF2, 0x0000, 0x0000, 0x0000, 0x0000,
    0x0000, 0x0000, 0x0000, 0x0000, 0x10A2, 0x2145, 0x31C7, 0x4229, 0x4A6A, 0x4A6A, 0x4249, 0x39E7,
    0x2945, 0x10C3, 0x0000, 0x0000, 0x0000, 0x0000, 0x0000, 0x0000, 0x0000, 0x4A8A, 0xCEBB, 0x0000,
    0xCEFC, 0xC6BB, 0x84D5, 0x8D17, 0x52ED, 0x0000, 0x84B5, 0xB63A, 0xADF9, 0xADF9, 0xADF9, 0xA5B8,
    0x7C95, 0x8D17, 0x31E8, 0x0000, 0x0000, 0x0000, 0x0000, 0x0000, 0x0000, 0x0000, 0x0000, 0x0000,
    0x0000, 0x0000, 0x0000, 0x0000, 0x0000, 0x0000, 0x0000, 0x0000, 0x0000, 0x0000, 0x0000, 0x0000,
    0x0000, 0x0000, 0x0000, 0x0000, 0x0000, 0x0000, 0x0000, 0x0000, 0x0000, 0x0000, 0x0000, 0x0000,
    0x0000, 0x10C3, 0x8CF6, 0x84D6, 0x9D77, 0xADF9, 0xADD9, 0xADD8, 0xAE19, 0x9557, 0x0882, 0x3A09,
    0x8D17, 0x9537, 0xC6DB, 0xCEFC, 0xADD8, 0x52AB, 0x4A8A, 0x8CB3, 0x4A8A, 0x0000, 0x0000, 0x0000,
    0x0000, 0x0000, 0x0000, 0x0000, 0x0000, 0x0000, 0x0000, 0x0000, 0x0000, 0x0000, 0x0000, 0x0000,
    0x0000, 0x0000, 0x0000, 0x0000, 0x0000, 0x0000, 0x0000, 0x10A3, 0x84D5, 0x84B5, 0x84B5, 0x84B5,
    0x84B5, 0x84B5, 0x84D6, 0x84B5, 0x0862, 0x0000, 0x0000, 0x0000, 0x0000, 0x0000, 0x0000, 0x0000,
    0x0000, 0x0000, 0x0000, 0x0000, 0x0000, 0x0000, 0x0000, 0x0000, 0x0000, 0x0000, 0x0000, 0x0000,
    0x0000, 0x0000, 0x0000, 0x52CB, 0x8CB3, 0x4A69, 0x52EB, 0xBE59, 0xCEFC, 0xC6BB, 0x8D16, 0x8D17,
    0x31C8, 0x10C3, 0x9D98, 0xB619, 0xADF9, 0xADF9, 0xAE19, 0x9557, 0x7CB5, 0x7C74, 0x0882, 0x0000,
    0x0000, 0x0000, 0x0000, 0x0000, 0x0000, 0x0000, 0x0000, 0x0000, 0x0000, 0x0000, 0x0000, 0x0000,
    0x0000, 0x0000, 0x0000, 0x0000, 0x0000, 0x0000, 0x0000, 0x0000, 0x0000, 0x0000, 0x0000, 0x0000,
    0x0000, 0x0000, 0x0000, 0x0000, 0x0000, 0x0000, 0x0000, 0x0000, 0x0000, 0x0000, 0x6BB1, 0x8CF6,
    0x8D16, 0xADD9, 0xADD9, 0xADD9, 0xADF9, 0xA5F9, 0x31C8, 0x18E4, 0x8CF6, 0x9557, 0xCEFC, 0xCEFC,
    0x31C7, 0x0000, 0x10C3, 0xADF7, 0x0000, 0xCEBA, 0x8451, 0x3A08, 0x0000, 0x0000, 0x0000, 0x0000,
    0x0000, 0x0000, 0x0000, 0x0000, 0x0000, 0x0000, 0x0000, 0x0000, 0x0000, 0x0000, 0x0000, 0x0000,
    0x0000, 0x0000, 0x0000, 0x73F1, 0x84F6, 0x7C95, 0x84D6, 0x84D6, 0x84D6, 0x84D6, 0x7C95, 0x8D16,
    0x636F, 0x0000, 0x0000, 0x0000, 0x0000, 0x0000, 0x0000, 0x0000, 0x0000, 0x0000, 0x0000, 0x0000,
    0x0000, 0x0000, 0x0000, 0x0000, 0x0000, 0x0000, 0x0000, 0x10A2, 0x4A69, 0x8CB2, 0xC6BB, 0x0000,
    0x9514, 0x0000, 0x0000, 0x4AAA, 0xD73D, 0xC6BB, 0x8D16, 0x84D6, 0x10A3, 0x3A2A, 0xAE1A, 0xADF9,
    0xADF9, 0xADD8, 0xADF9, 0x8CF6, 0x8CF6, 0x532E, 0x0000, 0x0000, 0x0000, 0x0000, 0x0000, 0x0000,
    0x0000, 0x0000, 0x0000, 0x0000, 0x0000, 0x0000, 0x0000, 0x0000, 0x0000, 0x0000, 0x0000, 0x0000,
    0x0000, 0x0000, 0x0000, 0x0000, 0x0000, 0x0000, 0x0000, 0x0000, 0x0000, 0x0000, 0x0000, 0x0000,
    0x0000, 0x0000, 0x0000, 0x0000, 0x0000, 0x0000, 0x31E9, 0x8D37, 0x84D5, 0xA5B8, 0xADF9, 0xADF9,
    0xADF9, 0xAE1A, 0x636F, 0x0000, 0x7453, 0x9557, 0xCEFC, 0xBE7A, 0x0000, 0x52AB, 0x31C7, 0x0000,
    0x2125, 0x6BAF, 0xADB6, 0xCEDB, 0xCEDB, 0xADD7, 0x8471, 0x632D, 0x4249, 0x2966, 0x18E3, 0x0000,
    0x0000, 0x0000, 0x0000, 0x0000, 0x0000, 0x0000, 0x0000, 0x0000, 0x0000, 0x0000, 0x73D0, 0x0000,
    0xB619, 0x8D16, 0x84B5, 0x7C95, 0x7C95, 0x84B5, 0x9537, 0xBE5A, 0x0000, 0x5B0C, 0x0000, 0x0000,
    0x0000, 0x0000, 0x0000, 0x0000, 0x0000, 0x0000, 0x0000, 0x0000, 0x0000, 0x18E3, 0x2986, 0x4A49,
    0x636E, 0x8CD3, 0xB5F7, 0xC69A, 0xC67A, 0xA555, 0x634D, 0x10C3, 0x0000, 0x4A8A, 0x4269, 0x18E3,
    0xD71C, 0xC6BB, 0x8D16, 0x7412, 0x0000, 0x6BD1, 0xAE1A, 0xADF9, 0xADF9, 0xADF9, 0xA5B8, 0x7CB5,
    0x8D16, 0x2986, 0x0000, 0x0000, 0x0000, 0x0000, 0x0000, 0x0000, 0x0000, 0x0000, 0x0000, 0x0000,
    0x0000, 0x0000, 0x0000, 0x0000, 0x0000, 0x0000, 0x0000, 0x0000, 0x0000, 0x0000, 0x0000, 0x0000,
    0x0000, 0x0000, 0x0000, 0x0000, 0x0000, 0x0000, 0x0000, 0x0000, 0x0000, 0x0000, 0x0000, 0x0000,
    0x0000, 0x0000, 0x0000, 0x84B5, 0x84D6, 0x9D57, 0xADF9, 0xADF9, 0xADD8, 0xADF9, 0x8CF6, 0x0000,
    0x52ED, 0x9557, 0xBE9B, 0xCF1C, 0x2125, 0x9D76, 0x0000, 0x8493, 0x10A3, 0x0000, 0x0000, 0x0000,
    0x31A6, 0x5B2C, 0x7C51, 0x9D55, 0xAE18, 0xBE7A, 0xCEBB, 0xC69B, 0xC67A, 0xBE59, 0xBE39, 0xB5F8,
    0xB5D8, 0xADD7, 0xADB7, 0xAD96, 0xA555, 0xB5F8, 0x0000, 0x0000, 0x0000, 0xD6FC, 0xC69B, 0xB63A,
    0xB63A, 0xC69B, 0xD71C, 0x0000, 0x0000, 0x0000, 0xADB7, 0xA575, 0xADB7, 0xB5D7, 0xB5D7, 0xB5F8,
    0xB5F8, 0xBE39, 0xBE59, 0xC69A, 0xC6BB, 0xCEBB, 0xC69A, 0xADF8, 0x9D55, 0x7C10, 0x52CB, 0x2945,
    0x0000, 0x0000, 0x0000, 0x2945, 0x9D56, 0x0000, 0x8CD3, 0x31A7, 0x0000, 0xBE7A, 0x8D17, 0x4A8B,
    0x0882, 0x9537, 0xAE19, 0xADF9, 0xADF9, 0xAE19, 0x9557, 0x84D6, 0x7433, 0x0000, 0x0000, 0x0000,
    0x0000, 0x0000, 0x0000, 0x0000, 0x0000, 0x0000, 0x0000, 0x0000, 0x0000, 0x0000, 0x0000, 0x0000,
    0x0000, 0x0000, 0x0000, 0x0000, 0x0000, 0x0000, 0x0000, 0x0000, 0x0000, 0x0000, 0x0000, 0x0000,
    0x0000, 0x0000, 0x0000, 0x0000, 0x0000, 0x0000, 0x0000, 0x0000, 0x0000, 0x0000, 0x0000, 0x5B2E,
    0x8D17, 0x8CF6, 0xADD9, 0xADD8, 0xADD8, 0xADF9, 0xA5D9, 0x29A8, 0x2146, 0x8D17, 0xB639, 0xD75D,
    0x8CB3, 0x9515, 0xCF3D, 0xD75E, 0xCEDC, 0x5A8B, 0x0000, 0x0000, 0x0000, 0x0000, 0x0000, 0x1000,
    0x1041, 0x18A3, 0x2124, 0x29A6, 0x3A48, 0x4AAA, 0x530B, 0x5B2C, 0x5B2C, 0x530C, 0x4A8A, 0x3A28,
    0x31C7, 0x3186, 0x31A6, 0x5B4D, 0xB5F8, 0x0000, 0x0000, 0x0000, 0x0000, 0x0000, 0x0000, 0xADB7,
    0x5B0C, 0x2986, 0x2966, 0x31C7, 0x4249, 0x4AAA, 0x5B0C, 0x5B2C, 0x5B0C, 0x530C, 0x4AAA, 0x3A28,
    0x2986, 0x2104, 0x18A3, 0x1842, 0x1001, 0x0000, 0x0000, 0x0000, 0x0000, 0x0000, 0x6ACC, 0xD71D,
    0xD75D, 0xD73D, 0x9514, 0x9D15, 0x0000, 0xADF9, 0x84D6, 0x18E4, 0x3A2A, 0xADFA, 0xADF9, 0xADF9,
    0xADF9, 0xADD8, 0x84D5, 0x8D17, 0x4A8B, 0x0000, 0x0000, 0x0000, 0x0000, 0x0000, 0x0000, 0x0000,
    0x0000, 0x0000, 0x0000, 0x0000, 0x0000, 0x0000, 0x0000, 0x0000, 0x0000, 0x0000, 0x0000, 0x0000,
    0x0000, 0x0000, 0x0000, 0x0000, 0x0000, 0x0000, 0x0000, 0x0000, 0x0000, 0x0000, 0x0000, 0x0000,
    0x0000, 0x0000, 0x0000, 0x0000, 0x0000, 0x0000, 0x0000, 0x2125, 0x8CF6, 0x84B5, 0xA598, 0xADF9,
    0xADD8, 0xADD9, 0xAE19, 0x6BD1, 0x0000, 0x7433, 0xA5D9, 0xCEFC, 0xCEFC, 0xC6BB, 0xCEDC, 0xC6DB,
    0xCF1D, 0xD71D, 0x82EE, 0x2883, 0x0000, 0x0000, 0x0000, 0x1862, 0x38C4, 0x5126, 0x6127, 0x5906,
    0x50C5, 0x48A4, 0x4083, 0x3883, 0x3883, 0x4084, 0x48A4, 0x50E5, 0x5906, 0x6147, 0x5906, 0x3063,
    0x1061, 0x5B4D, 0xD73D, 0x0000, 0x0000, 0xCEFC, 0x52EB, 0x1041, 0x3883, 0x5906, 0x6127, 0x5906,
    0x48C5, 0x40A4, 0x40A4, 0x3883, 0x3883, 0x4084, 0x48C4, 0x5906, 0x6127, 0x6127, 0x5126, 0x38C4,
    0x1862, 0x0000, 0x0000, 0x0000, 0x38A4, 0x932E, 0x0000, 0xD73D, 0xCEFC, 0xCEFC, 0xCEDC, 0xCF1C,
    0xCEFC, 0xA5B9, 0x6BD2, 0x0000, 0x7C53, 0xB61A, 0xADF9, 0xADD9, 0xADF9, 0x9D77, 0x84B5, 0x84D5,
    0x10C3, 0x0000, 0x0000, 0x0000, 0x0000, 0x0000, 0x0000, 0x0000, 0x0000, 0x0000, 0x0000, 0x0000,
    0x0000, 0x0000, 0x0000, 0x0000, 0x0000, 0x0000, 0x0000, 0x0000, 0x0000, 0x0000, 0x0000, 0x0000,
    0x0000, 0x0000, 0x0000, 0x0000, 0x0000, 0x0000, 0x0000, 0x0000, 0x0000, 0x0000, 0x0000, 0x0000,
    0x0000, 0x0000, 0x0000, 0x0000, 0x6BD1, 0x84F6, 0x9516, 0xADF9, 0xADD8, 0xADD9, 0xADF8, 0x9DB8,
    0x18E4, 0x426B, 0x9D98, 0xC6BB, 0xC6DC, 0xCEDC, 0xCEFC, 0xCEFC, 0xCEDC, 0xCF1C, 0xCEBB, 0x92CE,
    0x5947, 0x1041, 0x0000, 0x0000, 0x0000, 0x0000, 0x1841, 0x2862, 0x48E5, 0x71A9, 0x922B, 0xA24D,
    0xAA4D, 0xA24D, 0xA24C, 0x9A2C, 0x920B, 0x920B, 0x920B, 0x9A2C, 0x79C9, 0x2862, 0x2145, 0xBE59,
    0xADD7, 0x2104, 0x38A3, 0x89EA, 0x9A2C, 0x920B, 0x920B, 0x920B, 0x9A2C, 0xA24D, 0xAA6D, 0xAA6D,
    0xA24C, 0x922B, 0x71A9, 0x48E5, 0x2862, 0x1041, 0x0000, 0x0000, 0x0000, 0x0000, 0x2083, 0x7188,
    0xA30F, 0xD6FC, 0xCF3C, 0xCEFC, 0xD71C, 0xCEFC, 0xCEFC, 0xCEFC, 0xC6BB, 0x9578, 0x31E8, 0x2146,
    0xA5D9, 0xB619, 0xADF9, 0xADD9, 0xADD8, 0x8CF6, 0x8D17, 0x5B4F, 0x0000, 0x0000, 0x0000, 0x0000,
    0x0000, 0x0000, 0x0000, 0x0000, 0x0000, 0x0000, 0x0000, 0x0000, 0x0000, 0x0000, 0x0000, 0x0000,
    0x0000, 0x0000, 0x0000, 0x0000, 0x0000, 0x0000, 0x0000, 0x0000, 0x0000, 0x0000, 0x0000, 0x0000,
    0x0000, 0x0000, 0x0000, 0x0000, 0x0000, 0x0000, 0x0000, 0x0000, 0x0000, 0x0000, 0x0000, 0x0000,
    0x29A7, 0x8D17, 0x84B5, 0xA5B8, 0xADF9, 0xADF9, 0xADD8, 0xAE1A, 0x5B2E, 0x0882, 0x84D6, 0xBE7B,
    0xCEFC, 0xCEDC, 0xCEFC, 0xCEFC, 0xCEFC, 0xCEFC, 0xD73D, 0xC65A, 0x926D, 0x81EA, 0x28A3, 0x0000,
    0x0000, 0x0000, 0x0000, 0x39E6, 0x18E3, 0x0000, 0x0000, 0x1001, 0x3083, 0x5105, 0x6988, 0x81CA,
    0x920B, 0x920B, 0x9A2C, 0x9A0B, 0x9A2C, 0xA24D, 0x6127, 0x28E4, 0x30E4, 0x79A9, 0xAA8E, 0x9A2C,
    0x9A0C, 0x920B, 0x920B, 0x920B, 0x81EA, 0x7188, 0x5126, 0x30A3, 0x1000, 0x0000, 0x0000, 0x2124,
    0x39C6, 0x0000, 0x0000, 0x0000, 0x0000, 0x4105, 0x920B, 0x9AAE, 0xCE9B, 0xD73D, 0xCEFC, 0xCF1C,
    0xD71C, 0xCEFC, 0xCEFC, 0xCEFC, 0xB67A, 0x7C74, 0x0000, 0x6390, 0xB63A, 0xADF9, 0xADD9, 0xADD8,
    0xA5B8, 0x84D6, 0x8D16, 0x2125, 0x0000, 0x0000, 0x0000, 0x0000, 0x0000, 0x0000, 0x0000, 0x0000,
    0x0000, 0x0000, 0x0000, 0x0000, 0x0000, 0x0000, 0x0000, 0x0000, 0x0000, 0x0000, 0x0000, 0x0000,
    0x0000, 0x0000, 0x0000, 0x0000, 0x0000, 0x0000, 0x0000, 0x0000, 0x0000, 0x0000, 0x0000, 0x0000,
    0x0000, 0x0000, 0x0000, 0x0000, 0x0000, 0x0000, 0x0000, 0x0000, 0x0000, 0x7413, 0x84D6, 0x9537,
    0xADF9, 0xADD9, 0xADF9, 0xB5F9, 0x9557, 0x10A3, 0x4ACD, 0xB63A, 0xCEFC, 0xCEFC, 0xCEFC, 0xCEFC,
    0xCEFC, 0xCEFC, 0xCEFC, 0xD77E, 0xBDB8, 0x89EB, 0x8A0B, 0x30C4, 0x0000, 0x0000, 0x0000, 0x5269,
    0xDE17, 0xACF2, 0x734C, 0x4A28, 0x2944, 0x0000, 0x0000, 0x0000, 0x0000, 0x1821, 0x2863, 0x38A4,
    0x40C5, 0x5106, 0x6168, 0x4906, 0x5967, 0x69A9, 0x5947, 0x4906, 0x38C4, 0x2863, 0x1821, 0x0000,
    0x0000, 0x0000, 0x0000, 0x2944, 0x5248, 0x7BAD, 0xB513, 0xCDF6, 0x41E7, 0x0000, 0x0000, 0x0000,
    0x4905, 0x9A2C, 0x922C, 0xC619, 0xD75E, 0xD6FC, 0xD71D, 0xD71C, 0xD71C, 0xCEFC, 0xCEFC, 0xCEFC,
    0xAE1A, 0x426B, 0x1905, 0x9D98, 0xADF9, 0xADF9, 0xADD9, 0xADF9, 0x9537, 0x8D17, 0x6BD1, 0x0000,
    0x0000, 0x0000, 0x0000, 0x0000, 0x0000, 0x0000, 0x0000, 0x0000, 0x0000, 0x0000, 0x0000, 0x0000,
    0x0000, 0x0000, 0x0000, 0x0000, 0x0000, 0x0000, 0x0000, 0x0000, 0x0000, 0x0000, 0x0000, 0x0000,
    0x0000, 0x0000, 0x0000, 0x0000, 0x0000, 0x0000, 0x0000, 0x0000, 0x0000, 0x0000, 0x0000, 0x0000,
    0x0000, 0x0000, 0x0000, 0x0000, 0x0000, 0x3A09, 0x8D17, 0x84B5, 0xA5D8, 0xADF9, 0xADF9, 0xADF9,
    0xAE19, 0x5B2E, 0x10A3, 0x9557, 0xCEFC, 0xCEFC, 0xCEFC, 0xCEFC, 0xCEFC, 0xCEFC, 0xCEFC, 0xCEFC,
    0xD77E, 0xAC94, 0x89CA, 0x924C, 0x38E4, 0x0000, 0x0000, 0x0000, 0x41C6, 0xC574, 0xEED8, 0xEED9,
    0xDE37, 0xBD74, 0xA491, 0x83EE, 0x6B2B, 0x5268, 0x39C6, 0x2944, 0x18E3, 0x10A2, 0x0000, 0x0000,
    0x0000, 0x0000, 0x1082, 0x18C2, 0x2124, 0x3185, 0x4A48, 0x6B2B, 0x83EF, 0xA4B1, 0xBD53, 0xD616,
    0xEEB8, 0xE6B8, 0xB533, 0x3165, 0x0000, 0x0000, 0x0000, 0x5126, 0x9A4C, 0x89EA, 0x0000, 0xD75D,
    0xCEDC, 0xD71D, 0xD71C, 0xD71C, 0xCEFC, 0xCF1C, 0xD71D, 0xCEDC, 0x84D6, 0x0882, 0x63B0, 0xB63A,
    0xADF8, 0xADF9, 0xADF9, 0xA5B8, 0x84D6, 0x8D37, 0x29A7, 0x0000, 0x0000, 0x0000, 0x0000, 0x0000,
    0x0000, 0x0000, 0x0000, 0x0000, 0x0000, 0x0000, 0x0000, 0x0000, 0x0000, 0x0000, 0x0000, 0x0000,
    0x0000, 0x0000, 0x0000, 0x0000, 0x0000, 0x0000, 0x0000, 0x0000, 0x0000, 0x0000, 0x0000, 0x0000,
    0x0000, 0x0000, 0x0000, 0x0000, 0x0000, 0x0000, 0x0000, 0x0000, 0x0000, 0x0000, 0x0000, 0x0000,
    0x0000, 0x0000, 0x7C53, 0x84D6, 0x9537, 0xADF9, 0xADD8, 0xADF9, 0xADF9, 0x9D98, 0x18E4, 0x4AED,
    0xC6BC, 0xCEFC, 0xCEDC, 0xCEFC, 0xCEFC, 0xCEFC, 0xCEFC, 0xCEFC, 0xCEFC, 0xD73D, 0x8B2E, 0x89CA,
    0x924C, 0x4105, 0x0000, 0x0000, 0x20E3, 0x18C2, 0x5AA9, 0xBDB4, 0x0000, 0x0000, 0x0000, 0xEEF9,
    0xE6B8, 0xE678, 0xDE57, 0xD637, 0xCDF6, 0xC5B5, 0xBD74, 0xBD53, 0xBD53, 0xBD74, 0xC594, 0xCDD5,
    0xD5F6, 0xD637, 0xDE78, 0xE6B8, 0xEF19, 0x0000, 0x0000, 0xEF1A, 0xB533, 0x4A48, 0x18A2, 0x18C3,
    0x0000, 0x0000, 0x5947, 0x9A4C, 0x89CA, 0x9BD1, 0xD75D, 0xCEFC, 0xCEFC, 0xCF1C, 0xD71C, 0xCF1C,
    0xCEFC, 0xCF1C, 0xD71D, 0xBE9C, 0x424B, 0x2125, 0xA5B8, 0xB619, 0xADF9, 0xADF9, 0xADF9, 0x9536,
    0x8CF6, 0x6BF1, 0x0000, 0x0000, 0x0000, 0x0000, 0x0000, 0x0000, 0x0000, 0x0000, 0x0000, 0x0000,
    0x0000, 0x0000, 0x0000, 0x0000, 0x0000, 0x0000, 0x0000, 0x0000, 0x0000, 0x0000, 0x0000, 0x0000,
    0x0000, 0x0000, 0x0000, 0x0000, 0x0000, 0x0000, 0x0000, 0x0000, 0x0000, 0x0000, 0x0000, 0x0000,
    0x0000, 0x0000, 0x0000, 0x0000, 0x0000, 0x0000, 0x0000, 0x0000, 0x0000, 0x0000, 0x39E9, 0x8D17,
    0x84B5, 0xADD9, 0xADF9, 0xADF9, 0xA5D8, 0xAE1A, 0x6BD1, 0x10A3, 0x9D78, 0xCEFC, 0xCEDC, 0xCEFC,
    0xCEFC, 0xCEDC, 0xCEDC, 0xCEFC, 0xCEDC, 0xD73D, 0xB639, 0x69C9, 0x920B, 0x922C, 0x5146, 0x0000,
    0x39A6, 0x9CB1, 0x62EA, 0x2924, 0x4207, 0x840F, 0xC616, 0x0000, 0x0000, 0x0000, 0x0000, 0x0000,
    0xF75A, 0xF73A, 0xF73A, 0xF73A, 0xF75A, 0xF75A, 0xF75A, 0x0000, 0x0000, 0x0000, 0x0000, 0x0000,
    0x0000, 0xCE16, 0x83EE, 0x41E7, 0x2924, 0x62CA, 0x9450, 0x2944, 0x0000, 0x6168, 0x9A2C, 0x91EB,
    0x722A, 0xC6BB, 0xD73D, 0xCEFC, 0xCEFC, 0xCEFC, 0xCF1C, 0xCEFC, 0xCF1C, 0xCEFC, 0xD73D, 0x8D16,
    0x0862, 0x6BF1, 0xAE19, 0xADF9, 0xADF9, 0xADF9, 0xA5B8, 0x84B5, 0x8CF6, 0x2166, 0x0000, 0x0000,
    0x0000, 0x0000, 0x0000, 0x0000, 0x0000, 0x0000, 0x0000, 0x0000, 0x0000, 0x0000, 0x0000, 0x0000,
    0x0000, 0x0000, 0x0000, 0x0000, 0x0000, 0x0000, 0x0000, 0x0000, 0x0000, 0x0000, 0x0000, 0x0000,
    0x0000, 0x0000, 0x0000, 0x0000, 0x0000, 0x0000, 0x0000, 0x0000, 0x0000, 0x0000, 0x0000, 0x0000,
    0x0000, 0x0000, 0x0000, 0x0000, 0x0000, 0x0000, 0x0000, 0x7412, 0x84D6, 0x9537, 0xADF9, 0xADD9,
    0xADD9, 0xADF9, 0xA5F9, 0x2987, 0x426B, 0xCEFD, 0xCEDC, 0xCEFC, 0xCEFC, 0xCEDC, 0xCEDC, 0xCEFC,
    0xCEFC, 0xCEDC, 0x0000, 0x8451, 0x6947, 0x9A2C, 0x9A2C, 0x6187, 0x0000, 0x1903, 0xACF2, 0xD616,
    0x9C90, 0x6B0B, 0x4A28, 0x5289, 0x840E, 0xB574, 0xDEB8, 0xF75A, 0x0000, 0x0000, 0x0000, 0x0000,
    0x0000, 0x0000, 0x0000, 0x0000, 0xEF3A, 0xDE98, 0xBD74, 0x8C2F, 0x62EB, 0x5289, 0x736C, 0xACF1,
    0xD636, 0x9C91, 0x10A2, 0x1021, 0x79C9, 0x9A2B, 0x9A0B, 0x6127, 0x94F4, 0x0000, 0xCEFC, 0xCEFC,
    0xCEFC, 0xCF1C, 0xCF1C, 0xCEFC, 0xCF1C, 0xD71D, 0xCEFD, 0x31E9, 0x31C8, 0xA5D9, 0xADF8, 0xADD8,
    0xADF9, 0xAE19, 0x9516, 0x84F6, 0x636F, 0x0000, 0x0000, 0x0000, 0x0000, 0x0000, 0x0000, 0x0000,
    0x0000, 0x0000, 0x0000, 0x0000, 0x0000, 0x0000, 0x0000, 0x0000, 0x0000, 0x0000, 0x0000, 0x0000,
    0x0000, 0x0000, 0x0000, 0x0000, 0x0000, 0x0000, 0x0000, 0x0000, 0x0000, 0x0000, 0x0000, 0x0000,
    0x0000, 0x0000, 0x0000, 0x0000, 0x0000, 0x0000, 0x0000, 0x0000, 0x0000, 0x0000, 0x0000, 0x0000,
    0x0000, 0x0000, 0x0000, 0x2987, 0x8D17, 0x7CB5, 0xA5B8, 0xADF9, 0xADF9, 0xADD8, 0xAE19, 0x84B4,
    0x10A3, 0x9536, 0xD71D, 0xCEDC, 0xCEFC, 0xCEDC, 0xCEFC, 0xCEFC, 0xCEFC, 0xCEFC, 0xCEFC, 0xCF1D,
    0x524A, 0x7989, 0xA26C, 0xB2AD, 0x922B, 0x30A3, 0x0000, 0x4207, 0xB533, 0xF6F9, 0xF75A, 0xDE98,
    0xBDB5, 0xB533, 0xBD74, 0xD636, 0xEF19, 0x0000, 0x0000, 0x0000, 0x0000, 0x0000, 0x0000, 0xEF19,
    0xD636, 0xBD74, 0xB574, 0xC5F5, 0xE6B8, 0xFF5A, 0xF6F9, 0xB513, 0x39C6, 0x0000, 0x48E5, 0xA24B,
    0xB26C, 0x9A2C, 0x6927, 0x5AEC, 0x0000, 0xCEFC, 0xCEFC, 0xCEFC, 0xCEFC, 0xCEFC, 0xCF1D, 0xCF1C,
    0xCEFC, 0x0000, 0x84B4, 0x0883, 0x8CF6, 0xB619, 0xADD9, 0xADD9, 0xADF9, 0xA5B8, 0x84B5, 0x8CF6,
    0x1904, 0x0000, 0x0000, 0x0000, 0x0000, 0x0000, 0x0000, 0x0000, 0x0000, 0x0000, 0x0000, 0x0000,
    0x0000, 0x0000, 0x0000, 0x0000, 0x0000, 0x0000, 0x0000, 0x0000, 0x0000, 0x0000, 0x0000, 0x0000,
    0x0000, 0x0000, 0x0000, 0x0000, 0x0000, 0x0000, 0x0000, 0x0000, 0x0000, 0x0000, 0x0000, 0x0000,
    0x0000, 0x0000, 0x0000, 0x0000, 0x0000, 0x0000, 0x0000, 0x0000, 0x0000, 0x0000, 0x0000, 0x0000,
    0x636F, 0x84F6, 0x8D36, 0xADF9, 0xADD9, 0xADD9, 0xADD8, 0xAE3A, 0x4ACC, 0x31E8, 0xCF1D, 0xCEFC,
    0xCEFC, 0xCEFC, 0xCEFC, 0xCEFC, 0xCEDC, 0xCEFC, 0xC6DB, 0xD71D, 0xB639, 0x30E4, 0x91EA, 0xAA6C,
    0xC2CE, 0xBAEE, 0x81E9, 0x1821, 0x0000, 0x39A6, 0x9C50, 0xDE78, 0x0000, 0x0000, 0x0000, 0x0000,
    0x0000, 0x0000, 0x0000, 0x0000, 0x0000, 0x0000, 0x0000, 0x0000, 0x0000, 0x0000, 0x0000, 0x0000,
    0xDE98, 0x9450, 0x31A6, 0x0000, 0x2862, 0x922A, 0xC2AD, 0xBA8D, 0xA24C, 0x7989, 0x3125, 0xBE9A,
    0xD73D, 0xCEFC, 0xCEDC, 0xCEFC, 0xCF1C, 0xCF1C, 0xD71D, 0xD71D, 0xD71D, 0xC6DC, 0x2146, 0x5B2E,
    0xB63A, 0xADF8, 0xADF9, 0xADF9, 0xADF9, 0x8D16, 0x8CF7, 0x530E, 0x0000, 0x0000, 0x0000, 0x0000,
    0x0000, 0x0000, 0x0000, 0x0000, 0x0000, 0x0000, 0x0000, 0x0000, 0x0000, 0x0000, 0x0000, 0x0000,
    0x0000, 0x0000, 0x0000, 0x0000, 0x0000, 0x0000, 0x0000, 0x0000, 0x0000, 0x0000, 0x0000, 0x0000,
    0x0000, 0x0000, 0x0000, 0x0000, 0x0000, 0x0000, 0x0000, 0x0000, 0x0000, 0x0000, 0x0000, 0x0000,
    0x0000, 0x0000, 0x0000, 0x0000, 0x0000, 0x0000, 0x0000, 0x0000, 0x18C4, 0x84D5, 0x84D6, 0xA5B8,
    0xADF9, 0xADD9, 0xADF9, 0xADF9, 0xA5B9, 0x2146, 0x7C72, 0x0000, 0xC6DB, 0xCEFC, 0xCEFC, 0xCEDC,
    0xC6DC, 0xCEFC, 0xCEFC, 0xC6BB, 0x0000, 0x7C72, 0x3063, 0x9A2C, 0xAA6C, 0xBAAD, 0xC2CE, 0xBAAD,
    0x79A8, 0x2041, 0x0000, 0x10A2, 0x5269, 0x942F, 0xC5B5, 0xDE98, 0xEF1A, 0x0000, 0x0000, 0x0000,
    0x0000, 0x0000, 0x0000, 0xEF3A, 0xDE98, 0xC5B5, 0x8C4F, 0x4A68, 0x10A2, 0x0000, 0x2862, 0x81E9,
    0xBACD, 0xC2AD, 0xB28C, 0xAA4C, 0x920B, 0x2862, 0x9515, 0xD75D, 0xC6BB, 0xCEFC, 0xCEFC, 0xCEFC,
    0xCEFC, 0xD71D, 0xD71D, 0xCEFC, 0x0000, 0x638F, 0x2987, 0xADFA, 0xADF9, 0xADF9, 0xADF9, 0xADF9,
    0x9D98, 0x84D6, 0x7C94, 0x1082, 0x0000, 0x0000, 0x0000, 0x0000, 0x0000, 0x0000, 0x0000, 0x0000,
    0x0000, 0x0000, 0x0000, 0x0000, 0x0000, 0x0000, 0x0000, 0x0000, 0x0000, 0x0000, 0x0000, 0x0000,
    0x0000, 0x0000, 0x0000, 0x0000, 0x0000, 0x0000, 0x0000, 0x0000, 0x0000, 0x0000, 0x0000, 0x0000,
    0x0000, 0x0000, 0x0000, 0x0000, 0x0000, 0x0000, 0x0000, 0x0000, 0x0000, 0x0000, 0x0000, 0x0000,
    0x0000, 0x0000, 0x0000, 0x0000, 0x0000, 0x428B, 0x8517, 0x84F6, 0xADF9, 0xADD8, 0xADF9, 0xADF8,
    0xB63A, 0x84B5, 0x2146, 0xBE5A, 0xCF1C, 0xCEFC, 0xCEDC, 0xCEDC, 0xCEFC, 0xCEFC, 0xC6DC, 0xCEFC,
    0xCEDC, 0x0000, 0x426A, 0x48C5, 0xA24D, 0xAA6C, 0xBA8D, 0xBA8D, 0xC2AD, 0xBAAD, 0x8A0A, 0x4925,
    0x1821, 0x0000, 0x0000, 0x18E3, 0x31A6, 0x4A68, 0x5ACA, 0x62EB, 0x62EA, 0x5AAA, 0x4A48, 0x3185,
    0x10C3, 0x0000, 0x0000, 0x1841, 0x5926, 0x9A2A, 0xC2CD, 0xC2AD, 0xB28C, 0xBA8C, 0xAA6C, 0xA22C,
    0x3063, 0x5B2D, 0x0000, 0xCEDC, 0xCEFC, 0xCEFC, 0xD71D, 0xCF1C, 0xCEFC, 0xCF1C, 0xCEFC, 0xD75D,
    0xB5F9, 0x1905, 0x9516, 0xB619, 0xADF9, 0xADF9, 0xADF9, 0xADF9, 0x84F6, 0x8D37, 0x3A09, 0x0000,
    0x0000, 0x0000, 0x0000, 0x0000, 0x0000, 0x0000, 0x0000, 0x0000, 0x0000, 0x0000, 0x0000, 0x0000,
    0x0000, 0x0000, 0x0000, 0x0000, 0x0000, 0x0000, 0x0000, 0x0000, 0x0000, 0x0000, 0x0000, 0x0000,
    0x0000, 0x0000, 0x0000, 0x0000, 0x0000, 0x0000, 0x0000, 0x0000, 0x0000, 0x0000, 0x0000, 0x0000,
    0x0000, 0x0000, 0x0000, 0x0000, 0x0000, 0x0000, 0x0000, 0x0000, 0x0000, 0x0000, 0x0000, 0x0000,
    0x0000, 0x0000, 0x7412, 0x84D6, 0x9D77, 0xADF9, 0xADD8, 0xADF9, 0xADF8, 0xBE5B, 0x5B4E, 0x4AAB,
    0xD75E, 0xC6BB, 0xC6DC, 0xCEFC, 0xCEFC, 0xCEFC, 0xC6BB, 0xCEFC, 0xCEFC, 0xCF1D, 0xC6BB, 0x18E3,
    0x5927, 0xA24D, 0xAA6C, 0xBAAD, 0xB28C, 0xB28C, 0xC2AD, 0xC2CE, 0xBAAD, 0xA24B, 0x79A8, 0x50E5,
    0x3083, 0x2041, 0x1801, 0x1000, 0x1000, 0x1821, 0x2042, 0x38A3, 0x5105, 0x7988, 0xA24B, 0xBACD,
    0xD390, 0xDC12, 0xBAAD, 0xBA6C, 0xBAAD, 0xAA4C, 0xA24C, 0x48C5, 0x2986, 0xD71D, 0xCEFC, 0xCEFC,
    0xCEFC, 0xCEFC, 0xCEFC, 0xCEFC, 0xCEFC, 0xD71D, 0xD71C, 0x0000, 0x424A, 0x63B0, 0xB65A, 0xADD8,
    0xADF9, 0xADF9, 0xAE19, 0x9537, 0x84F6, 0x6BB0, 0x0000, 0x0000, 0x0000, 0x0000, 0x0000, 0x0000,
    0x0000, 0x0000, 0x0000, 0x0000, 0x0000, 0x0000, 0x0000, 0x0000, 0x0000, 0x0000, 0x0000, 0x0000,
    0x0000, 0x0000, 0x0000, 0x0000, 0x0000, 0x0000, 0x0000, 0x0000, 0x0000, 0x0000, 0x0000, 0x0000,
    0x0000, 0x0000, 0x0000, 0x0000, 0x0000, 0x0000, 0x0000, 0x0000, 0x0000, 0x0000, 0x0000, 0x0000,
    0x0000, 0x0000, 0x0000, 0x0000, 0x0000, 0x0000, 0x0000, 0x0000, 0x0000, 0x0000, 0x2125, 0x84D6,
    0x84D5, 0xA5D8, 0xADF9, 0xADF9, 0xADF9, 0xADF9, 0xB63A, 0x424A, 0x8CD4, 0xD75D, 0xC6BB, 0xCEDC,
    0xCEFC, 0xCEFC, 0xCEFC, 0xCEFC, 0xCEFC, 0xCEFC, 0xD75E, 0xA5B7, 0x0000, 0x6968, 0x9A2C, 0xAA4C,
    0xBAAD, 0xBA8C, 0xBA8D, 0xBA8D, 0xC2CE, 0xCAEE, 0xCB0F, 0xCB0F, 0xCAEE, 0xC2EE, 0xC2EE, 0xBACE,
    0xC2CE, 0xC2EE, 0xCB2F, 0xCB2F, 0xD3D1, 0xDC93, 0xDC73, 0xCB0F, 0xE4D4, 0xFE7A, 0xC30E, 0xBA8C,
    0xAA4C, 0xA24C, 0x5926, 0x1082, 0xC67A, 0xD73D, 0xCEDC, 0xCEFC, 0xCEFC, 0xCF1C, 0xCEFC, 0xCF1C,
    0xCEFC, 0xCEDC, 0x0000, 0x8472, 0x4AAC, 0xB63A, 0xADF9, 0xADF9, 0xADF8, 0xADF9, 0xA5B8, 0x84D6,
    0x84B5, 0x10A3, 0x0000, 0x0000, 0x0000, 0x0000, 0x0000, 0x0000, 0x0000, 0x0000, 0x0000, 0x0000,
    0x0000, 0x0000, 0x0000, 0x0000, 0x0000, 0x0000, 0x0000, 0x0000, 0x0000, 0x0000, 0x0000, 0x0000,
    0x0000, 0x0000, 0x0000, 0x0000, 0x0000, 0x0000, 0x0000, 0x0000, 0x0000, 0x0000, 0x0000, 0x0000,
    0x0000, 0x0000, 0x0000, 0x0000, 0x0000, 0x0000, 0x0000, 0x0000, 0x0000, 0x0000, 0x0000, 0x0000,
    0x0000, 0x0000, 0x0000, 0x0000, 0x0000, 0x0000, 0x0000, 0x428B, 0x8D17, 0x8D16, 0xADF9, 0xADF9,
    0xADF9, 0xADF9, 0xB619, 0xA5B8, 0x426A, 0xC69A, 0xD71D, 0xCEFC, 0xD71D, 0xD71D, 0xCEFC, 0xCF1D,
    0xCF1C, 0xD71D, 0xCEFC, 0x0000, 0x8CD4, 0x0000, 0x6988, 0xA22D, 0xA24C, 0xBA8D, 0xBAAD, 0xBAAD,
    0xC2CE, 0xCB2F, 0xCB4F, 0xD390, 0xD390, 0xD3B0, 0xD3B0, 0xD3B1, 0xDB91, 0xDBB1, 0xD370, 0x0000,
    0x0000, 0xFEBB, 0xFEBB, 0xD3B1, 0xCB0E, 0xCB6F, 0xB28D, 0xA22C, 0xA24C, 0x5926, 0x0000, 0xADB7,
    0x0000, 0xCEDC, 0xCEFC, 0xCEFC, 0xCEFC, 0xCF1C, 0xCEFC, 0xCF1C, 0xCEFC, 0xD75D, 0xBE5A, 0x4ACC,
    0xADF9, 0xB619, 0xADF9, 0xADF9, 0xADF8, 0xADF9, 0x8CF6, 0x8CF6, 0x31E9, 0x0000, 0x0000, 0x0000,
    0x0000, 0x0000, 0x0000, 0x0000, 0x0000, 0x0000, 0x0000, 0x0000, 0x0000, 0x0000, 0x0000, 0x0000,
    0x0000, 0x0000, 0x0000, 0x0000, 0x0000, 0x0000, 0x0000, 0x0000, 0x0000, 0x0000, 0x0000, 0x0000,
    0x0000, 0x0000, 0x0000, 0x0000, 0x0000, 0x0000, 0x0000, 0x0000, 0x0000, 0x0000, 0x0000, 0x0000,
    0x0000, 0x0000, 0x0000, 0x0000, 0x0000, 0x0000, 0x0000, 0x0000, 0x0000, 0x0000, 0x0000, 0x0000,
    0x0000, 0x0000, 0x0000, 0x0000, 0x63B0, 0x84F6, 0x9D57, 0xB619, 0xADF9, 0xADF9, 0xADF9, 0xB65A,
    0x8CF5, 0x6B8F, 0xD73D, 0xCEFC, 0xCEFC, 0xCEFC, 0xCEFC, 0xCF1C, 0xCF1C, 0xCF1C, 0xCF1C, 0xCEFC,
    0x0000, 0x8472, 0x0000, 0x5126, 0x9A2C, 0xA22C, 0xAA4C, 0xB28D, 0xBAAD, 0xBACD, 0xC2CE, 0xC30E,
    0xCB2F, 0xCB4F, 0xCB4F, 0xCB70, 0xD370, 0xD370, 0xCB2F, 0xD432, 0x0000, 0x0000, 0xCBD1, 0xBAAD,
    0xBA6D, 0xAA2C, 0xA22C, 0x920C, 0x40C4, 0x0000, 0x9D35, 0x0000, 0xCEDC, 0xCEFC, 0xCEFC, 0xCEFC,
    0xCEFC, 0xCEFC, 0xCEFC, 0xCF1C, 0xCF1C, 0xD73D, 0x6BAF, 0x9D57, 0xB63A, 0xADF9, 0xADF9, 0xADF9,
    0xB619, 0x9557, 0x8D17, 0x5B4E, 0x0000, 0x0000, 0x0000, 0x0000, 0x0000, 0x0000, 0x0000, 0x0000,
    0x0000, 0x0000, 0x0000, 0x0000, 0x0000, 0x0000, 0x0000, 0x0000, 0x0000, 0x0000, 0x0000, 0x0000,
    0x0000, 0x0000, 0x0000, 0x0000, 0x0000, 0x0000, 0x0000, 0x0000, 0x0000, 0x0000, 0x0000, 0x0000,
    0x0000, 0x0000, 0x0000, 0x0000, 0x0000, 0x0000, 0x0000, 0x0000, 0x0000, 0x0000, 0x0000, 0x0000,
    0x0000, 0x0000, 0x0000, 0x0000, 0x0000, 0x0000, 0x0000, 0x0000, 0x0000, 0x0000, 0x0000, 0x0000,
    0x10A2, 0x7C74, 0x84B5, 0xA5B8, 0xB619, 0xAE19, 0xAE19, 0xADF9, 0xBE5A, 0x8CB4, 0x9515, 0xD75D,
    0xCEDC, 0xCEFC, 0xCEFC, 0xCEFC, 0xCEFC, 0xCEFC, 0xCEFC, 0xCEFC, 0xCEFC, 0x0000, 0x7C52, 0x0000,
    0x2062, 0x7188, 0x9A2C, 0xA24D, 0xAA6C, 0xAA6C, 0xB26C, 0xB28D, 0xBAAD, 0xBAAD, 0xBAAD, 0xBAAD,
    0xBAAD, 0xBAAD, 0xBAAD, 0xB26C, 0xB24C, 0xAA2B, 0xAA2C, 0xAA4C, 0xA24D, 0x922C, 0x6167, 0x1821,
    0x10C3, 0x9536, 0x0000, 0xCEFC, 0xCF1C, 0xCF1C, 0xCF1C, 0xCEFC, 0xCEFC, 0xCEFC, 0xCEFC, 0xCF1C,
    0x0000, 0x94F4, 0x8CF5, 0xBE5A, 0xADF9, 0xADF9, 0xADF9, 0xB619, 0xA5B8, 0x84D6, 0x7433, 0x0000,
    0x0000, 0x0000, 0x0000, 0x0000, 0x0000, 0x0000, 0x0000, 0x0000, 0x0000, 0x0000, 0x0000, 0x0000,
    0x0000, 0x0000, 0x0000, 0x0000, 0x0000, 0x0000, 0x0000, 0x0000, 0x0000, 0x0000, 0x0000, 0x0000,
    0x0000, 0x0000, 0x0000, 0x0000, 0x0000, 0x0000, 0x0000, 0x0000, 0x0000, 0x0000, 0x0000, 0x0000,
    0x0000, 0x0000, 0x0000, 0x0000, 0x0000, 0x0000, 0x0000, 0x0000, 0x0000, 0x0000, 0x0000, 0x0000,
    0x0000, 0x0000, 0x0000, 0x0000, 0x0000, 0x0000, 0x0000, 0x0000, 0x0000, 0x2146, 0x84D6, 0x84D6,
    0xADF9, 0xB619, 0xAE19, 0xAE19, 0xADF9, 0xB65A, 0x8CF4, 0xBE39, 0xCF1D, 0xCEFC, 0xCEFC, 0xCEFC,
    0xCEFC, 0xCEFC, 0xCEFC, 0xCF1C, 0xCEFC, 0xCEFC, 0xD71D, 0x84D5, 0x31E8, 0x0000, 0x1841, 0x5106,
    0x71A9, 0x8A0B, 0x9A2C, 0xA24C, 0xA24C, 0xAA6D, 0xAA6D, 0xAA6C, 0xAA6C, 0xAA4C, 0xAA4C, 0xA24D,
    0xA24C, 0x9A2C, 0x8A0B, 0x71A9, 0x48E5, 0x1021, 0x0000, 0x3A4A, 0x9557, 0xD73D, 0xCEFC, 0xCF1C,
    0xCEFC, 0xCEFC, 0xCF1D, 0xCEFC, 0xCEFC, 0xCEFC, 0xCEFC, 0xD73D, 0xB659, 0x9536, 0xB63A, 0xADF9,
    0xAE19, 0xADF9, 0xAE19, 0xADF9, 0x8CF6, 0x84B5, 0x18E4, 0x0000, 0x0000, 0x0000, 0x0000, 0x0000,
    0x0000, 0x0000, 0x0000, 0x0000, 0x0000, 0x0000, 0x0000, 0x0000, 0x0000, 0x0000, 0x0000, 0x0000,
    0x0000, 0x0000, 0x0000, 0x0000, 0x0000, 0x0000, 0x0000, 0x0000, 0x0000, 0x0000, 0x0000, 0x0000,
    0x0000, 0x0000, 0x0000, 0x0000, 0x0000, 0x0000, 0x0000, 0x0000, 0x0000, 0x0000, 0x0000, 0x0000,
    0x0000, 0x0000, 0x0000, 0x0000, 0x0000, 0x0000, 0x0000, 0x0000, 0x0000, 0x0000, 0x0000, 0x0000,
    0x0000, 0x0000, 0x0000, 0x0000, 0x0000, 0x0000, 0x3A29, 0x84F7, 0x9516, 0xB619, 0xADF9, 0xB619,
    0xB619, 0xB619, 0xB639, 0xADD8, 0xCEFC, 0xCEFC, 0xCEDC, 0xCEFC, 0xCEFC, 0xCF1C, 0xCEFC, 0xCEFC,
    0xCEFC, 0xCEFC, 0xD71C, 0xC6DC, 0x8D37, 0x6C12, 0x3A6A, 0x10C3, 0x0000, 0x0000, 0x2041, 0x3083,
    0x40C4, 0x4905, 0x5106, 0x5926, 0x5926, 0x5106, 0x48E5, 0x38A4, 0x2862, 0x1821, 0x0000, 0x0000,
    0x1904, 0x42AC, 0x7433, 0x9578, 0xCEFC, 0xD71C, 0xCEFC, 0xCF1C, 0xCF1C, 0xCEFC, 0xCEFC, 0xCF1C,
    0xCEFC, 0xCEFC, 0xCF1C, 0xCEDC, 0xADD8, 0xB63A, 0xADF9, 0xAE19, 0xADF9, 0xADF9, 0xADF9, 0x9516,
    0x8CF6, 0x31A7, 0x0000, 0x0000, 0x0000, 0x0000, 0x0000, 0x0000, 0x0000, 0x0000, 0x0000, 0x0000,
    0x0000, 0x0000, 0x0000, 0x0000, 0x0000, 0x0000, 0x0000, 0x0000, 0x0000, 0x0000, 0x0000, 0x0000,
    0x0000, 0x0000, 0x0000, 0x0000, 0x0000, 0x0000, 0x0000, 0x0000, 0x0000, 0x0000, 0x0000, 0x0000,
    0x0000, 0x0000, 0x0000, 0x0000, 0x0000, 0x0000, 0x0000, 0x0000, 0x0000, 0x0000, 0x0000, 0x0000,
    0x0000, 0x0000, 0x0000, 0x0000, 0x0000, 0x0000, 0x0000, 0x0000, 0x0000, 0x0000, 0x0000, 0x0000,
    0x0000, 0x0000, 0x0000, 0x52ED, 0x8CF7, 0x9557, 0xB619, 0xADF9, 0xAE19, 0xB619, 0xB639, 0xB619,
    0xBE7A, 0xCEFC, 0xCEDC, 0xCEFC, 0xCEFC, 0xCEFC, 0xCEFC, 0xCEFC, 0xCEFC, 0xCF1C, 0xCEFC, 0xD73D,
    0xC69B, 0x8D16, 0x84D6, 0x84D6, 0x7412, 0x530E, 0x3A2A, 0x2186, 0x1904, 0x10C3, 0x08A3, 0x08A3,
    0x08A3, 0x10C3, 0x10E4, 0x1925, 0x29A7, 0x3A4A, 0x5B4F, 0x7453, 0x8CF6, 0x84D6, 0x9557, 0xCEDC,
    0xD71C, 0xCEFC, 0xCF1C, 0xCF1C, 0xCF1C, 0xCF1C, 0xCEFC, 0xCEFC, 0xCEFC, 0xCEDC, 0xCF1C, 0xBE7A,
    0xB619, 0xAE19, 0xADF9, 0xADF9, 0xADF9, 0xAE19, 0x9557, 0x8D17, 0x424A, 0x0000, 0x0000, 0x0000,
    0x0000, 0x0000, 0x0000, 0x0000, 0x0000, 0x0000, 0x0000, 0x0000, 0x0000, 0x0000, 0x0000, 0x0000,
    0x0000, 0x0000, 0x0000, 0x0000, 0x0000, 0x0000, 0x0000, 0x0000, 0x0000, 0x0000, 0x0000, 0x0000,
    0x0000, 0x0000, 0x0000, 0x0000, 0x0000, 0x0000, 0x0000, 0x0000, 0x0000, 0x0000, 0x0000, 0x0000,
    0x0000, 0x0000, 0x0000, 0x0000, 0x0000, 0x0000, 0x0000, 0x0000, 0x0000, 0x0000, 0x0000, 0x0000,
    0x0000, 0x0000, 0x0000, 0x0000, 0x0000, 0x0000, 0x0000, 0x0000, 0x0000, 0x0000, 0x0000, 0x0000,
    0x5B4F, 0x8D17, 0x9D98, 0xB619, 0xADF9, 0xB619, 0xB619, 0xAE19, 0xAE19, 0xC6BB, 0xCEFC, 0xCEFC,
    0xCEFC, 0xCEFC, 0xCEFC, 0xCF1C, 0xD71C, 0xCF1C, 0xCF1C, 0xCEFC, 0xD71D, 0xCEDC, 0x9557, 0x7C74,
    0x84B5, 0x8D17, 0x9558, 0x8D17, 0x8495, 0x7432, 0x63B0, 0x636F, 0x638F, 0x6BD1, 0x7C53, 0x84B5,
    0x8D17, 0x8D37, 0x84F6, 0x7CB5, 0x7C95, 0x9D98, 0xCEFC, 0xD71D, 0xCEFC, 0xCEFC, 0xCF1C, 0xCF1C,
    0xCEFC, 0xCF1C, 0xCEFC, 0xCEFC, 0xCEFC, 0xCEDC, 0xBE9B, 0xB619, 0xB619, 0xAE19, 0xAE19, 0xADF9,
    0xB619, 0x9D77, 0x8D17, 0x4AAC, 0x0000, 0x0000, 0x0000, 0x0000, 0x0000, 0x0000, 0x0000, 0x0000,
    0x0000, 0x0000, 0x0000, 0x0000, 0x0000, 0x0000, 0x0000, 0x0000, 0x0000, 0x0000, 0x0000, 0x0000,
    0x0000, 0x0000, 0x0000, 0x0000, 0x0000, 0x0000, 0x0000, 0x0000, 0x0000, 0x0000, 0x0000, 0x0000,
    0x0000, 0x0000, 0x0000, 0x0000, 0x0000, 0x0000, 0x0000, 0x0000, 0x0000, 0x0000, 0x0000, 0x0000,
    0x0000, 0x0000, 0x0000, 0x0000, 0x0000, 0x0000, 0x0000, 0x0000, 0x0000, 0x0000, 0x0000, 0x0000,
    0x0000, 0x0000, 0x0000, 0x0000, 0x0000, 0x0000, 0x0000, 0x0000, 0x0000, 0x63B0, 0x8D37, 0xA5B8,
    0xB63A, 0xB5F9, 0xADF9, 0xAE19, 0xB619, 0xB639, 0xCEDC, 0xCF1C, 0xCEFC, 0xCEFC, 0xCF1C, 0xCEFC,
    0xCF1C, 0xCF1C, 0xCF1C, 0xCEFC, 0xCEFC, 0xCF1C, 0xD71D, 0xB63A, 0x9536, 0x7433, 0x3A2A, 0x2125,
    0x0882, 0x0000, 0x0000, 0x0000, 0x0000, 0x0000, 0x0000, 0x1082, 0x2125, 0x3A2A, 0x7453, 0x9537,
    0xBE5A, 0xD71D, 0xCEFC, 0xCEFC, 0xCEFC, 0xCEFC, 0xCEFC, 0xCEFC, 0xCEFC, 0xCEFC, 0xCEFC, 0xCEFC,
    0xCEFC, 0xC6BB, 0xB619, 0xB619, 0xAE19, 0xB619, 0xAE19, 0xAE19, 0xA598, 0x8D37, 0x5B2E, 0x0000,
    0x0000, 0x0000, 0x0000, 0x0000, 0x0000, 0x0000, 0x0000, 0x0000, 0x0000, 0x0000, 0x0000, 0x0000,
    0x0000, 0x0000, 0x0000, 0x0000, 0x0000, 0x0000, 0x0000, 0x0000, 0x0000, 0x0000, 0x0000, 0x0000,
    0x0000, 0x0000, 0x0000, 0x0000, 0x0000, 0x0000, 0x0000, 0x0000, 0x0000, 0x0000, 0x0000, 0x0000,
    0x0000, 0x0000, 0x0000, 0x0000, 0x0000, 0x0000, 0x0000, 0x0000, 0x0000, 0x0000, 0x0000, 0x0000,
    0x0000, 0x0000, 0x0000, 0x0000, 0x0000, 0x0000, 0x0000, 0x0000, 0x0000, 0x0000, 0x0000, 0x0000,
    0x0000, 0x0000, 0x0000, 0x0000, 0x0000, 0x0000, 0x6BF2, 0x9537, 0xADD8, 0xB619, 0xB619, 0xAE19,
    0xB619, 0xB639, 0xBE5A, 0xCEFC, 0xCF1C, 0xCF1C, 0xCEFC, 0xCEFC, 0xCEFC, 0xCEFC, 0xCEFC, 0xCEFC,
    0xCEFC, 0xCF1C, 0xD73D, 0xD71D, 0xBE9C, 0x7432, 0x0000, 0x0000, 0x0000, 0x0000, 0x0000, 0x0000,
    0x0000, 0x0000, 0x0000, 0x0000, 0x0000, 0x0000, 0x7C53, 0xC69C, 0xD73D, 0xD73D, 0xCEFC, 0xCEFC,
    0xCEFC, 0xCF1C, 0xCF1C, 0xCF1C, 0xCEFC, 0xCEFC, 0xCF1C, 0xD71D, 0xCEDC, 0xB639, 0xB639, 0xB639,
    0xAE19, 0xAE19, 0xB619, 0xA5B8, 0x9557, 0x5B4F, 0x0000, 0x0000, 0x0000, 0x0000, 0x0000, 0x0000,
    0x0000, 0x0000, 0x0000, 0x0000, 0x0000, 0x0000, 0x0000, 0x0000, 0x0000, 0x0000, 0x0000, 0x0000,
    0x0000, 0x0000, 0x0000, 0x0000, 0x0000, 0x0000, 0x0000, 0x0000, 0x0000, 0x0000, 0x0000, 0x0000,
    0x0000, 0x0000, 0x0000, 0x0000, 0x0000, 0x0000, 0x0000, 0x0000, 0x0000, 0x0000, 0x0000, 0x0000,
    0x0000, 0x0000, 0x0000, 0x0000, 0x0000, 0x0000, 0x0000, 0x0000, 0x0000, 0x0000, 0x0000, 0x0000,
    0x0000, 0x0000, 0x0000, 0x0000, 0x0000, 0x0000, 0x0000, 0x0000, 0x0000, 0x0000, 0x0000, 0x0000,
    0x0000, 0x0000, 0x0000, 0x6C12, 0x9578, 0xADF9, 0xB619, 0xAE19, 0xB619, 0xB63A, 0xB639, 0xB65A,
    0xCEDC, 0xD71D, 0xCEFC, 0xCEFC, 0xCEFC, 0xCEFC, 0xCEFC, 0xCEFC, 0xCF1C, 0xC6DC, 0xA5B8, 0x7433,
    0x532E, 0x426B, 0x0000, 0x0000, 0x0000, 0x0000, 0x0000, 0x0000, 0x0000, 0x0000, 0x0000, 0x0000,
    0x0000, 0x0000, 0x428B, 0x530E, 0x7453, 0xADF9, 0xCEDC, 0xCF1C, 0xD71D, 0xD71D, 0xCF1C, 0xCEFC,
    0xCEFC, 0xCEFC, 0xCF1C, 0xC6DC, 0xB65A, 0xB639, 0xB619, 0xB619, 0xAE19, 0xB619, 0xA5D8, 0x9558,
    0x6390, 0x0000, 0x0000, 0x0000, 0x0000, 0x0000, 0x0000, 0x0000, 0x0000, 0x0000, 0x0000, 0x0000,
    0x0000, 0x0000, 0x0000, 0x0000, 0x0000, 0x0000, 0x0000, 0x0000, 0x0000, 0x0000, 0x0000, 0x0000,
    0x0000, 0x0000, 0x0000, 0x0000, 0x0000, 0x0000, 0x0000, 0x0000, 0x0000, 0x0000, 0x0000, 0x0000,
    0x0000, 0x0000, 0x0000, 0x0000, 0x0000, 0x0000, 0x0000, 0x0000, 0x0000, 0x0000, 0x0000, 0x0000,
    0x0000, 0x0000, 0x0000, 0x0000, 0x0000, 0x0000, 0x0000, 0x0000, 0x0000, 0x0000, 0x0000, 0x0000,
    0x0000, 0x0000, 0x0000, 0x0000, 0x0000, 0x0000, 0x0000, 0x0000, 0x0000, 0x0000, 0x0000, 0x0000,
    0x6C12, 0x9578, 0xADF9, 0xB619, 0xADF9, 0xB639, 0xB639, 0xB639, 0xB639, 0xC6BB, 0xCEFC, 0xCF1C,
    0xCF1C, 0xD71D, 0xCEFC, 0xCF1C, 0xC6BB, 0x9D56, 0x8493, 0x8C93, 0x94D3, 0xB5D7, 0x52AB, 0x0000,
    0x0000, 0x0000, 0x0000, 0x0000, 0x0000, 0x0000, 0x0000, 0x0000, 0x0000, 0x6B4D, 0xB5D7, 0x8CD3,
    0x8472, 0x8472, 0x9D97, 0xC6BB, 0xD71D, 0xD71D, 0xCF1C, 0xCF1C, 0xD71C, 0xCEFC, 0xBE9B, 0xB639,
    0xB63A, 0xB639, 0xB619, 0xAE19, 0xB639, 0xADD8, 0x9578, 0x63B0, 0x0000, 0x0000, 0x0000, 0x0000,
    0x0000, 0x0000, 0x0000, 0x0000, 0x0000, 0x0000, 0x0000, 0x0000, 0x0000, 0x0000, 0x0000, 0x0000,
    0x0000, 0x0000, 0x0000, 0x0000, 0x0000, 0x0000, 0x0000, 0x0000, 0x0000, 0x0000, 0x0000, 0x0000,
    0x0000, 0x0000, 0x0000, 0x0000, 0x0000, 0x0000, 0x0000, 0x0000, 0x0000, 0x0000, 0x0000, 0x0000,
    0x0000, 0x0000, 0x0000, 0x0000, 0x0000, 0x0000, 0x0000, 0x0000, 0x0000, 0x0000, 0x0000, 0x0000,
    0x0000, 0x0000, 0x0000, 0x0000, 0x0000, 0x0000, 0x0000, 0x0000, 0x0000, 0x0000, 0x0000, 0x0000,
    0x0000, 0x0000, 0x0000, 0x0000, 0x0000, 0x0000, 0x0000, 0x0000, 0x0862, 0x6C12, 0x9D98, 0xADF9,
    0xAE19, 0xB63A, 0xB63A, 0xB619, 0xB619, 0xB639, 0xBE5A, 0xC69B, 0xC6BB, 0xCEFC, 0xCEFC, 0xCEFC,
    0xCEFC, 0xD71C, 0x0000, 0x0000, 0x0000, 0x0000, 0xAD76, 0x0000, 0x0000, 0x0000, 0x0000, 0x0000,
    0x0000, 0x0000, 0x0000, 0x0000, 0x0000, 0xC639, 0x0000, 0x0000, 0x0000, 0xD73D, 0xCF1C, 0xCEFC,
    0xCEFC, 0xCEFC, 0xC6BB, 0xC69B, 0xC69B, 0xB65A, 0xB639, 0xB619, 0xB639, 0xB639, 0xB61A, 0xB63A,
    0xADF9, 0x9578, 0x63B0, 0x0000, 0x0000, 0x0000, 0x0000, 0x0000, 0x0000, 0x0000, 0x0000, 0x0000,
    0x0000, 0x0000, 0x0000, 0x0000, 0x0000, 0x0000, 0x0000, 0x0000, 0x0000, 0x0000, 0x0000, 0x0000,
    0x0000, 0x0000, 0x0000, 0x0000, 0x0000, 0x0000, 0x0000, 0x0000, 0x0000, 0x0000, 0x0000, 0x0000,
    0x0000, 0x0000, 0x0000, 0x0000, 0x0000, 0x0000, 0x0000, 0x0000, 0x0000, 0x0000, 0x0000, 0x0000,
    0x0000, 0x0000, 0x0000, 0x0000, 0x0000, 0x0000, 0x0000, 0x0000, 0x0000, 0x0000, 0x0000, 0x0000,
    0x0000, 0x0000, 0x0000, 0x0000, 0x0000, 0x0000, 0x0000, 0x0000, 0x0000, 0x0000, 0x0000, 0x0000,
    0x0000, 0x0000, 0x0000, 0x0000, 0x0000, 0x0000, 0x6C12, 0x9D78, 0xADF8, 0xB619, 0xB619, 0xAE19,
    0xB619, 0xB63A, 0xB63A, 0xB639, 0xBE5A, 0xCEFC, 0xCEFC, 0xCEFC, 0xD73D, 0xD73D, 0x0000, 0x0000,
    0x0000, 0x0000, 0x0000, 0x18C3, 0x0000, 0x0000, 0x0000, 0x0000, 0x0000, 0x0000, 0x0000, 0x0000,
    0x2945, 0x0000, 0x0000, 0x0000, 0x0000, 0xD71C, 0xCF1C, 0xD71D, 0xCEFC, 0xCEFC, 0xCEDC, 0xB639,
    0xAE19, 0xB61A, 0xB63A, 0xAE19, 0xB63A, 0xB63A, 0xB619, 0xA5D8, 0x9557, 0x6390, 0x0000, 0x0000,
    0x0000, 0x0000, 0x0000, 0x0000, 0x0000, 0x0000, 0x0000, 0x0000, 0x0000, 0x0000, 0x0000, 0x0000,
    0x0000, 0x0000, 0x0000, 0x0000, 0x0000, 0x0000, 0x0000, 0x0000, 0x0000, 0x0000, 0x0000, 0x0000,
    0x0000, 0x0000, 0x0000, 0x0000, 0x0000, 0x0000, 0x0000, 0x0000, 0x0000, 0x0000, 0x0000, 0x0000,
    0x0000, 0x0000, 0x0000, 0x0000, 0x0000, 0x0000, 0x0000, 0x0000, 0x0000, 0x0000, 0x0000, 0x0000,
    0x0000, 0x0000, 0x0000, 0x0000, 0x0000, 0x0000, 0x0000, 0x0000, 0x0000, 0x0000, 0x0000, 0x0000,
    0x0000, 0x0000, 0x0000, 0x0000, 0x0000, 0x0000, 0x0000, 0x0000, 0x0000, 0x0000, 0x0000, 0x0000,
    0x0000, 0x0000, 0x0000, 0x6C13, 0x9578, 0xADD8, 0xB619, 0xAE19, 0xB619, 0xB619, 0xB63A, 0xB63A,
    0xC6BB, 0xCEFC, 0xCEFC, 0xCEFC, 0xD71D, 0x0000, 0x0000, 0x0000, 0x0000, 0x0000, 0x0000, 0x52AB,
    0x0000, 0x0000, 0x0000, 0x0000, 0x0000, 0x0000, 0x0000, 0x0000, 0x6B4D, 0x0000, 0x0000, 0x0000,
    0x0000, 0x0000, 0xD71C, 0xD71C, 0xCF1C, 0xCEFC, 0xCF1C, 0xC6BB, 0xB619, 0xB619, 0xADF9, 0xADF9,
    0xADF9, 0xADF9, 0xA5B8, 0x9558, 0x5B70, 0x0000, 0x0000, 0x0000, 0x0000, 0x0000, 0x0000, 0x0000,
    0x0000, 0x0000, 0x0000, 0x0000, 0x0000, 0x0000, 0x0000, 0x0000, 0x0000, 0x0000, 0x0000, 0x0000,
    0x0000, 0x0000, 0x0000, 0x0000, 0x0000, 0x0000, 0x0000, 0x0000, 0x0000, 0x0000, 0x0000, 0x0000,
    0x0000, 0x0000, 0x0000, 0x0000, 0x0000, 0x0000, 0x0000, 0x0000, 0x0000, 0x0000, 0x0000, 0x0000,
    0x0000, 0x0000, 0x0000, 0x0000, 0x0000, 0x0000, 0x0000, 0x0000, 0x0000, 0x0000, 0x0000, 0x0000,
    0x0000, 0x0000, 0x0000, 0x0000, 0x0000, 0x0000, 0x0000, 0x0000, 0x0000, 0x0000, 0x0000, 0x0000,
    0x0000, 0x0000, 0x0000, 0x0000, 0x0000, 0x0000, 0x0000, 0x0000, 0x0000, 0x0000, 0x0000, 0x0000,
    0x6BD2, 0x9D78, 0xADF9, 0xB619, 0xAE19, 0xB619, 0xB619, 0xB639, 0xCEFC, 0xCEFC, 0xCEFC, 0xCEFC,
    0xD71C, 0x0000, 0x0000, 0x0000, 0x0000, 0x0000, 0x0000, 0x94B3, 0x0000, 0x0000, 0x0000, 0x0000,
    0x0000, 0x0000, 0x0000, 0x0000, 0x0000, 0x0000, 0x0000, 0x0000, 0x0000, 0x0000, 0x0000, 0xCF1C,
    0xCF1C, 0xCEFC, 0xCEFC, 0xC6BB, 0xAE19, 0xAE19, 0xAE19, 0xADF9, 0xAE19, 0xA5B8, 0x9558, 0x5B6F,
    0x0000, 0x0000, 0x0000, 0x0000, 0x0000, 0x0000, 0x0000, 0x0000, 0x0000, 0x0000, 0x0000, 0x0000,
    0x0000, 0x0000, 0x0000, 0x0000, 0x0000, 0x0000, 0x0000, 0x0000, 0x0000, 0x0000, 0x0000, 0x0000,
    0x0000, 0x0000, 0x0000, 0x0000, 0x0000, 0x0000, 0x0000, 0x0000, 0x0000, 0x0000, 0x0000, 0x0000,
    0x0000, 0x0000, 0x0000, 0x0000, 0x0000, 0x0000, 0x0000, 0x0000, 0x0000, 0x0000, 0x0000, 0x0000,
    0x0000, 0x0000, 0x0000, 0x0000, 0x0000, 0x0000, 0x0000, 0x0000, 0x0000, 0x0000, 0x0000, 0x0000,
    0x0000, 0x0000, 0x0000, 0x0000, 0x0000, 0x0000, 0x0000, 0x0000, 0x0000, 0x0000, 0x0000, 0x0000,
    0x0000, 0x0000, 0x0000, 0x0000, 0x0000, 0x0000, 0x0000, 0x0000, 0x0000, 0x6BF2, 0x9D98, 0xADD9,
    0xAE19, 0xA5D8, 0xA5D9, 0xADF9, 0xC6BB, 0xC6DC, 0xCF1C, 0xCF1C, 0xD6FC, 0x0000, 0x0000, 0x0000,
    0x0000, 0x0000, 0x0000, 0xCE7A, 0x0000, 0x0000, 0x0000, 0x0000, 0x0000, 0x0000, 0x0000, 0x1082,
    0x0000, 0x0000, 0x0000, 0x0000, 0x0000, 0x0000, 0x0000, 0xD71C, 0xCF1C, 0xCEFC, 0xCEFC, 0xC6BB,
    0xB619, 0xB619, 0xADF9, 0xB619, 0xA5B8, 0x9558, 0x5B4F, 0x0000, 0x0000, 0x0000, 0x0000, 0x0000,
    0x0000, 0x0000, 0x0000, 0x0000, 0x0000, 0x0000, 0x0000, 0x0000, 0x0000, 0x0000, 0x0000, 0x0000,
    0x0000, 0x0000, 0x0000, 0x0000, 0x0000, 0x0000, 0x0000, 0x0000, 0x0000, 0x0000, 0x0000, 0x0000,
    0x0000, 0x0000, 0x0000, 0x0000, 0x0000, 0x0000, 0x0000, 0x0000, 0x0000, 0x0000, 0x0000, 0x0000,
    0x0000, 0x0000, 0x0000, 0x0000, 0x0000, 0x0000, 0x0000, 0x0000, 0x0000, 0x0000, 0x0000, 0x0000,
    0x0000, 0x0000, 0x0000, 0x0000, 0x0000, 0x0000, 0x0000, 0x0000, 0x0000, 0x0000, 0x0000, 0x0000,
    0x0000, 0x0000, 0x0000, 0x0000, 0x0000, 0x0000, 0x0000, 0x0000, 0x0000, 0x0000, 0x0000, 0x0000,
    0x0000, 0x0000, 0x0000, 0x0000, 0x0000, 0x0000, 0x6BB1, 0x9578, 0xA5D8, 0xADF9, 0xA5B8, 0xA5B8,
    0xBE7A, 0xCF1C, 0xCF1C, 0xCF1C, 0xD73D, 0x0000, 0x0000, 0x0000, 0x0000, 0x0000, 0x0000, 0x0000,
    0x3186, 0x0000, 0x0000, 0x0000, 0x0000, 0x0000, 0x0000, 0x4208, 0x0000, 0x0000, 0x0000, 0x0000,
    0x0000, 0x0000, 0x0000, 0xD71C, 0xCF1C, 0xCEFC, 0xCF1C, 0xBE7A, 0xADF9, 0xADF9, 0xB619, 0x9D98,
    0x9537, 0x532E, 0x0000, 0x0000, 0x0000, 0x0000, 0x0000, 0x0000, 0x0000, 0x0000, 0x0000, 0x0000,
    0x0000, 0x0000, 0x0000, 0x0000, 0x0000, 0x0000, 0x0000, 0x0000, 0x0000, 0x0000, 0x0000, 0x0000,
    0x0000, 0x0000, 0x0000, 0x0000, 0x0000, 0x0000, 0x0000, 0x0000, 0x0000, 0x0000, 0x0000, 0x0000,
    0x0000, 0x0000, 0x0000, 0x0000, 0x0000, 0x0000, 0x0000, 0x0000, 0x0000, 0x0000, 0x0000, 0x0000,
    0x0000, 0x0000, 0x0000, 0x0000, 0x0000, 0x0000, 0x0000, 0x0000, 0x0000, 0x0000, 0x0000, 0x0000,
    0x0000, 0x0000, 0x0000, 0x0000, 0x0000, 0x0000, 0x0000, 0x0000, 0x0000, 0x0000, 0x0000, 0x0000,
    0x0000, 0x0000, 0x0000, 0x0000, 0x0000, 0x0000, 0x0000, 0x0000, 0x0000, 0x0000, 0x0000, 0x0000,
    0x0000, 0x0000, 0x0000, 0x6390, 0x9558, 0xA598, 0xB63A, 0xADF9, 0xB639, 0xCEFC, 0xD71C, 0xD71C,
    0xD73D, 0xD73D, 0x0000, 0x0000, 0x0000, 0x0000, 0x0000, 0x0000, 0x634D, 0x0000, 0x0000, 0x0000,
    0x0000, 0x0000, 0x0000, 0x7BEF, 0x0000, 0x0000, 0x0000, 0x0000, 0x0000, 0x0000, 0xD73D, 0xD71C,
    0xCEFC, 0xCEFC, 0xCEDC, 0xB639, 0xAE19, 0xB619, 0x9D77, 0x8D17, 0x52EE, 0x0000, 0x0000, 0x0000,
    0x0000, 0x0000, 0x0000, 0x0000, 0x0000, 0x0000, 0x0000, 0x0000, 0x0000, 0x0000, 0x0000, 0x0000,
    0x0000, 0x0000, 0x0000, 0x0000, 0x0000, 0x0000, 0x0000, 0x0000, 0x0000, 0x0000, 0x0000, 0x0000,
    0x0000, 0x0000, 0x0000, 0x0000, 0x0000, 0x0000, 0x0000, 0x0000, 0x0000, 0x0000, 0x0000, 0x0000,
    0x0000, 0x0000, 0x0000, 0x0000, 0x0000, 0x0000, 0x0000, 0x0000, 0x0000, 0x0000, 0x0000, 0x0000,
    0x0000, 0x0000, 0x0000, 0x0000, 0x0000, 0x0000, 0x0000, 0x0000, 0x0000, 0x0000, 0x0000, 0x0000,
    0x0000, 0x0000, 0x0000, 0x0000, 0x0000, 0x0000, 0x0000, 0x0000, 0x0000, 0x0000, 0x0000, 0x0000,
    0x0000, 0x0000, 0x0000, 0x0000, 0x0000, 0x0000, 0x0000, 0x0000, 0x0000, 0x0000, 0x0000, 0x0000,
    0x5B2F, 0x8D37, 0x9D77, 0xB639, 0xAE19, 0xB65A, 0xD71D, 0xD71D, 0xCF1C, 0xD73D, 0xD73D, 0x0000,
    0x0000, 0x0000, 0x0000, 0x0000, 0x9D14, 0x0000, 0x0000, 0x0000, 0x0000, 0x0000, 0x0000, 0xAD96,
    0x0000, 0x0000, 0x0000, 0x0000, 0x0000, 0xD73D, 0xCF1C, 0xCF1C, 0xCF1C, 0xCEFC, 0xB639, 0xB619,
    0xB619, 0x9557, 0x8CF6, 0x4AAC, 0x0000, 0x0000, 0x0000, 0x0000, 0x0000, 0x0000, 0x0000, 0x0000,
    0x0000, 0x0000, 0x0000, 0x0000, 0x0000, 0x0000, 0x0000, 0x0000, 0x0000, 0x0000, 0x0000, 0x0000,
    0x0000, 0x0000, 0x0000, 0x0000, 0x0000, 0x0000, 0x0000, 0x0000, 0x0000, 0x0000, 0x0000, 0x0000,
    0x0000, 0x0000, 0x0000, 0x0000, 0x0000, 0x0000, 0x0000, 0x0000, 0x0000, 0x0000, 0x0000, 0x0000,
    0x0000, 0x0000, 0x0000, 0x0000, 0x0000, 0x0000, 0x0000, 0x0000, 0x0000, 0x0000, 0x0000, 0x0000,
    0x0000, 0x0000, 0x0000, 0x0000, 0x0000, 0x0000, 0x0000, 0x0000, 0x0000, 0x0000, 0x0000, 0x0000,
    0x0000, 0x0000, 0x0000, 0x0000, 0x0000, 0x0000, 0x0000, 0x0000, 0x0000, 0x0000, 0x0000, 0x0000,
    0x0000, 0x0000, 0x0000, 0x0000, 0x0000, 0x0000, 0x0000, 0x0000, 0x0000, 0x52ED, 0x8D37, 0x9557,
    0xB619, 0xB619, 0xBE7A, 0xCF1D, 0xD71D, 0xD71C, 0xD71C, 0xD71C, 0x0000, 0x0000, 0x0000, 0x0000,
    0xCE9A, 0x0000, 0x0000, 0x0000, 0x0000, 0x0000, 0x0000, 0xD6FB, 0x0000, 0x0000, 0x0000, 0x0000,
    0xD73D, 0xCF1C, 0xCEFC, 0xCEFC, 0xC6DC, 0xB639, 0xB619, 0xADF8, 0x9536, 0x84F6, 0x426B, 0x0000,
    0x0000, 0x0000, 0x0000, 0x0000, 0x0000, 0x0000, 0x0000, 0x0000, 0x0000, 0x0000, 0x0000, 0x0000,
    0x0000, 0x0000, 0x0000, 0x0000, 0x0000, 0x0000, 0x0000, 0x0000, 0x0000, 0x0000, 0x0000, 0x0000,
    0x0000, 0x0000, 0x0000, 0x0000, 0x0000, 0x0000, 0x0000, 0x0000, 0x0000, 0x0000, 0x0000, 0x0000,
    0x0000, 0x0000, 0x0000, 0x0000, 0x0000, 0x0000, 0x0000, 0x0000, 0x0000, 0x0000, 0x0000, 0x0000,
    0x0000, 0x0000, 0x0000, 0x0000, 0x0000, 0x0000, 0x0000, 0x0000, 0x0000, 0x0000, 0x0000, 0x0000,
    0x0000, 0x0000, 0x0000, 0x0000, 0x0000, 0x0000, 0x0000, 0x0000, 0x0000, 0x0000, 0x0000, 0x0000,
    0x0000, 0x0000, 0x0000, 0x0000, 0x0000, 0x0000, 0x0000, 0x0000, 0x0000, 0x0000, 0x0000, 0x0000,
    0x0000, 0x0000, 0x0000, 0x0000, 0x0000, 0x0000, 0x4AAC, 0x8D17, 0x8D17, 0xA5B8, 0xB639, 0xBE5A,
    0xC6BB, 0xCF1C, 0xD71C, 0xD71C, 0xD71C, 0xD71D, 0x0000, 0x0000, 0x0000, 0x2945, 0x0000, 0x0000,
    0x0000, 0x0000, 0x39E7, 0x0000, 0x0000, 0x0000, 0xD73D, 0xD71C, 0xCF1C, 0xD71D, 0xCEFC, 0xBE7A,
    0xB619, 0xB619, 0xA597, 0x8CF6, 0x84D6, 0x39E9, 0x0000, 0x0000, 0x0000, 0x0000, 0x0000, 0x0000,
    0x0000, 0x0000, 0x0000, 0x0000, 0x0000, 0x0000, 0x0000, 0x0000, 0x0000, 0x0000, 0x0000, 0x0000,
    0x0000, 0x0000, 0x0000, 0x0000, 0x0000, 0x0000, 0x0000, 0x0000, 0x0000, 0x0000, 0x0000, 0x0000,
    0x0000, 0x0000, 0x0000, 0x0000, 0x0000, 0x0000, 0x0000, 0x0000, 0x0000, 0x0000, 0x0000, 0x0000,
    0x0000, 0x0000, 0x0000, 0x0000, 0x0000, 0x0000, 0x0000, 0x0000, 0x0000, 0x0000, 0x0000, 0x0000,
    0x0000, 0x0000, 0x0000, 0x0000, 0x0000, 0x0000, 0x0000, 0x0000, 0x0000, 0x0000, 0x0000, 0x0000,
    0x0000, 0x0000, 0x0000, 0x0000, 0x0000, 0x0000, 0x0000, 0x0000, 0x0000, 0x0000, 0x0000, 0x0000,
    0x0000, 0x0000, 0x0000, 0x0000, 0x0000, 0x0000, 0x0000, 0x0000, 0x0000, 0x0000, 0x0000, 0x0000,
    0x0000, 0x0000, 0x0000, 0x31C8, 0x84B6, 0x8D17, 0x9557, 0xADF9, 0xB619, 0xBE5A, 0xC6BB, 0xCEFC,
    0xD71D, 0xD71D, 0xCEFC, 0xCEFC, 0x0000, 0x52EB, 0x0000, 0x0000, 0x0000, 0x0000, 0x6B6E, 0x0000,
    0xCEFC, 0xCF1C, 0xD71C, 0xCF1C, 0xCEFC, 0xC69B, 0xB63A, 0xB619, 0xADD8, 0x9516, 0x84F6, 0x7C74,
    0x2966, 0x0000, 0x0000, 0x0000, 0x0000, 0x0000, 0x0000, 0x0000, 0x0000, 0x0000, 0x0000, 0x0000,
    0x0000, 0x0000, 0x0000, 0x0000, 0x0000, 0x0000, 0x0000, 0x0000, 0x0000, 0x0000, 0x0000, 0x0000,
    0x0000, 0x0000, 0x0000, 0x0000, 0x0000, 0x0000, 0x0000, 0x0000, 0x0000, 0x0000, 0x0000, 0x0000,
    0x0000, 0x0000, 0x0000, 0x0000, 0x0000, 0x0000, 0x0000, 0x0000, 0x0000, 0x0000, 0x0000, 0x0000,
    0x0000, 0x0000, 0x0000, 0x0000, 0x0000, 0x0000, 0x0000, 0x0000, 0x0000, 0x0000, 0x0000, 0x0000,
    0x0000, 0x0000, 0x0000, 0x0000, 0x0000, 0x0000, 0x0000, 0x0000, 0x0000, 0x0000, 0x0000, 0x0000,
    0x0000, 0x0000, 0x0000, 0x0000, 0x0000, 0x0000, 0x0000, 0x0000, 0x0000, 0x0000, 0x0000, 0x0000,
    0x0000, 0x0000, 0x0000, 0x0000, 0x0000, 0x0000, 0x0000, 0x0000, 0x0000, 0x0000, 0x0000, 0x0000,
    0x1904, 0x7412, 0x8D37, 0x8CF6, 0x9D57, 0xADF9, 0xB619, 0xB65A, 0xBE7A, 0xC69B, 0xC6DB, 0xCEDC,
    0x0000, 0x8472, 0x0000, 0x0000, 0x0000, 0x0000, 0x94F4, 0x0000, 0xCEDC, 0xCEDC, 0xC6BB, 0xBE7A,
    0xB65A, 0xB619, 0xADD8, 0x9557, 0x8CF6, 0x8D17, 0x63B0, 0x10A3, 0x0000, 0x0000, 0x0000, 0x0000,
    0x0000, 0x0000, 0x0000, 0x0000, 0x0000, 0x0000, 0x0000, 0x0000, 0x0000, 0x0000, 0x0000, 0x0000,
    0x0000, 0x0000, 0x0000, 0x0000, 0x0000, 0x0000, 0x0000, 0x0000, 0x0000, 0x0000, 0x0000, 0x0000,
    0x0000, 0x0000, 0x0000, 0x0000, 0x0000, 0x0000, 0x0000, 0x0000, 0x0000, 0x0000, 0x0000, 0x0000,
    0x0000, 0x0000, 0x0000, 0x0000, 0x0000, 0x0000, 0x0000, 0x0000, 0x0000, 0x0000, 0x0000, 0x0000,
    0x0000, 0x0000, 0x0000, 0x0000, 0x0000, 0x0000, 0x0000, 0x0000, 0x0000, 0x0000, 0x0000, 0x0000,
    0x0000, 0x0000, 0x0000, 0x0000, 0x0000, 0x0000, 0x0000, 0x0000, 0x0000, 0x0000, 0x0000, 0x0000,
    0x0000, 0x0000, 0x0000, 0x0000, 0x0000, 0x0000, 0x0000, 0x0000, 0x0000, 0x0000, 0x0000, 0x0000,
    0x0000, 0x0000, 0x0000, 0x0000, 0x0000, 0x0000, 0x0000, 0x0000, 0x0000, 0x0000, 0x4AAC, 0x84B5,
    0x8CF7, 0x84F6, 0x9537, 0xA5B8, 0xADF9, 0xADF9, 0xB619, 0xB639, 0xC69B, 0xA576, 0x0000, 0x0000,
    0x0000, 0x0000, 0xA597, 0xBE7A, 0xB619, 0xB619, 0xB619, 0xADF9, 0xA5B8, 0x9516, 0x84D6, 0x8D17,
    0x84B5, 0x424A, 0x0000, 0x0000, 0x0000, 0x0000, 0x0000, 0x0000, 0x0000, 0x0000, 0x0000, 0x0000,
    0x0000, 0x0000, 0x0000, 0x0000, 0x0000, 0x0000, 0x0000, 0x0000, 0x0000, 0x0000, 0x0000, 0x0000,
    0x0000, 0x0000, 0x0000, 0x0000, 0x0000, 0x0000, 0x0000, 0x0000, 0x0000, 0x0000, 0x0000, 0x0000,
    0x0000, 0x0000, 0x0000, 0x0000, 0x0000, 0x0000, 0x0000, 0x0000, 0x0000, 0x0000, 0x0000, 0x0000,
    0x0000, 0x0000, 0x0000, 0x0000, 0x0000, 0x0000, 0x0000, 0x0000, 0x0000, 0x0000, 0x0000, 0x0000,
    0x0000, 0x0000, 0x0000, 0x0000, 0x0000, 0x0000, 0x0000, 0x0000, 0x0000, 0x0000, 0x0000, 0x0000,
    0x0000, 0x0000, 0x0000, 0x0000, 0x0000, 0x0000, 0x0000, 0x0000, 0x0000, 0x0000, 0x0000, 0x0000,
    0x0000, 0x0000, 0x0000, 0x0000, 0x0000, 0x0000, 0x0000, 0x0000, 0x0000, 0x0000, 0x0000, 0x0000,
    0x0000, 0x0000, 0x0000, 0x0000, 0x0000, 0x0000, 0x0000, 0x10C3, 0x5B2E, 0x84D6, 0x8D17, 0x8CF6,
    0x8CF6, 0x9516, 0x9D57, 0xA598, 0xADF9, 0xADD8, 0x10C3, 0x0000, 0x0000, 0x2104, 0xADF9, 0xA5B8,
    0x9D98, 0x9D57, 0x9516, 0x8CF6, 0x84F6, 0x8D17, 0x8495, 0x52ED, 0x10A3, 0x0000, 0x0000, 0x0000,
    0x0000, 0x0000, 0x0000, 0x0000, 0x0000, 0x0000, 0x0000, 0x0000, 0x0000, 0x0000, 0x0000, 0x0000,
    0x0000, 0x0000, 0x0000, 0x0000, 0x0000, 0x0000, 0x0000, 0x0000, 0x0000, 0x0000, 0x0000, 0x0000,
    0x0000, 0x0000, 0x0000, 0x0000, 0x0000, 0x0000, 0x0000, 0x0000, 0x0000, 0x0000, 0x0000, 0x0000,
    0x0000, 0x0000, 0x0000, 0x0000, 0x0000, 0x0000, 0x0000, 0x0000, 0x0000, 0x0000, 0x0000, 0x0000,
    0x0000, 0x0000, 0x0000, 0x0000, 0x0000, 0x0000, 0x0000, 0x0000, 0x0000, 0x0000, 0x0000, 0x0000,
    0x0000, 0x0000, 0x0000, 0x0000, 0x0000, 0x0000, 0x0000, 0x0000, 0x0000, 0x0000, 0x0000, 0x0000,
    0x0000, 0x0000, 0x0000, 0x0000, 0x0000, 0x0000, 0x0000, 0x0000, 0x0000, 0x0000, 0x0000, 0x0000,
    0x0000, 0x0000, 0x0000, 0x0000, 0x0000, 0x0000, 0x0000, 0x0000, 0x0000, 0x0000, 0x0000, 0x0000,
    0x0000, 0x0000, 0x0000, 0x0000, 0x0000, 0x18E4, 0x4ACC, 0x7453, 0x8CF6, 0x8D17, 0x84F6, 0x84D6,
    0x84D5, 0x8D17, 0x2987, 0x0000, 0x0000, 0x31C8, 0x8D17, 0x84D5, 0x84D6, 0x8CF6, 0x8CF7, 0x8CF6,
    0x7433, 0x4A8C, 0x10A3, 0x0000, 0x0000, 0x0000, 0x0000, 0x0000, 0x0000, 0x0000, 0x0000, 0x0000,
    0x0000, 0x0000, 0x0000, 0x0000, 0x0000, 0x0000, 0x0000, 0x0000, 0x0000, 0x0000, 0x0000, 0x0000,
    0x0000, 0x0000, 0x0000, 0x0000, 0x0000, 0x0000, 0x0000, 0x0000, 0x0000, 0x0000, 0x0000, 0x0000,
    0x0000, 0x0000, 0x0000, 0x0000, 0x0000, 0x0000, 0x0000, 0x0000, 0x0000, 0x0000, 0x0000, 0x0000,
    0x0000, 0x0000, 0x0000, 0x0000, 0x0000, 0x0000, 0x0000, 0x0000, 0x0000, 0x0000, 0x0000, 0x0000,
    0x0000, 0x0000, 0x0000, 0x0000, 0x0000, 0x0000, 0x0000, 0x0000, 0x0000, 0x0000, 0x0000, 0x0000,
    0x0000, 0x0000, 0x0000, 0x0000, 0x0000, 0x0000, 0x0000, 0x0000, 0x0000, 0x0000, 0x0000, 0x0000,
    0x0000, 0x0000, 0x0000, 0x0000, 0x0000, 0x0000, 0x0000, 0x0000, 0x0000, 0x0000, 0x0000, 0x0000,
    0x0000, 0x0000, 0x0000, 0x0000, 0x0000, 0x0000, 0x0000, 0x0000, 0x0000, 0x0000, 0x0000, 0x0000,
    0x0000, 0x0000, 0x0000, 0x0000, 0x2145, 0x426A, 0x5B6F, 0x7433, 0x7C95, 0x9537, 0x4AAC, 0x0000,
    0x0000, 0x52ED, 0x8D17, 0x7C74, 0x7433, 0x5B6F, 0x426A, 0x2125, 0x0000, 0x0000, 0x0000, 0x0000,
    0x0000, 0x0000, 0x0000, 0x0000, 0x0000, 0x0000, 0x0000, 0x0000, 0x0000, 0x0000, 0x0000, 0x0000,
    0x0000, 0x0000, 0x0000, 0x0000, 0x0000, 0x0000, 0x0000, 0x0000, 0x0000, 0x0000, 0x0000, 0x0000,
    0x0000, 0x0000, 0x0000, 0x0000, 0x0000, 0x0000, 0x0000, 0x0000, 0x0000, 0x0000, 0x0000, 0x0000,
    0x0000, 0x0000, 0x0000, 0x0000, 0x0000, 0x0000, 0x0000, 0x0000, 0x0000, 0x0000, 0x0000, 0x0000,
    0x0000, 0x0000, 0x0000, 0x0000, 0x0000, 0x0000, 0x0000, 0x0000, 0x0000, 0x0000, 0x0000, 0x0000,
    0x0000, 0x0000, 0x0000, 0x0000, 0x0000, 0x0000, 0x0000, 0x0000, 0x0000, 0x0000, 0x0000, 0x0000,
    0x0000, 0x0000, 0x0000, 0x0000, 0x0000, 0x0000, 0x0000, 0x0000, 0x0000, 0x0000, 0x0000, 0x0000,
    0x0000, 0x0000, 0x0000, 0x0000, 0x0000, 0x0000, 0x0000, 0x0000, 0x0000, 0x0000, 0x0000, 0x0000,
    0x0000, 0x0000, 0x0000, 0x0000, 0x0000, 0x0000, 0x0000, 0x0000, 0x0000, 0x0000, 0x0000, 0x0000,
    0x0000, 0x0000, 0x0000, 0x0000, 0x1082, 0x2125, 0x18E4, 0x0000, 0x0000, 0x10C3, 0x18E4, 0x0882,
    0x0000, 0x0000, 0x0000, 0x0000, 0x0000, 0x0000, 0x0000, 0x0000, 0x0000, 0x0000, 0x0000, 0x0000,
    0x0000, 0x0000, 0x0000, 0x0000, 0x0000, 0x0000, 0x0000, 0x0000, 0x0000, 0x0000, 0x0000, 0x0000,
    0x0000, 0x0000, 0x0000, 0x0000, 0x0000, 0x0000, 0x0000, 0x0000, 0x0000, 0x0000, 0x0000, 0x0000,
    0x0000, 0x0000, 0x0000, 0x0000, 0x0000, 0x0000, 0x0000, 0x0000, 0x0000, 0x0000, 0x0000, 0x0000,
    0x0000, 0x0000, 0x0000, 0x0000, 0x0000, 0x0000, 0x0000, 0x0000, 0x0000, 0x0000, 0x0000, 0x0000,
    0x0000, 0x0000, 0x0000, 0x0000, 0x0000, 0x0000, 0x0000, 0x0000, 0x0000, 0x0000, 0x0000, 0x0000,
    0x0000, 0x0000, 0x0000, 0x0000, 0x0000, 0x0000, 0x0000, 0x0000, 0x0000, 0x0000, 0x0000, 0x0000,
    0x0000, 0x0000, 0x0000, 0x0000, 0x0000, 0x0000, 0x0000, 0x0000, 0x0000, 0x0000, 0x0000, 0x0000,
    0x0000, 0x0000, 0x0000, 0x0000, 0x0000, 0x0000, 0x0000, 0x0000, 0x0000, 0x0000, 0x0000, 0x0000,
    0x0000, 0x0000, 0x0000, 0x0000, 0x0000, 0x0000, 0x0000, 0x0000, 0x0000, 0x0000, 0x0000, 0x0000,
    0x0000, 0x0000, 0x0000, 0x0000, 0x0000, 0x0000, 0x0000, 0x0000, 0x0000, 0x0000, 0x0000, 0x0000,
    0x0000, 0x0000, 0x0000, 0x0000, 0x0000, 0x0000, 0x0000, 0x0000, 0x0000, 0x0000, 0x0000, 0x0000,
    0x0000, 0x0000, 0x0000, 0x0000, 0x0000, 0x0000, 0x0000, 0x0000, 0x0000, 0x0000, 0x0000, 0x0000,
    0x0000, 0x0000, 0x0000, 0x0000, 0x0000, 0x0000, 0x0000, 0x0000, 0x0000, 0x0000, 0x0000, 0x0000,
    0x0000, 0x0000, 0x0000, 0x0000, 0x0000, 0x0000, 0x0000, 0x0000, 0x0000, 0x0000, 0x0000, 0x0000,
    0x0000, 0x0000, 0x0000, 0x0000, 0x0000, 0x0000, 0x0000, 0x0000, 0x0000, 0x0000, 0x0000, 0x0000,
    0x0000, 0x0000, 0x0000, 0x0000, 0x0000, 0x0000, 0x0000, 0x0000, 0x0000, 0x0000, 0x0000, 0x0000,
    0x0000, 0x0000, 0x0000, 0x0000, 0x0000, 0x0000, 0x0000, 0x0000, 0x0000, 0x0000, 0x0000, 0x0000,
    0x0000, 0x0000, 0x0000, 0x0000, 0x0000, 0x0000, 0x0000, 0x0000, 0x0000, 0x0000, 0x0000, 0x0000,
    0x0000, 0x0000, 0x0000, 0x0000, 0x0000, 0x0000, 0x0000, 0x0000, 0x0000, 0x0000, 0x0000, 0x0000,
    0x0000, 0x0000, 0x0000, 0x0000, 0x0000, 0x0000, 0x0000, 0x0000, 0x0000, 0x0000, 0x0000, 0x0000,
    0x0000, 0x0000, 0x0000, 0x0000, 0x0000, 0x0000, 0x0000, 0x0000, 0x0000, 0x0000, 0x0000, 0x0000,
    0x0000, 0x0000, 0x0000, 0x0000, 0x0000, 0x0000, 0x0000, 0x0000, 0x0000, 0x0000, 0x0000, 0x0000,
    0x0000, 0x0000, 0x0000, 0x0000, 0x0000, 0x0000, 0x0000, 0x0000, 0x0000, 0x0000, 0x0000, 0x0000,
    0x0000, 0x0000, 0x0000, 0x0000, 0x0000, 0x0000, 0x0000, 0x0000, 0x0000, 0x0000, 0x0000, 0x0000,
    0x0000, 0x0000, 0x0000, 0x0000, 0x0000, 0x0000, 0x0000, 0x0000, 0x0000, 0x0000, 0x0000, 0x0000,
    0x0000, 0x0000, 0x0000, 0x0000,
  },
  { // 3 blink
    0x0000, 0x0000, 0x0000, 0x0000, 0x0000, 0x0000, 0x0000, 0x0000, 0x0000, 0x0000, 0x0000, 0x0000,
    0x0000, 0x0000, 0x0000, 0x0000, 0x0000, 0x0000, 0x0000, 0x0000, 0x0000, 0x0000, 0x0000, 0x0000,
    0x0000, 0x0000, 0x0000, 0x0000, 0x0000, 0x0000, 0x0000, 0x0000, 0x0000, 0x0000, 0x0000, 0x0000,
    0x0000, 0x0000, 0x0000, 0x0000, 0x0000, 0x0000, 0x0000, 0x0000, 0x0000, 0x0000, 0x0000, 0x0000,
    0x0000, 0x0000, 0x0000, 0x0000, 0x0000, 0x0000, 0x0000, 0x0000, 0x0000, 0x0000, 0x0000, 0x0000,
    0x0000, 0x0000, 0x0000, 0x0000, 0x0000, 0x0000, 0x0000, 0x0000, 0x0000, 0x0000, 0x0000, 0x0000,
    0x0000, 0x0000, 0x0000, 0x0000, 0x0000, 0x0000, 0x0000, 0x0000, 0x0000, 0x0000, 0x0000, 0x0000,
    0x0000, 0x0000, 0x0000, 0x0000, 0x0000, 0x0000, 0x0000, 0x0000, 0x0000, 0x0000, 0x0000, 0x0000,
    0x0000, 0x0000, 0x0000, 0x0000, 0x0000, 0x0000, 0x0000, 0x0000, 0x0000, 0x0000, 0x0000, 0x0000,
    0x0000, 0x0000, 0x0000, 0x0000, 0x0000, 0x0000, 0x0000, 0x0000, 0x0000, 0x0000, 0x0000, 0x0000,
    0x0000, 0x0000, 0x0000, 0x0000, 0x0000, 0x0000, 0x0000, 0x0000, 0x0000, 0x0000, 0x0000, 0x0000,
    0x0000, 0x0000, 0x0000, 0x0000, 0x0000, 0x0000, 0x0000, 0x0000, 0x0000, 0x0000, 0x0000, 0x0000,
    0x0000, 0x0000, 0x0000, 0x0000, 0x0000, 0x0000, 0x0000, 0x0000, 0x0000, 0x0000, 0x0000, 0x0000,
    0x0000, 0x0000, 0x0000, 0x0000, 0x0000, 0x0000, 0x0000, 0x0000, 0x0000, 0x0000, 0x0000, 0x0000,
    0x0000, 0x0000, 0x0000, 0x0000, 0x0000, 0x0000, 0x0000, 0x0000, 0x0000, 0x0000, 0x0000, 0x0000,
    0x0000, 0x0000, 0x0000, 0x0000, 0x0000, 0x0000, 0x0000, 0x0000, 0x0000, 0x0000, 0x0000, 0x0000,
    0x0000, 0x0000, 0x0000, 0x0000, 0x0000, 0x0000, 0x0000, 0x0000, 0x0000, 0x0000, 0x0000, 0x0000,
    0x0000, 0x0000, 0x0000, 0x0000, 0x0000, 0x0000, 0x0000, 0x0000, 0x0000, 0x0000, 0x0000, 0x0000,
    0x0000, 0x0000, 0x0000, 0x0000, 0x0000, 0x0000, 0x0000, 0x0000, 0x0000, 0x0000, 0x0000, 0x0000,
    0x0000, 0x0000, 0x0000, 0x0000, 0x0000, 0x0000, 0x0000, 0x0000, 0x0000, 0x0000, 0x0000, 0x0000,
    0x0000, 0x0000, 0x0000, 0x0000, 0x0000, 0x0000, 0x0000, 0x0000, 0x0000, 0x0000, 0x0000, 0x0000,
    0x0000, 0x0000, 0x0000, 0x0000, 0x0000, 0x0000, 0x0000, 0x0000, 0x0000, 0x0000, 0x0000, 0x0000,
    0x0000, 0x0000, 0x0000, 0x0000, 0x0000, 0x0000, 0x0000, 0x0000, 0x0000, 0x0000, 0x0000, 0x0000,
    0x0000, 0x0000, 0x10A2, 0x2966, 0x31C7, 0x31C7, 0x2986, 0x2104, 0x0000, 0x0000, 0x0000, 0x0000,
    0x0000, 0x0000, 0x0000, 0x0000, 0x0000, 0x0000, 0x0000, 0x0000, 0x0000, 0x0000, 0x0000, 0x0000,
    0x0000, 0x0000, 0x0000, 0x0000, 0x0000, 0x0000, 0x0000, 0x0000, 0x0000, 0x0000, 0x0000, 0x0000,
    0x0000, 0x0000, 0x0000, 0x0000, 0x0000, 0x0000, 0x0000, 0x0000, 0x0000, 0x0000, 0x0000, 0x0000,
    0x0000, 0x0000, 0x0000, 0x0000, 0x0000, 0x0000, 0x0000, 0x0000, 0x0000, 0x0000, 0x0000, 0x0000,
    0x0000, 0x0000, 0x0000, 0x0000, 0x0000, 0x0000, 0x0000, 0x0000, 0x0000, 0x0000, 0x0000, 0x0000,
    0x0000, 0x0000, 0x0000, 0x0000, 0x0000, 0x0000, 0x0000, 0x1082, 0x2125, 0x31A7, 0x31E8, 0x31A7,
    0x2125, 0x0000, 0x0000, 0x0000, 0x0000, 0x0000, 0x0000, 0x0000, 0x0000, 0x0000, 0x0000, 0x0000,
    0x0000, 0x0000, 0x0000, 0x0000, 0x0000, 0x0000, 0x0000, 0x0000, 0x0000, 0x0000, 0x0000, 0x0000,
    0x0000, 0x0000, 0x0000, 0x0000, 0x0000, 0x0000, 0x0000, 0x0000, 0x0000, 0x0000, 0x0000, 0x0000,
    0x0000, 0x0000, 0x0000, 0x0000, 0x0000, 0x0000, 0x0000, 0x0000, 0x4A6A, 0x8493, 0xA5B8, 0xB63A,
    0xBE5A, 0xBE5A, 0xBE5A, 0xB639, 0xADD8, 0x9D76, 0x8472, 0x5B0C, 0x31A6, 0x0000, 0x0000, 0x0000,
    0x0000, 0x0000, 0x0000, 0x0000, 0x0000, 0x0000, 0x0000, 0x0000, 0x0000, 0x0000, 0x0000, 0x0000,
    0x0000, 0x0000, 0x0000, 0x0000, 0x0000, 0x0000, 0x0000, 0x0000, 0x0000, 0x0000, 0x0000, 0x0000,
    0x0000, 0x0000, 0x0000, 0x0000, 0x0000, 0x0000, 0x0000, 0x0000, 0x0000, 0x0000, 0x0000, 0x0000,
    0x0000, 0x0000, 0x0000, 0x0000, 0x0000, 0x0000, 0x0000, 0x0000, 0x0000, 0x0000, 0x0000, 0x0000,
    0x0000, 0x0000, 0x0000, 0x0000, 0x0000, 0x0000, 0x0000, 0x0000, 0x0000, 0x0000, 0x1082, 0x31A7,
    0x5AEC, 0x8492, 0xA5B7, 0xADD8, 0xB619, 0xBE5A, 0xB65A, 0xB65A, 0xB619, 0xA597, 0x8452, 0x3A08,
    0x0000, 0x0000, 0x0000, 0x0000, 0x0000, 0x0000, 0x0000, 0x0000, 0x0000, 0x0000, 0x0000, 0x0000,
    0x0000, 0x0000, 0x0000, 0x0000, 0x0000, 0x0000, 0x0000, 0x0000, 0x0000, 0x0000, 0x0000, 0x0000,
    0x0000, 0x0000, 0x0000, 0x0000, 0x0000, 0x0000, 0x0000, 0x0000, 0x0000, 0x0000, 0x0000, 0x0000,
    0x0000, 0x0000, 0x31A7, 0x9D36, 0xBE5A, 0xB65A, 0xB619, 0xAE19, 0xADF9, 0xB619, 0xB619, 0xB619,
    0xC6BB, 0xD73D, 0x0000, 0x0000, 0xD73D, 0xC69A, 0x9D35, 0x6B8E, 0x3A08, 0x10A2, 0x0000, 0x0000,
    0x0000, 0x0000, 0x0000, 0x0000, 0x0000, 0x0000, 0x0000, 0x0000, 0x0000, 0x0000, 0x0000, 0x0000,
    0x0000, 0x0000, 0x0000, 0x0000, 0x0000, 0x0000, 0x0000, 0x0000, 0x0000, 0x0000, 0x0000, 0x0000,
    0x0000, 0x0000, 0x0000, 0x0000, 0x0000, 0x0000, 0x0000, 0x0000, 0x0000, 0x0000, 0x0000, 0x0000,
    0x0000, 0x0000, 0x0000, 0x0000, 0x0000, 0x0000, 0x0000, 0x0000, 0x0000, 0x0000, 0x0000, 0x0000,
    0x0000, 0x0000, 0x18C3, 0x4229, 0x73EF, 0xA576, 0xC69B, 0xD73D, 0x0000, 0xD75E, 0xD73D, 0xC69B,
    0xADF9, 0xAE19, 0xADF9, 0xADF9, 0xADF9, 0xB619, 0xB65A, 0xB63A, 0x8493, 0x1904, 0x0000, 0x0000,
    0x0000, 0x0000, 0x0000, 0x0000, 0x0000, 0x0000, 0x0000, 0x0000, 0x0000, 0x0000, 0x0000, 0x0000,
    0x0000, 0x0000, 0x0000, 0x0000, 0x0000, 0x0000, 0x0000, 0x0000, 0x0000, 0x0000, 0x0000, 0x0000,
    0x0000, 0x0000, 0x0000, 0x0000, 0x0000, 0x0000, 0x0000, 0x0000, 0x0000, 0x424A, 0xB61A, 0xB63A,
    0xADD8, 0xADF8, 0xAE19, 0xB619, 0xB619, 0xB619, 0xB619, 0xBE7A, 0xCEFC, 0xCEFC, 0xCEFC, 0xCEDC,
    0xD71C, 0xD73D, 0x0000, 0x0000, 0x0000, 0xCEDB, 0xADB7, 0x7C10, 0x4A8A, 0x2124, 0x0000, 0x0000,
    0x0000, 0x0000, 0x0000, 0x0000, 0x0000, 0x0000, 0x0000, 0x0000, 0x0000, 0x0000, 0x0000, 0x0000,
    0x0000, 0x0000, 0x0000, 0x0000, 0x0000, 0x0000, 0x0000, 0x0000, 0x0000, 0x0000, 0x0000, 0x0000,
    0x0000, 0x0000, 0x0000, 0x0000, 0x0000, 0x0000, 0x0000, 0x0000, 0x0000, 0x0000, 0x0000, 0x0000,
    0x0000, 0x0000, 0x0000, 0x0000, 0x0000, 0x0000, 0x2945, 0x52AB, 0x8451, 0xB5D7, 0xD6FC, 0x0000,
    0x0000, 0x0000, 0x0000, 0xD71C, 0xD71C, 0xD6FC, 0xCEDC, 0xCEFC, 0xBE5A, 0xADF9, 0xADF9, 0xADD9,
    0xADF9, 0xADD9, 0xA5B8, 0xA5D8, 0xB63A, 0xA5B8, 0x2986, 0x0000, 0x0000, 0x0000, 0x0000, 0x0000,
    0x0000, 0x0000, 0x0000, 0x0000, 0x0000, 0x0000, 0x0000, 0x0000, 0x0000, 0x0000, 0x0000, 0x0000,
    0x0000, 0x0000, 0x0000, 0x0000, 0x0000, 0x0000, 0x0000, 0x0000, 0x0000, 0x0000, 0x0000, 0x0000,
    0x0000, 0x0000, 0x0000, 0x0000, 0x31E8, 0xB63A, 0xADF9, 0xADD8, 0xAE19, 0xB619, 0xB619, 0xB619,
    0xB619, 0xB619, 0xBE5A, 0xCEFC, 0xCEFC, 0xD71C, 0xD71D, 0xD71D, 0xD71D, 0xD71D, 0xD71C, 0xD73C,
    0xD73C, 0x0000, 0x0000, 0x0000, 0x0000, 0x0000, 0xC659, 0x9D14, 0x73AE, 0x4249, 0x2104, 0x0000,
    0x0000, 0x0000, 0x0000, 0x0000, 0x0000, 0x0000, 0x0000, 0x0000, 0x0000, 0x0000, 0x0000, 0x0000,
    0x0000, 0x0000, 0x0000, 0x0000, 0x0000, 0x0000, 0x0000, 0x0000, 0x0000, 0x0000, 0x0000, 0x0000,
    0x0000, 0x0000, 0x0000, 0x0000, 0x0000, 0x0000, 0x0000, 0x0000, 0x0000, 0x2124, 0x4A69, 0x73CF,
    0xA535, 0xCE9A, 0x0000, 0x0000, 0x0000, 0x0000, 0x0000, 0x0000, 0xD71C, 0xD73C, 0x0000, 0x0000,
    0xD73D, 0xD71D, 0xD71D, 0xCEFC, 0xCEFC, 0xBE5A, 0xAE19, 0xAE19, 0xADF9, 0xADF9, 0xADF9, 0xADD9,
    0xA5D8, 0xADF9, 0xADD8, 0x2145, 0x0000, 0x0000, 0x0000, 0x0000, 0x0000, 0x0000, 0x0000, 0x0000,
    0x0000, 0x0000, 0x0000, 0x0000, 0x0000, 0x0000, 0x0000, 0x0000, 0x0000, 0x0000, 0x0000, 0x0000,
    0x0000, 0x0000, 0x0000, 0x0000, 0x0000, 0x0000, 0x0000, 0x0000, 0x0000, 0x0000, 0x0000, 0x1082,
    0x9D77, 0xADF9, 0xADD8, 0xADF9, 0xAE19, 0xB619, 0xB619, 0xB619, 0xB619, 0xB639, 0xCEDC, 0xCEFC,
    0xD71C, 0xD71D, 0xD73D, 0xD73D, 0xD73D, 0xD73D, 0x0000, 0x0000, 0x0000, 0x0000, 0x0000, 0x0000,
    0x0000, 0x0000, 0x0000, 0x0000, 0x0000, 0x0000, 0x0000, 0xC67A, 0x0000, 0x8451, 0x630C, 0x4208,
    0x2124, 0x1082, 0x0000, 0x0000, 0x0000, 0x0000, 0x0000, 0x0000, 0x0000, 0x0000, 0x0000, 0x0000,
    0x0000, 0x0000, 0x0000, 0x0000, 0x0000, 0x0000, 0x0000, 0x0000, 0x0000, 0x0000, 0x1082, 0x2145,
    0x4228, 0x632C, 0x8471, 0xAD96, 0xCE9A, 0x0000, 0x0000, 0x0000, 0x0000, 0x0000, 0x0000, 0x0000,
    0x0000, 0x0000, 0x0000, 0x0000, 0x0000, 0x0000, 0x0000, 0x0000, 0x0000, 0x0000, 0xD73D, 0xD71D,
    0xCEFC, 0xC6DC, 0xB65A, 0xB639, 0xB639, 0xB619, 0xAE19, 0xA5D8, 0xA5D9, 0xA5D8, 0xAE1A, 0x94F5,
    0x0000, 0x0000, 0x0000, 0x0000, 0x0000, 0x0000, 0x0000, 0x0000, 0x0000, 0x0000, 0x0000, 0x0000,
    0x0000, 0x0000, 0x0000, 0x0000, 0x0000, 0x0000, 0x0000, 0x0000, 0x0000, 0x0000, 0x0000, 0x0000,
    0x0000, 0x0000, 0x0000, 0x0000, 0x0000, 0x0000, 0x0000, 0x634E, 0xB63A, 0xA5B8, 0xADF9, 0xADF9,
    0xB619, 0xB619, 0xB619, 0xB619, 0xB619, 0xC6BB, 0xCEFC, 0xCEFC, 0xD71D, 0xD73D, 0xD73D, 0x0000,
    0x0000, 0x0000, 0x0000, 0x0000, 0x0000, 0x0000, 0x0000, 0x0000, 0x0000, 0x0000, 0x0000, 0x0000,
    0x0000, 0x0000, 0x0000, 0x0000, 0x0000, 0x0000, 0x0000, 0x0000, 0x0000, 0x0000, 0xC659, 0xAD96,
    0x9CF3, 0x8471, 0x73CF, 0x634D, 0x5AEB, 0x528A, 0x4A69, 0x4249, 0x4249, 0x4A8A, 0x52AB, 0x5B0C,
    0x634D, 0x73CF, 0x8C51, 0x9CF4, 0xB5B7, 0xC659, 0xD6FC, 0x0000, 0x0000, 0x0000, 0x0000, 0x0000,
    0x0000, 0x0000, 0x0000, 0x0000, 0x0000, 0x0000, 0x0000, 0x0000, 0x0000, 0x0000, 0x0000, 0x0000,
    0x0000, 0x0000, 0x0000, 0x0000, 0x0000, 0x0000, 0x0000, 0xD71D, 0xD71C, 0xCF1C, 0xC6DB, 0xB63A,
    0xB639, 0xB619, 0xAE19, 0xADD9, 0xADD9, 0xADF9, 0xA5D8, 0xB65A, 0x52AB, 0x0000, 0x0000, 0x0000,
    0x0000, 0x0000, 0x0000, 0x0000, 0x0000, 0x0000, 0x0000, 0x0000, 0x0000, 0x0000, 0x0000, 0x0000,
    0x0000, 0x0000, 0x0000, 0x0000, 0x0000, 0x0000, 0x0000, 0x0000, 0x0000, 0x0000, 0x0000, 0x0000,
    0x0000, 0x0000, 0x10A2, 0xA597, 0xA5D8, 0xADD8, 0xADF9, 0xADF9, 0xAE19, 0xB619, 0xAE19, 0xADF9,
    0xBE7A, 0xCEFC, 0xCEFC, 0xCF1C, 0xD73D, 0xD73D, 0x0000, 0x0000, 0x0000, 0x0000, 0x0000, 0x0000,
    0x0000, 0x0000, 0x0000, 0x0000, 0x0000, 0x0000, 0x0000, 0x0000, 0x0000, 0x0000, 0x0000, 0x0000,
    0x0000, 0x0000, 0x0000, 0x0000, 0x0000, 0x0000, 0x0000, 0x0000, 0x0000, 0x0000, 0x0000, 0x0000,
    0x0000, 0x0000, 0x0000, 0x0000, 0x0000, 0x0000, 0x0000, 0x0000, 0x0000, 0x0000, 0x0000, 0x0000,
    0x0000, 0x0000, 0x0000, 0x0000, 0x0000, 0x0000, 0x0000, 0x0000, 0x0000, 0x0000, 0x0000, 0x0000,
    0x0000, 0x0000, 0x0000, 0x0000, 0x0000, 0x0000, 0x0000, 0x0000, 0x0000, 0x0000, 0x0000, 0x0000,
    0x0000, 0x0000, 0x0000, 0xD73D, 0xD71D, 0xD71C, 0xCF1D, 0xBE9B, 0xB63A, 0xB639, 0xB619, 0xAE19,
    0xADF9, 0xADF9, 0xADF9, 0xAE19, 0x9D56, 0x0000, 0x0000, 0x0000, 0x0000, 0x0000, 0x0000, 0x0000,
    0x0000, 0x0000, 0x0000, 0x0000, 0x0000, 0x0000, 0x0000, 0x0000, 0x0000, 0x0000, 0x0000, 0x0000,
    0x0000, 0x0000, 0x0000, 0x0000, 0x0000, 0x0000, 0x0000, 0x0000, 0x0000, 0x0000, 0x4A8B, 0xB65A,
    0xA5B8, 0xADD9, 0xADF9, 0xADF9, 0xAE19, 0xAE19, 0xAE19, 0xB63A, 0xCEDC, 0xCEFC, 0xD71C, 0xD71C,
    0xD73D, 0x0000, 0x0000, 0x0000, 0x0000, 0x0000, 0x0000, 0x0000, 0x0000, 0x0000, 0x0000, 0x0000,
    0x0000, 0x0000, 0x0000, 0x0000, 0x0000, 0x0000, 0x0000, 0x0000, 0x0000, 0x0000, 0x0000, 0x0000,
    0x0000, 0x0000, 0x0000, 0x0000, 0x0000, 0x0000, 0x0000, 0x0000, 0x0000, 0x0000, 0x0000, 0x0000,
    0x0000, 0x0000, 0x0000, 0x0000, 0x0000, 0x0000, 0x0000, 0x0000, 0x0000, 0x0000, 0x0000, 0x0000,
    0x0000, 0x0000, 0x0000, 0x0000, 0x0000, 0x0000, 0x0000, 0x0000, 0x0000, 0x0000, 0x0000, 0x0000,
    0x0000, 0x0000, 0x0000, 0x0000, 0x0000, 0x0000, 0x0000, 0x0000, 0x0000, 0x0000, 0x0000, 0xD73D,
    0xD73D, 0xD71C, 0xD71C, 0xCEFC, 0xB63A, 0xB63A, 0xB63A, 0xB619, 0xADF9, 0xADD9, 0xADF9, 0xADD9,
    0xB63A, 0x3A09, 0x0000, 0x0000, 0x0000, 0x0000, 0x0000, 0x0000, 0x0000, 0x0000, 0x0000, 0x0000,
    0x0000, 0x0000, 0x0000, 0x0000, 0x0000, 0x0000, 0x0000, 0x0000, 0x0000, 0x0000, 0x0000, 0x0000,
    0x0000, 0x0000, 0x0000, 0x0000, 0x0000, 0x0000, 0x7C52, 0xB63A, 0xADF9, 0xADF9, 0xADF9, 0xADF9,
    0xAE19, 0xAE19, 0xAE19, 0xC6BB, 0xCEFC, 0xCEFC, 0xD71C, 0xD71D, 0xD73D, 0x0000, 0x0000, 0x0000,
    0x0000, 0x0000, 0x0000, 0x0000, 0x0000, 0x0000, 0x0000, 0x0000, 0x0000, 0x0000, 0x0000, 0x0000,
    0x0000, 0x0000, 0x0000, 0x0000, 0x0000, 0x0000, 0x0000, 0x0000, 0x0000, 0x0000, 0x0000, 0x0000,
    0x0000, 0x0000, 0x0000, 0x0000, 0x0000, 0x0000, 0x0000, 0x0000, 0x0000, 0x0000, 0x0000, 0x0000,
    0x0000, 0x0000, 0x0000, 0x0000, 0x0000, 0x0000, 0x0000, 0x0000, 0x0000, 0x0000, 0x0000, 0x0000,
    0x0000, 0x0000, 0x0000, 0x0000, 0x0000, 0x0000, 0x0000, 0x0000, 0x0000, 0x0000, 0x0000, 0x0000,
    0x0000, 0x0000, 0x0000, 0x0000, 0x0000, 0x0000, 0x0000, 0xD73D, 0xD73D, 0xD71D, 0xCF1C, 0xD71D,
    0xC6BB, 0xB639, 0xB63A, 0xB619, 0xAE19, 0xADF9, 0xA5D9, 0xADD9, 0xB65A, 0x7411, 0x0000, 0x0000,
    0x0000, 0x0000, 0x0000, 0x0000, 0x0000, 0x0000, 0x0000, 0x0000, 0x0000, 0x0000, 0x0000, 0x0000,
    0x0000, 0x0000, 0x0000, 0x0000, 0x0000, 0x0000, 0x0000, 0x0000, 0x0000, 0x0000, 0x0000, 0x0000,
    0x0000, 0x1082, 0xA597, 0xADF9, 0xADF9, 0xADF9, 0xADD8, 0xADF9, 0xB619, 0xADF9, 0xB65A, 0xCEFC,
    0xCEFC, 0xCEFC, 0xD71D, 0xD73D, 0xD73D, 0x0000, 0x0000, 0x0000, 0x0000, 0x0000, 0x0000, 0x0000,
    0x0000, 0x0000, 0x0000, 0x0000, 0x0000, 0x0000, 0x0000, 0x0000, 0x0000, 0x0000, 0x0000, 0x0000,
    0x0000, 0x0000, 0x0000, 0x0000, 0x0000, 0x0000, 0x0000, 0x0000, 0x0000, 0x0000, 0x0000, 0x0000,
    0x0000, 0x0000, 0x0000, 0x0000, 0x0000, 0x0000, 0x0000, 0x0000, 0x0000, 0x0000, 0x0000, 0x0000,
    0x0000, 0x0000, 0x0000, 0x0000, 0x0000, 0x0000, 0x0000, 0x0000, 0x0000, 0x0000, 0x0000, 0x0000,
    0x0000, 0x0000, 0x0000, 0x0000, 0x0000, 0x0000, 0x0000, 0x0000, 0x0000, 0x0000, 0x0000, 0x0000,
    0x0000, 0x0000, 0x0000, 0xD73D, 0xD73D, 0xD71D, 0xD71C, 0xCF1C, 0xCEFC, 0xB65A, 0xB61A, 0xB619,
    0xADF9, 0xADD9, 0xADF9, 0xA5D8, 0xADF9, 0x9D56, 0x0000, 0x0000, 0x0000, 0x0000, 0x0000, 0x0000,
    0x0000, 0x0000, 0x0000, 0x0000, 0x0000, 0x0000, 0x0000, 0x0000, 0x0000, 0x0000, 0x0000, 0x0000,
    0x0000, 0x0000, 0x0000, 0x0000, 0x0000, 0x0000, 0x0000, 0x0000, 0x0000, 0x31A7, 0xB61A, 0xADD8,
    0xADD9, 0xA5D8, 0xADF9, 0xADD8, 0xADF9, 0xB619, 0xC6BB, 0xCEFC, 0xCEFC, 0xCEFC, 0xD71C, 0xD73D,
    0x0000, 0x0000, 0x0000, 0x0000, 0x0000, 0x0000, 0x0000, 0x0000, 0x0000, 0x0000, 0x0000, 0x0000,
    0x0000, 0x0000, 0x0000, 0x0000, 0x0000, 0x0000, 0x0000, 0x0000, 0x0000, 0x0000, 0x0000, 0x0000,
    0x0000, 0x0000, 0x0000, 0x0000, 0x0000, 0x0000, 0x0000, 0x0000, 0x0000, 0x0000, 0x0000, 0x0000,
    0x0000, 0x0000, 0x0000, 0x0000, 0x0000, 0x0000, 0x0000, 0x0000, 0x0000, 0x0000, 0x0000, 0x0000,
    0x0000, 0x0000, 0x0000, 0x0000, 0x0000, 0x0000, 0x0000, 0x0000, 0x0000, 0x0000, 0x0000, 0x0000,
    0x0000, 0x0000, 0x0000, 0x0000, 0x0000, 0x0000, 0x0000, 0x0000, 0x0000, 0x0000, 0x0000, 0xD73D,
    0xD73D, 0xD73D, 0xD71C, 0xCEFC, 0xCEFC, 0xC69B, 0xB619, 0xB619, 0xAE19, 0xADF9, 0xADF9, 0xADD9,
    0xA5B8, 0xADF9, 0x2145, 0x0000, 0x0000, 0x0000, 0x0000, 0x0000, 0x0000, 0x0000, 0x0000, 0x0000,
    0x0000, 0x0000, 0x0000, 0x0000, 0x0000, 0x0000, 0x0000, 0x0000, 0x0000, 0x0000, 0x0000, 0x0000,
    0x0000, 0x0000, 0x0000, 0x0000, 0x0000, 0x52EC, 0xB65A, 0xADD8, 0xADD9, 0xA5D8, 0xADF9, 0xADF9,
    0xADF9, 0xB65A, 0xCEFC, 0xCEFC, 0xCEFC, 0xCF1C, 0xCF1C, 0xD71C, 0xD73D, 0x0000, 0x0000, 0x0000,
    0x0000, 0x0000, 0x0000, 0x0000, 0x0000, 0x0000, 0x0000, 0x0000, 0x0000, 0x0000, 0x0000, 0x0000,
    0x0000, 0x0000, 0x0000, 0x0000, 0x0000, 0x0000, 0x0000, 0x0000, 0x0000, 0x0000, 0x0000, 0x0000,
    0x0000, 0x0000, 0x0000, 0x0000, 0x0000, 0x0000, 0x0000, 0x0000, 0x0000, 0x0000, 0x0000, 0x0000,
    0x0000, 0x0000, 0x0000, 0x0000, 0x0000, 0x0000, 0x0000, 0x0000, 0x0000, 0x0000, 0x0000, 0x0000,
    0x0000, 0x0000, 0x0000, 0x0000, 0x0000, 0x0000, 0x0000, 0x0000, 0x0000, 0x0000, 0x0000, 0x0000,
    0x0000, 0x0000, 0x0000, 0x0000, 0x0000, 0x0000, 0x0000, 0xD73D, 0xD71C, 0xD71C, 0xCF1C, 0xCEFC,
    0xCEFC, 0xCEDC, 0xB639, 0xB619, 0xAE19, 0xAE19, 0xAE19, 0xADF9, 0xA5B8, 0xB63A, 0x426A, 0x0000,
    0x0000, 0x0000, 0x0000, 0x0000, 0x0000, 0x0000, 0x0000, 0x0000, 0x0000, 0x0000, 0x0000, 0x0000,
    0x0000, 0x0000, 0x0000, 0x0000, 0x0000, 0x0000, 0x0000, 0x0000, 0x0000, 0x0000, 0x0000, 0x0000,
    0x0000, 0x73F0, 0xB63A, 0xA5D8, 0xADF9, 0xADD9, 0xADF9, 0xADF9, 0xADF9, 0xC69B, 0xCEFC, 0xCEFC,
    0xCEFC, 0xCF1C, 0xD71C, 0xD71D, 0xD73D, 0x0000, 0x0000, 0x0000, 0x0000, 0x0000, 0x0000, 0x0000,
    0x0000, 0x0000, 0x0000, 0x0000, 0x0000, 0x0000, 0x0000, 0x0000, 0x0000, 0x0000, 0x0000, 0x0000,
    0x0000, 0x0000, 0x0000, 0x0000, 0x0000, 0x0000, 0x0000, 0x0000, 0x0000, 0x0000, 0x0000, 0x0000,
    0x0000, 0x0000, 0x0000, 0x0000, 0x0000, 0x0000, 0x0000, 0x0000, 0x0000, 0x0000, 0x0000, 0x0000,
    0x0000, 0x0000, 0x0000, 0x0000, 0x0000, 0x0000, 0x0000, 0x0000, 0x0000, 0x0000, 0x0000, 0x0000,
    0x0000, 0x0000, 0x0000, 0x0000, 0x0000, 0x0000, 0x0000, 0x0000, 0x0000, 0x0000, 0x0000, 0x0000,
    0x0000, 0x0000, 0x0000, 0xD73D, 0xD71C, 0xD71D, 0xD71D, 0xCF1C, 0xCEDC, 0xCEDC, 0xBE7A, 0xAE19,
    0xAE19, 0xAE19, 0xAE19, 0xADF9, 0xA5D8, 0xB63A, 0x638F, 0x0000, 0x0000, 0x0000, 0x0000, 0x0000,
    0x0000, 0x0000, 0x0000, 0x0000, 0x0000, 0x0000, 0x0000, 0x0000, 0x0000, 0x0000, 0x0000, 0x0000,
    0x0000, 0x0000, 0x0000, 0x0000, 0x0000, 0x0000, 0x0000, 0x0000, 0x0000, 0x8CB4, 0xB61A, 0xADD9,
    0xADD9, 0xADF9, 0xADF9, 0xAE19, 0xB63A, 0xCEDC, 0xCEFC, 0xCEFC, 0xCEFC, 0xCEFC, 0xD71C, 0xD73D,
    0xD73D, 0xD71C, 0x0000, 0x0000, 0x0000, 0x0000, 0x0000, 0x0000, 0x0000, 0x0000, 0x0000, 0x0000,
    0x0000, 0x0000, 0x0000, 0x0000, 0x0000, 0x0000, 0x0000, 0x0000, 0x0000, 0x0000, 0x0000, 0x0000,
    0x0000, 0x0000, 0x0000, 0x0000, 0x0000, 0x0000, 0x0000, 0x0000, 0x0000, 0x0000, 0x0000, 0x0000,
    0x0000, 0x0000, 0x0000, 0x0000, 0x0000, 0x0000, 0x0000, 0x0000, 0x0000, 0x0000, 0x0000, 0x0000,
    0x0000, 0x0000, 0x0000, 0x0000, 0x0000, 0x0000, 0x0000, 0x0000, 0x0000, 0x0000, 0x0000, 0x0000,
    0x0000, 0x0000, 0x0000, 0x0000, 0x0000, 0x0000, 0x0000, 0x0000, 0x0000, 0x0000, 0xD73C, 0xD73D,
    0xD73D, 0xD73D, 0xD71C, 0xCF1C, 0xCEFC, 0xC6DC, 0xC6DC, 0xB619, 0xAE19, 0xAE19, 0xADF9, 0xADF9,
    0xADF9, 0xB63A, 0x7C73, 0x0000, 0x0000, 0x0000, 0x0000, 0x0000, 0x0000, 0x0000, 0x0000, 0x0000,
    0x0000, 0x0000, 0x0000, 0x0000, 0x0000, 0x0000, 0x0000, 0x0000, 0x0000, 0x0000, 0x0000, 0x0000,
    0x0000, 0x0000, 0x0000, 0x0000, 0x0000, 0x9D57, 0xADF9, 0xADD9, 0xADD9, 0xADF9, 0xAE19, 0xADF9,
    0xBE7A, 0xCEFC, 0xCEFC, 0xCEFC, 0xCEFC, 0xCF1C, 0xD71C, 0xD71C, 0x0000, 0x0000, 0x0000, 0xBE38,
    0x94F3, 0x7C30, 0x7BEF, 0x8451, 0x9CF4, 0xB5F7, 0xD71C, 0x0000, 0x0000, 0x0000, 0x0000, 0x0000,
    0x0000, 0x0000, 0x0000, 0x0000, 0x0000, 0x0000, 0x0000, 0x0000, 0x0000, 0x0000, 0x0000, 0x0000,
    0x0000, 0x0000, 0x0000, 0x0000, 0x0000, 0x0000, 0x0000, 0x0000, 0x0000, 0x0000, 0x0000, 0x0000,
    0x0000, 0x0000, 0x0000, 0x0000, 0x0000, 0x0000, 0x0000, 0x0000, 0x0000, 0x0000, 0x0000, 0x0000,
    0x0000, 0x0000, 0x0000, 0x0000, 0x0000, 0x0000, 0x0000, 0x0000, 0x0000, 0xCEBA, 0xAD76, 0x8C92,
    0x73CF, 0x73AE, 0x7C30, 0x9D14, 0xBE59, 0x0000, 0x0000, 0x0000, 0xD71C, 0xD73D, 0xD71C, 0xCF1C,
    0xCEDC, 0xC6DC, 0xCEFC, 0xB65A, 0xAE19, 0xAE19, 0xADF9, 0xADF9, 0xADF9, 0xB61A, 0x9515, 0x0000,
    0x0000, 0x0000, 0x0000, 0x0000, 0x0000, 0x0000, 0x0000, 0x0000, 0x0000, 0x0000, 0x0000, 0x0000,
    0x0000, 0x0000, 0x0000, 0x0000, 0x0000, 0x0000, 0x0000, 0x0000, 0x0000, 0x0000, 0x0000, 0x0000,
    0x10C3, 0xA598, 0xADD9, 0xA5D8, 0xADD9, 0xADF9, 0xAE19, 0xADF9, 0xC6BB, 0xCEFC, 0xCEFC, 0xCEFC,
    0xCEFC, 0xCEFC, 0xD71C, 0x0000, 0xCEBA, 0x73EF, 0x2965, 0x0000, 0x0000, 0x0000, 0x0000, 0x0000,
    0x0000, 0x0000, 0x10A3, 0x4A49, 0x8C72, 0xCEBA, 0x0000, 0x0000, 0x0000, 0x0000, 0x0000, 0x0000,
    0x0000, 0x0000, 0x0000, 0x0000, 0x0000, 0x0000, 0x0000, 0x0000, 0x0000, 0x0000, 0x0000, 0x0000,
    0x0000, 0x0000, 0x0000, 0x0000, 0x0000, 0x0000, 0x0000, 0x0000, 0x0000, 0x0000, 0x0000, 0x0000,
    0x0000, 0x0000, 0x0000, 0x0000, 0x0000, 0x0000, 0x0000, 0x0000, 0x0000, 0x0000, 0x0000, 0x0000,
    0x0000, 0x0000, 0xBE18, 0x73CF, 0x31C7, 0x0000, 0x0000, 0x0000, 0x0000, 0x0000, 0x0000, 0x0000,
    0x0000, 0x31A6, 0x8451, 0xD6FC, 0x0000, 0xD71C, 0xD71C, 0xCF1C, 0xCEDC, 0xCEFC, 0xCEFC, 0xBE9B,
    0xAE19, 0xAE19, 0xAE19, 0xAE19, 0xADF9, 0xAE19, 0x9D98, 0x1082, 0x0000, 0x0000, 0x0000, 0x0000,
    0x0000, 0x0000, 0x0000, 0x0000, 0x0000, 0x0000, 0x0000, 0x0000, 0x0000, 0x0000, 0x0000, 0x0000,
    0x0000, 0x0000, 0x0000, 0x0000, 0x0000, 0x0000, 0x0000, 0x0000, 0x2145, 0xADD9, 0xADD8, 0xADF9,
    0xADF9, 0xADF9, 0xADF9, 0xB639, 0xCEDC, 0xCEDC, 0xCEFC, 0xCEFC, 0xCEDC, 0xD73D, 0x0000, 0x7C10,
    0x10A2, 0x0000, 0x0000, 0x0000, 0x0000, 0x0000, 0x0000, 0x0000, 0x0000, 0x0000, 0x0000, 0x0000,
    0x0000, 0x0000, 0x4A6A, 0x0000, 0x0000, 0x0000, 0x0000, 0x0000, 0x0000, 0x0000, 0x0000, 0x0000,
    0x0000, 0x0000, 0x0000, 0x0000, 0x0000, 0x0000, 0x0000, 0x0000, 0x0000, 0x0000, 0x0000, 0x0000,
    0x0000, 0x0000, 0x0000, 0x0000, 0x0000, 0x0000, 0x0000, 0x0000, 0x0000, 0x0000, 0x0000, 0x0000,
    0x0000, 0x0000, 0x0000, 0x0000, 0x0000, 0x0000, 0x0000, 0x0000, 0x8C72, 0x31A6, 0x0000, 0x0000,
    0x0000, 0x0000, 0x0000, 0x0000, 0x0000, 0x0000, 0x0000, 0x0000, 0x0000, 0x0000, 0x0000, 0x1904,
    0x8C92, 0x0000, 0xD73D, 0xCEFC, 0xCF1C, 0xCEFC, 0xCEDC, 0xC6BB, 0xB619, 0xAE19, 0xAE19, 0xAE19,
    0xADF9, 0xAE19, 0xA5D9, 0x1904, 0x0000, 0x0000, 0x0000, 0x0000, 0x0000, 0x0000, 0x0000, 0x0000,
    0x0000, 0x0000, 0x0000, 0x0000, 0x0000, 0x0000, 0x0000, 0x0000, 0x0000, 0x0000, 0x0000, 0x0000,
    0x0000, 0x0000, 0x0000, 0x0000, 0x31A7, 0xB61A, 0xADF8, 0xADF9, 0xADF9, 0xAE19, 0xADF9, 0xBE5A,
    0xCEFC, 0xCEFC, 0xCEFC, 0xCEDC, 0x0000, 0xBE39, 0x31C7, 0x0000, 0x0000, 0x0000, 0x0000, 0x0000,
    0x0000, 0x0000, 0x0000, 0x0000, 0x0000, 0x0000, 0x0000, 0x0000, 0x0000, 0x0000, 0x0000, 0x0000,
    0x31A6, 0x9CF4, 0x0000, 0x0000, 0x0000, 0x0000, 0x0000, 0x0000, 0x0000, 0x0000, 0x0000, 0x0000,
    0x0000, 0x0000, 0x0000, 0x0000, 0x0000, 0x0000, 0x0000, 0x0000, 0x0000, 0x0000, 0x0000, 0x0000,
    0x0000, 0x0000, 0x0000, 0x0000, 0x0000, 0x0000, 0x0000, 0x0000, 0x0000, 0x0000, 0x0000, 0x0000,
    0x0000, 0xD6FC, 0x73AF, 0x10C3, 0x0000, 0x0000, 0x0000, 0x0000, 0x0000, 0x0000, 0x0000, 0x0000,
    0x0000, 0x0000, 0x0000, 0x0000, 0x0000, 0x0000, 0x0000, 0x0000, 0x0000, 0x4229, 0xC69A, 0x0000,
    0xCEFC, 0xCEFC, 0xCEDC, 0xCEDC, 0xBE5A, 0xADF9, 0xAE19, 0xADF9, 0xADF9, 0xADF9, 0xADF9, 0x2166,
    0x0000, 0x0000, 0x0000, 0x0000, 0x0000, 0x0000, 0x0000, 0x0000, 0x0000, 0x0000, 0x0000, 0x0000,
    0x0000, 0x0000, 0x0000, 0x0000, 0x0000, 0x0000, 0x0000, 0x0000, 0x0000, 0x0000, 0x0000, 0x0000,
    0x3A29, 0xB63A, 0xADF9, 0xADF9, 0xADF9, 0xAE19, 0xADF9, 0xBE9B, 0xCEFC, 0xCEFC, 0xCEDC, 0x0000,
    0x9D35, 0x10A2, 0x0000, 0x0000, 0x0000, 0x2987, 0x4AAC, 0x636F, 0x6BB1, 0x63B0, 0x5B4F, 0x426B,
    0x2145, 0x0000, 0x0000, 0x0000, 0x0000, 0x0000, 0x0000, 0x0000, 0x0000, 0x0000, 0x3186, 0x0000,
    0x0000, 0x0000, 0x0000, 0x0000, 0x0000, 0x0000, 0x0000, 0x0000, 0x0000, 0x0000, 0x0000, 0x0000,
    0x0000, 0x0000, 0x0000, 0x0000, 0x0000, 0x0000, 0x0000, 0x0000, 0x0000, 0x0000, 0x0000, 0x0000,
    0x0000, 0x0000, 0x0000, 0x0000, 0x0000, 0x0000, 0x0000, 0x0000, 0x7C10, 0x10A2, 0x0000, 0x0000,
    0x0000, 0x0000, 0x0000, 0x0000, 0x0000, 0x0000, 0x0000, 0x2146, 0x426B, 0x5B2E, 0x6390, 0x6390,
    0x5B2E, 0x424A, 0x2105, 0x0000, 0x0000, 0x0000, 0x18E3, 0xADB7, 0x0000, 0xCEDB, 0xCEDC, 0xCEDC,
    0xBE9B, 0xAE19, 0xB619, 0xAE19, 0xADF9, 0xADF9, 0xAE1A, 0x31C8, 0x0000, 0x0000, 0x0000, 0x0000,
    0x0000, 0x0000, 0x0000, 0x0000, 0x0000, 0x0000, 0x0000, 0x0000, 0x0000, 0x0000, 0x0000, 0x0000,
    0x0000, 0x0000, 0x0000, 0x0000, 0x0000, 0x0000, 0x0000, 0x0000, 0x428B, 0xB63A, 0xADF9, 0xADF9,
    0xADF9, 0xADF9, 0xAE19, 0xC6BB, 0xCEDC, 0xC6BB, 0x0000, 0x8CD3, 0x0000, 0x0000, 0x0000, 0x424A,
    0x7453, 0x8CF7, 0x8D17, 0x8CF6, 0x84D6, 0x84D6, 0x84F7, 0x8D17, 0x8CF6, 0x7433, 0x426B, 0x0882,
    0x0000, 0x0000, 0x0000, 0x0000, 0x0000, 0x0000, 0x0000, 0x0000, 0x4A8A, 0xCE9A, 0x0000, 0x0000,
    0x0000, 0x0000, 0x0000, 0x0000, 0x0000, 0x0000, 0x0000, 0x0000, 0x0000, 0x0000, 0x0000, 0x0000,
    0x0000, 0x0000, 0x0000, 0x0000, 0x0000, 0x0000, 0x0000, 0x0000, 0x0000, 0x0000, 0x0000, 0x0000,
    0x0000, 0x0000, 0xAD96, 0x2945, 0x0000, 0x0000, 0x0000, 0x0000, 0x0000, 0x0000, 0x0000, 0x0000,
    0x10C3, 0x4ACC, 0x7C53, 0x8D17, 0x8D17, 0x8D17, 0x8CF6, 0x8CF6, 0x8D17, 0x8D17, 0x8CD6, 0x6BD1,
    0x31C8, 0x0000, 0x0000, 0x0000, 0x9D55, 0x0000, 0xC6BB, 0xCEDC, 0xC6BB, 0xAE19, 0xAE19, 0xAE19,
    0xAE19, 0xADF9, 0xAE1A, 0x3A29, 0x0000, 0x0000, 0x0000, 0x0000, 0x0000, 0x0000, 0x0000, 0x0000,
    0x0000, 0x0000, 0x0000, 0x0000, 0x0000, 0x0000, 0x0000, 0x0000, 0x0000, 0x0000, 0x0000, 0x0000,
    0x0000, 0x0000, 0x0000, 0x0000, 0x4ACC, 0xB63A, 0xADF9, 0xADF9, 0xADF9, 0xADF9, 0xB639, 0xC6DC,
    0xC6BB, 0xD75E, 0x94F4, 0x0000, 0x0000, 0x2987, 0x7412, 0x8CF6, 0x8CF6, 0x8CF6, 0x9537, 0x9557,
    0x9557, 0x9537, 0x8CF6, 0x84D5, 0x7CB5, 0x84D6, 0x8D17, 0x7C94, 0x426B, 0x0000, 0x0000, 0x0000,
    0x0000, 0x0000, 0x0000, 0x0000, 0x0000, 0x0000, 0x8451, 0x0000, 0x0000, 0x0000, 0x0000, 0x0000,
    0x0000, 0x0000, 0x0000, 0x0000, 0x0000, 0x0000, 0x0000, 0x0000, 0x0000, 0x0000, 0x0000, 0x0000,
    0x0000, 0x0000, 0x0000, 0x0000, 0x0000, 0x0000, 0x0000, 0x0000, 0x0000, 0x5B0C, 0x0000, 0x0000,
    0x0000, 0x0000, 0x0000, 0x0000, 0x0000, 0x0000, 0x1082, 0x52ED, 0x84B5, 0x8D17, 0x84D6, 0x84B5,
    0x84D5, 0x8D16, 0x9557, 0x9557, 0x9557, 0x9537, 0x8D16, 0x8D16, 0x8CF6, 0x6BB0, 0x1904, 0x0000,
    0x0000, 0xA576, 0xD75D, 0xC6BB, 0xC6DB, 0xB639, 0xADF9, 0xAE19, 0xAE19, 0xADF9, 0xAE1A, 0x428B,
    0x0000, 0x0000, 0x0000, 0x0000, 0x0000, 0x0000, 0x0000, 0x0000, 0x0000, 0x0000, 0x0000, 0x0000,
    0x0000, 0x0000, 0x0000, 0x0000, 0x0000, 0x0000, 0x0000, 0x0000, 0x0000, 0x0000, 0x0000, 0x0000,
    0x530D, 0xB63A, 0xADF9, 0xADF9, 0xADF9, 0xADF9, 0xB63A, 0xC6BB, 0xD73D, 0xA596, 0x0000, 0x0000,
    0x4ACC, 0x84D6, 0x8D17, 0x9D77, 0xADD8, 0xB619, 0xB619, 0xB619, 0xB619, 0xB619, 0xB619, 0xADF9,
    0xA598, 0x8D16, 0x7CB5, 0x84D6, 0x8D37, 0x7412, 0x2966, 0x0000, 0x0000, 0x0000, 0x0000, 0x0000,
    0x0000, 0x0000, 0x0000, 0x4228, 0xD6DB, 0x0000, 0x0000, 0x0000, 0x0000, 0x0000, 0x0000, 0x0000,
    0x0000, 0x0000, 0x0000, 0x0000, 0x0000, 0x0000, 0x0000, 0x0000, 0x0000, 0x0000, 0x0000, 0x0000,
    0x0000, 0x0000, 0x0000, 0xADB6, 0x2104, 0x0000, 0x0000, 0x0000, 0x0000, 0x0000, 0x0000, 0x0000,
    0x0000, 0x3A29, 0x8495, 0x8D17, 0x84B5, 0x84B5, 0x9537, 0xA5B8, 0xADF9, 0xB619, 0xB619, 0xB619,
    0xB619, 0xB619, 0xB619, 0xA5B8, 0x9556, 0x8D16, 0x84B5, 0x3A2A, 0x0000, 0x1082, 0xB618, 0xCF1C,
    0xC6BB, 0xB63A, 0xADF9, 0xAE19, 0xADF9, 0xADF9, 0xAE1A, 0x4AAC, 0x0000, 0x0000, 0x0000, 0x0000,
    0x0000, 0x0000, 0x0000, 0x0000, 0x0000, 0x0000, 0x0000, 0x0000, 0x0000, 0x0000, 0x0000, 0x0000,
    0x0000, 0x0000, 0x0000, 0x0000, 0x0000, 0x0000, 0x0000, 0x0000, 0x5B2E, 0xB63A, 0xADF9, 0xADF9,
    0xADF9, 0xADF9, 0xBE5A, 0xCEFC, 0xBE5A, 0x10C3, 0x0000, 0x636F, 0x9557, 0x9D77, 0xADF9, 0xB619,
    0xB619, 0xB619, 0xAE19, 0xAE19, 0xADF9, 0xADF9, 0xADF9, 0xB619, 0xB619, 0xB619, 0xA5B8, 0x8D16,
    0x7C95, 0x8CF6, 0x8CF6, 0x52CD, 0x0000, 0x0000, 0x0000, 0x0000, 0x0000, 0x0000, 0x0000, 0x0000,
    0x10A2, 0x0000, 0x0000, 0x0000, 0x0000, 0x0000, 0x0000, 0x0000, 0x0000, 0x0000, 0x0000, 0x0000,
    0x0000, 0x0000, 0x0000, 0x0000, 0x0000, 0x0000, 0x0000, 0x0000, 0x0000, 0x0000, 0x8451, 0x0000,
    0x0000, 0x0000, 0x0000, 0x0000, 0x0000, 0x0000, 0x0000, 0x10A3, 0x63B0, 0x8D37, 0x84D6, 0x7C95,
    0x8D16, 0xA5B8, 0xB619, 0xB619, 0xB619, 0xAE19, 0xADF9, 0xADF9, 0xADF9, 0xADF9, 0xB619, 0xADF9,
    0xADF9, 0xADD8, 0x9D78, 0x9537, 0x52ED, 0x0000, 0x2145, 0xCEDB, 0xCEFC, 0xBE5A, 0xADF9, 0xAE19,
    0xADF9, 0xADF9, 0xAE1A, 0x4ACC, 0x0000, 0x0000, 0x0000, 0x0000, 0x0000, 0x0000, 0x0000, 0x0000,
    0x0000, 0x0000, 0x0000, 0x0000, 0x0000, 0x0000, 0x0000, 0x0000, 0x0000, 0x0000, 0x0000, 0x0000,
    0x0000, 0x0000, 0x0000, 0x0000, 0x5B2E, 0xB63A, 0xADF9, 0xADF9, 0xADF9, 0xADF9, 0xBE5A, 0xD71D,
    0x39E8, 0x0000, 0x6BD1, 0x9D98, 0xADD8, 0xB619, 0xAE19, 0xADF9, 0xAE19, 0xB619, 0xB619, 0xB619,
    0xAE19, 0xAE19, 0xAE19, 0xAE19, 0xAE19, 0xAE19, 0xB619, 0xAE19, 0x9D77, 0x84B5, 0x84B5, 0x8D37,
    0x73F2, 0x18E4, 0x0000, 0x0000, 0x0000, 0x0000, 0x0000, 0x0000, 0x0000, 0x0000, 0x94D3, 0x0000,
    0x0000, 0x0000, 0x0000, 0x0000, 0x0000, 0x0000, 0x0000, 0x0000, 0x0000, 0x0000, 0x0000, 0x0000,
    0x0000, 0x0000, 0x0000, 0x0000, 0x0000, 0x73CF, 0x0000, 0x0000, 0x0000, 0x0000, 0x0000, 0x0000,
    0x0000, 0x0000, 0x29A7, 0x7C94, 0x8D17, 0x7C95, 0x84B5, 0x9D77, 0xB619, 0xB619, 0xADF9, 0xADF9,
    0xAE19, 0xAE19, 0xAE19, 0xADF9, 0xADF9, 0xADF9, 0xADF9, 0xADF9, 0xADD9, 0xADF9, 0xB619, 0xADD8,
    0x9D99, 0x636F, 0x0000, 0x52AB, 0xD75D, 0xBE5A, 0xADF9, 0xADF9, 0xADF9, 0xADF9, 0xAE1A, 0x52ED,
    0x0000, 0x0000, 0x0000, 0x0000, 0x0000, 0x0000, 0x0000, 0x0000, 0x0000, 0x0000, 0x0000, 0x0000,
    0x0000, 0x0000, 0x0000, 0x0000, 0x0000, 0x0000, 0x0000, 0x0000, 0x0000, 0x0000, 0x0000, 0x0000,
    0x5B4E, 0xB61A, 0xADF9, 0xADF9, 0xADF9, 0xADD8, 0xCEDC, 0x7C31, 0x0000, 0x6BD1, 0xA5B9, 0xADD8,
    0xADF9, 0xADF9, 0xAE19, 0xB619, 0xB619, 0xB619, 0xAE19, 0xAE19, 0xB619, 0xB619, 0xADF9, 0xB619,
    0xB619, 0xB619, 0xB619, 0xB619, 0xB639, 0xA5B8, 0x8CD5, 0x84B5, 0x8D17, 0x84D5, 0x31E8, 0x0000,
    0x0000, 0x0000, 0x0000, 0x0000, 0x0000, 0x0000, 0x0000, 0xBE38, 0x0000, 0x0000, 0x0000, 0x0000,
    0x0000, 0x0000, 0x0000, 0x0000, 0x0000, 0x0000, 0x0000, 0x0000, 0x0000, 0x0000, 0x0000, 0x0000,
    0xADB6, 0x0000, 0x0000, 0x0000, 0x0000, 0x0000, 0x0000, 0x0000, 0x0000, 0x4A8B, 0x8D17, 0x84D6,
    0x7C95, 0x84D6, 0xA5D8, 0xB639, 0xB619, 0xB619, 0xB619, 0xB619, 0xAE19, 0xADF9, 0xAE19, 0xADF9,
    0xADF9, 0xADF9, 0xADF9, 0xADF9, 0xADF9, 0xADF9, 0xADF9, 0xB619, 0xADF9, 0xADFA, 0x636F, 0x0000,
    0x94F4, 0xC6DC, 0xADD8, 0xADF9, 0xADF9, 0xADF9, 0xADF9, 0x52ED, 0x0000, 0x0000, 0x0000, 0x0000,
    0x0000, 0x0000, 0x0000, 0x0000, 0x0000, 0x0000, 0x0000, 0x0000, 0x0000, 0x0000, 0x0000, 0x0000,
    0x0000, 0x0000, 0x0000, 0x0000, 0x0000, 0x0000, 0x0000, 0x0000, 0x5B4F, 0xB61A, 0xADF9, 0xADF9,
    0xADF9, 0xB619, 0xB619, 0x1082, 0x636F, 0xAE1A, 0xADD8, 0xADD8, 0xADD9, 0xADF9, 0xADF9, 0xAE19,
    0xB619, 0xB619, 0xB619, 0xAE19, 0xAE19, 0xB619, 0xB619, 0xADF9, 0xADD8, 0xA5B8, 0xA598, 0x9D98,
    0x9D77, 0xA5B8, 0xA598, 0x8CF6, 0x84D5, 0x84F6, 0x8D17, 0x52ED, 0x0000, 0x0000, 0x0000, 0x0000,
    0x0000, 0x0000, 0x0000, 0x634D, 0x0000, 0x0000, 0x0000, 0x0000, 0x0000, 0x0000, 0x0000, 0x0000,
    0x0000, 0x0000, 0x0000, 0x0000, 0x0000, 0x0000, 0xD73C, 0x0000, 0x5AEB, 0x0000, 0x0000, 0x0000,
    0x0000, 0x0000, 0x0000, 0x0000, 0x636F, 0x8D17, 0x84B5, 0x84B5, 0x8CF6, 0xA598, 0xA5B8, 0x9D77,
    0x9D98, 0xA598, 0xA5B8, 0xADD9, 0xB619, 0xB619, 0xB619, 0xADF9, 0xB619, 0xADF9, 0xADF9, 0xADF9,
    0xAE19, 0xAE19, 0xAE19, 0xB619, 0xB619, 0xAE19, 0xB65B, 0x5B0D, 0x18E4, 0xBE7A, 0xADF9, 0xADF9,
    0xADF9, 0xADD9, 0xA5D9, 0x530E, 0x0000, 0x0000, 0x0000, 0x0000, 0x0000, 0x0000, 0x0000, 0x0000,
    0x0000, 0x0000, 0x0000, 0x0000, 0x0000, 0x0000, 0x0000, 0x0000, 0x0000, 0x0000, 0x0000, 0x0000,
    0x0000, 0x0000, 0x0000, 0x0000, 0x5B4E, 0xADF9, 0xADF9, 0xADF9, 0xADF8, 0xBE9B, 0x52CB, 0x52EC,
    0xBE5A, 0xADD8, 0xADF9, 0xADF9, 0xADF9, 0xADF9, 0xADF9, 0xB619, 0xB619, 0xB619, 0xAE19, 0xB619,
    0xB619, 0xADD8, 0xA5B9, 0x9D78, 0x8D17, 0x84D5, 0x84B5, 0x7CB5, 0x7C95, 0x7C95, 0x84D6, 0x84D6,
    0x84D6, 0x84D6, 0x84B5, 0x8D17, 0x6BD1, 0x10C3, 0x0000, 0x0000, 0x0000, 0x0000, 0x0000, 0x4249,
    0x0000, 0xD73C, 0x0000, 0x0000, 0x0000, 0x0000, 0x0000, 0x0000, 0x0000, 0x0000, 0x0000, 0x0000,
    0x0000, 0x0000, 0xD71D, 0x0000, 0x3A28, 0x0000, 0x0000, 0x0000, 0x0000, 0x0000, 0x1904, 0x7433,
    0x8D17, 0x7CB5, 0x84B5, 0x84B5, 0x84F6, 0x84F6, 0x84B5, 0x7C95, 0x7C95, 0x7CB5, 0x84D6, 0x8D37,
    0x9D98, 0xA5B9, 0xADF9, 0xAE19, 0xADF9, 0xADF9, 0xADF9, 0xB619, 0xAE19, 0xAE19, 0xAE19, 0xB619,
    0xB619, 0xAE19, 0xADF9, 0xBE7B, 0x426A, 0x634E, 0xBE7B, 0xADD9, 0xA5D9, 0xADF9, 0xA5D9, 0x530E,
    0x0000, 0x0000, 0x0000, 0x0000, 0x0000, 0x0000, 0x0000, 0x0000, 0x0000, 0x0000, 0x0000, 0x0000,
    0x0000, 0x0000, 0x0000, 0x0000, 0x0000, 0x0000, 0x0000, 0x0000, 0x0000, 0x0000, 0x0000, 0x0000,
    0x5B2E, 0xADD9, 0xADF9, 0xADF9, 0xB639, 0x9D36, 0x5B2D, 0xBE5A, 0xADF8, 0xADF9, 0xADF9, 0xADF9,
    0xADF9, 0xAE19, 0xADF9, 0xAE19, 0xB619, 0xB619, 0xB619, 0xADF9, 0xA5D9, 0x8D16, 0x6390, 0x4AAC,
    0x4A8B, 0x530D, 0x73F0, 0x8CB4, 0x9536, 0x8CF6, 0x7C95, 0x84D6, 0x84F6, 0x84B5, 0x84D6, 0x84B5,
    0x8D17, 0x84B5, 0x31E8, 0x0000, 0x0000, 0x0000, 0x0000, 0x73CF, 0x0000, 0xD71C, 0xD73D, 0xD73D,
    0x0000, 0x0000, 0x0000, 0x0000, 0x0000, 0x0000, 0x0000, 0x0000, 0x0000, 0x0000, 0xD71C, 0x0000,
    0x73F0, 0x0000, 0x0000, 0x0000, 0x0000, 0x424A, 0x84D5, 0x84F6, 0x84B5, 0x84B5, 0x84B5, 0x8CF6,
    0x84D6, 0x84B5, 0x9516, 0x9D57, 0x8493, 0x6BB0, 0x52CC, 0x426B, 0x4AAC, 0x63B1, 0x8D16, 0xA5B9,
    0xADF9, 0xADF9, 0xADF9, 0xAE19, 0xAE19, 0xAE19, 0xAE19, 0xADF9, 0xADF9, 0xB619, 0xADF9, 0xADF9,
    0xB619, 0x5B0D, 0xA597, 0xAE19, 0xA5D8, 0xADF9, 0xA5D9, 0x52ED, 0x0000, 0x0000, 0x0000, 0x0000,
    0x0000, 0x0000, 0x0000, 0x0000, 0x0000, 0x0000, 0x0000, 0x0000, 0x0000, 0x0000, 0x0000, 0x0000,
    0x0000, 0x0000, 0x0000, 0x0000, 0x0000, 0x0000, 0x0000, 0x0000, 0x5B0E, 0xA5B8, 0xADF9, 0xADF9,
    0xB619, 0x9D36, 0xADD8, 0xB619, 0xADF9, 0xADF9, 0xADF9, 0xADF9, 0xADF9, 0xADF9, 0xADF9, 0xB619,
    0xB619, 0xB619, 0xB61A, 0x9537, 0x4ACD, 0x31A7, 0x5AEC, 0x94D3, 0xBE38, 0xCEDB, 0xD71C, 0xD71C,
    0xD71C, 0xD6FC, 0xB5F9, 0x7412, 0x7453, 0x8D17, 0x84D5, 0x84D6, 0x84B5, 0x84D6, 0x8D17, 0x6390,
    0x29A7, 0x2125, 0x5B0C, 0xCEFC, 0xD73D, 0xD71C, 0xD73D, 0xD73D, 0xD73D, 0xD73D, 0xD73D, 0xD73D,
    0xD73D, 0xD73D, 0xD73D, 0xD73D, 0xD73D, 0xD73D, 0xD71D, 0xD71D, 0xD71C, 0x6B8E, 0x2966, 0x31E9,
    0x6BF1, 0x8D17, 0x84D6, 0x84B5, 0x84B5, 0x84B5, 0x8CF6, 0x7433, 0x7C33, 0xB619, 0xD71C, 0x0000,
    0xD73D, 0xD71C, 0xCEDB, 0xB618, 0x8C92, 0x52AB, 0x31A7, 0x530E, 0x9557, 0xADF9, 0xB619, 0xADF9,
    0xADF9, 0xB619, 0xB619, 0xB619, 0xADF9, 0xADF9, 0xADF9, 0xADF9, 0xB619, 0xA5B7, 0x9D56, 0xB619,
    0xADD9, 0xADD8, 0xA5B8, 0x4ACD, 0x0000, 0x0000, 0x0000, 0x0000, 0x0000, 0x0000, 0x0000, 0x0000,
    0x0000, 0x0000, 0x0000, 0x0000, 0x0000, 0x0000, 0x0000, 0x0000, 0x0000, 0x0000, 0x0000, 0x0000,
    0x0000, 0x0000, 0x0000, 0x0000, 0x52ED, 0xA5B8, 0xB619, 0xADF9, 0xADF9, 0xB619, 0xAE19, 0xADF9,
    0xAE19, 0xAE19, 0xAE19, 0xAE19, 0xAE19, 0xADF9, 0xAE19, 0xB5F9, 0xAE19, 0xAE1A, 0x7432, 0x2146,
    0x5AEC, 0xBE39, 0x0000, 0x0000, 0x0000, 0xD73D, 0xD71C, 0xD71C, 0xD71C, 0xD71C, 0x0000, 0xC639,
    0x6B4E, 0x5B4F, 0x8D17, 0x84D6, 0x84B5, 0x84D5, 0x84D5, 0x8D17, 0x8CF7, 0x9517, 0xD73D, 0xD71D,
    0xCEFC, 0xD71D, 0xCF1C, 0xCF1C, 0xD71C, 0xD71C, 0xD73D, 0xD71C, 0xD71C, 0xD71C, 0xD71C, 0xD71C,
    0xD71D, 0xD71D, 0xCF1C, 0xCEFC, 0xCF1C, 0xD73D, 0x9537, 0x8CF7, 0x8CF6, 0x84B5, 0x84D5, 0x84B5,
    0x84D6, 0x84F6, 0x5B0E, 0x736F, 0xCE5A, 0x0000, 0xD73C, 0xD73C, 0xD73D, 0xD73D, 0xD73D, 0x0000,
    0x0000, 0x0000, 0xB5F8, 0x52AB, 0x2166, 0x7C73, 0xAE1A, 0xADF9, 0xADF9, 0xB619, 0xB619, 0xB619,
    0xB619, 0xAE19, 0xADF9, 0xADF9, 0xADF9, 0xADF9, 0xAE19, 0xADF9, 0xADF9, 0xADF9, 0x9D98, 0x4AAC,
    0x0000, 0x0000, 0x0000, 0x0000, 0x0000, 0x0000, 0x0000, 0x0000, 0x0000, 0x0000, 0x0000, 0x0000,
    0x0000, 0x0000, 0x0000, 0x0000, 0x0000, 0x0000, 0x0000, 0x0000, 0x0000, 0x0000, 0x0000, 0x0000,
    0x4AAC, 0x9D98, 0xADF9, 0xADF9, 0xADF9, 0xADF9, 0xADF9, 0xADF9, 0xADF9, 0xB619, 0xB619, 0xB619,
    0xB619, 0xAE19, 0xADF9, 0xADF9, 0xB63A, 0x5B4F, 0x2125, 0x9D35, 0x0000, 0xD73D, 0xCEFC, 0xD71C,
    0xD71C, 0xD71C, 0xD73C, 0x0000, 0x0000, 0xD71C, 0xD71C, 0x0000, 0xCE7B, 0x732E, 0x426A, 0x84F6,
    0x84D6, 0x84B5, 0x84D6, 0x84B5, 0x84D5, 0x7C95, 0x9D77, 0xD71C, 0xCF1C, 0xD71D, 0xCEFC, 0xCEFC,
    0xD71D, 0xCF1C, 0xD71D, 0xCF1C, 0xCEFC, 0xCF1C, 0xCF1C, 0xCF1C, 0xCEFC, 0xCEFC, 0xCEFC, 0xCEFC,
    0xD71C, 0x9D77, 0x7C95, 0x84B5, 0x84B5, 0x84B5, 0x84B5, 0x84D6, 0x84B5, 0x424A, 0x7B8F, 0xD69B,
    0x0000, 0xD71C, 0xD73C, 0x0000, 0x0000, 0x0000, 0xD73D, 0xD71D, 0xD71C, 0xD71C, 0x0000, 0x0000,
    0x94D4, 0x2105, 0x63B0, 0xB63A, 0xADF9, 0xADF9, 0xB619, 0xB619, 0xAE19, 0xAE19, 0xADF9, 0xADF9,
    0xADF9, 0xADF9, 0xADF9, 0xADF9, 0xADF9, 0xADF8, 0x9D78, 0x426B, 0x0000, 0x0000, 0x0000, 0x0000,
    0x0000, 0x0000, 0x0000, 0x0000, 0x0000, 0x0000, 0x0000, 0x0000, 0x0000, 0x0000, 0x0000, 0x0000,
    0x0000, 0x0000, 0x0000, 0x0000, 0x0000, 0x0000, 0x0000, 0x0000, 0x428B, 0x9D78, 0xADF9, 0xADF9,
    0xADF9, 0xADF9, 0xADF9, 0xADF9, 0xAE19, 0xAE19, 0xAE19, 0xAE19, 0xAE19, 0xADF9, 0xADF9, 0xB65A,
    0x5B6F, 0x2946, 0xBDF9, 0x0000, 0xCEFB, 0xD6FC, 0xD71C, 0xD71C, 0xD71C, 0xD73C, 0x0000, 0x0000,
    0x0000, 0x0000, 0xD73C, 0xD71C, 0xD73C, 0xCE3A, 0x732E, 0x31E8, 0x8CF6, 0x84D6, 0x84D6, 0x84D6,
    0x84D6, 0x84D6, 0x84B5, 0xB65A, 0xD73D, 0xCEFC, 0xD71D, 0xCF1C, 0xCF1C, 0xCEFC, 0xCEFC, 0xCF1C,
    0xCEFC, 0xCEFC, 0xCF1C, 0xCF1C, 0xCEFC, 0xCF1C, 0xCEFC, 0xD71D, 0xB63A, 0x84B5, 0x84D6, 0x84D5,
    0x84D6, 0x84B5, 0x84D6, 0x84D5, 0x31C8, 0x7B90, 0xCE3A, 0xD73D, 0xD71C, 0xD71C, 0x0000, 0x0000,
    0x0000, 0x0000, 0x0000, 0xD73D, 0xD73C, 0xD71C, 0xD71C, 0xCEFC, 0x0000, 0xB5B8, 0x2105, 0x6BD1,
    0xBE5B, 0xADF9, 0xADF9, 0xADF9, 0xAE19, 0xADF9, 0xADF9, 0xADF9, 0xADF9, 0xADF9, 0xADF9, 0xADF9,
    0xADD9, 0xADD8, 0x9557, 0x3A2A, 0x0000, 0x0000, 0x0000, 0x0000, 0x0000, 0x0000, 0x0000, 0x0000,
    0x0000, 0x0000, 0x0000, 0x0000, 0x0000, 0x0000, 0x0000, 0x0000, 0x0000, 0x0000, 0x0000, 0x0000,
    0x0000, 0x0000, 0x0000, 0x0000, 0x3A2A, 0x9558, 0xADF8, 0xADF9, 0xADF9, 0xADF9, 0xADF9, 0xADF9,
    0xADF9, 0xADF9, 0xAE19, 0xAE19, 0xADF9, 0xADF9, 0xBE5B, 0x7C52, 0x2946, 0xB5B8, 0xD73D, 0xCEFC,
    0xCF1C, 0xD71D, 0xD71C, 0xD71C, 0xD71C, 0x0000, 0x0000, 0x0000, 0x0000, 0x0000, 0xD73C, 0xD71C,
    0xD71C, 0xCEDB, 0xC598, 0x62CC, 0x3A4A, 0x8D37, 0x84B5, 0x84D6, 0x84D6, 0x84D6, 0x84D6, 0x8CD5,
    0xCEDC, 0xD71D, 0xCF1C, 0xCEFC, 0xCF1C, 0xCEFC, 0xCF1C, 0xCEFC, 0xCEFC, 0xCEFC, 0xCF1C, 0xCEFC,
    0xCEFC, 0xCEFC, 0xCF1C, 0xCEDC, 0x84D5, 0x84D6, 0x84D6, 0x84D6, 0x84D6, 0x84D5, 0x8D17, 0x3A09,
    0x734E, 0xBD98, 0xCEDB, 0xD71C, 0xD73C, 0xD73C, 0x0000, 0x0000, 0x0000, 0x0000, 0x0000, 0xD73D,
    0xD73D, 0xD71D, 0xD71C, 0xD71C, 0xCEDC, 0xD73D, 0x0000, 0x2925, 0x84B4, 0xBE5A, 0xADF9, 0xADF9,
    0xADF9, 0xADF9, 0xADF9, 0xADF9, 0xADF9, 0xADF9, 0xADF9, 0xADF9, 0xADD8, 0xA5D8, 0x8D17, 0x31E8,
    0x0000, 0x0000, 0x0000, 0x0000, 0x0000, 0x0000, 0x0000, 0x0000, 0x0000, 0x0000, 0x0000, 0x0000,
    0x0000, 0x0000, 0x0000, 0x0000, 0x0000, 0x0000, 0x0000, 0x0000, 0x0000, 0x0000, 0x0000, 0x0000,
    0x31E8, 0x8D37, 0xADD8, 0xADF9, 0xA5D8, 0xADF9, 0xADF9, 0xADF9, 0xADF9, 0xADF9, 0xAE19, 0xADF9,
    0xADF9, 0xB619, 0xA5B8, 0x31A7, 0x9C74, 0xCEFC, 0xCEDC, 0xCEFC, 0xCF1C, 0xD71C, 0xD71C, 0xD71C,
    0xD71C, 0x0000, 0x0000, 0x0000, 0x0000, 0x0000, 0xD73C, 0xD71C, 0xD71C, 0xD73D, 0xBDF9, 0x0000,
    0x4209, 0x5B4F, 0x8D17, 0x84D5, 0x84D6, 0x84D6, 0x8CF6, 0x7C54, 0x94F4, 0x0000, 0xCEFC, 0xCEFC,
    0xCEFC, 0xCEFC, 0xCEFC, 0xCF1C, 0xCEFC, 0xCEFC, 0xCEFC, 0xCEFC, 0xCEFC, 0xCEFC, 0xD73D, 0x8CF4,
    0x7C74, 0x84D6, 0x84D6, 0x84D6, 0x84B5, 0x8D37, 0x4ACC, 0x524B, 0x0000, 0xBDD8, 0xD71D, 0xD71C,
    0xD73D, 0xD73C, 0x0000, 0x0000, 0x0000, 0x0000, 0x0000, 0xD73D, 0xD73D, 0xD71C, 0xD6FC, 0xCEFC,
    0xCEFC, 0xCEDC, 0xCEDC, 0x8C12, 0x31C8, 0xADD8, 0xB619, 0xADF9, 0xADF9, 0xADF9, 0xADF9, 0xADF9,
    0xADF9, 0xADF9, 0xADF9, 0xA5B8, 0xADF9, 0x9D98, 0x8CF6, 0x2987, 0x0000, 0x0000, 0x0000, 0x0000,
    0x0000, 0x0000, 0x0000, 0x0000, 0x0000, 0x0000, 0x0000, 0x0000, 0x0000, 0x0000, 0x0000, 0x0000,
    0x0000, 0x0000, 0x0000, 0x0000, 0x0000, 0x0000, 0x0000, 0x0000, 0x2986, 0x8CF6, 0x9D77, 0xB619,
    0x9535, 0x9535, 0xB63A, 0xADF9, 0xADF9, 0xAE19, 0xAE19, 0xAE19, 0xADF9, 0xBE5A, 0x5B2D, 0x730F,
    0xC63A, 0xC6DB, 0xCEDC, 0xCEFC, 0xD71C, 0xD71C, 0xD73C, 0xD73C, 0xD73D, 0xD73D, 0x0000, 0x0000,
    0x0000, 0xD71C, 0xD71C, 0xD71C, 0xD71C, 0xD73C, 0xCE9B, 0x0000, 0x9C74, 0x2987, 0x84B5, 0x84D6,
    0x84D6, 0x84D6, 0x84D6, 0x8CF7, 0x636F, 0xBE39, 0xD73D, 0xCEFC, 0xCEFC, 0xCEFC, 0xCEFC, 0xCEFC,
    0xCEFC, 0xCEFC, 0xCEFC, 0xCEFC, 0xCEFC, 0xD73D, 0xB618, 0x636F, 0x8CF6, 0x84B5, 0x84D6, 0x84B5,
    0x84F6, 0x7453, 0x3187, 0x0000, 0x0000, 0xCE9B, 0xD71C, 0xD71C, 0xD71C, 0xD71C, 0xD71C, 0x0000,
    0x0000, 0x0000, 0x0000, 0x0000, 0xD73D, 0xD71C, 0xCF1C, 0xCEFC, 0xCEFC, 0xC6DB, 0xC6DB, 0xBDD9,
    0x6AEE, 0x638E, 0xBE7B, 0xADF9, 0xADF9, 0xADF9, 0xADF9, 0xADF9, 0xADD8, 0xB63A, 0x8CD4, 0x9556,
    0xB619, 0x9D57, 0x84D6, 0x1925, 0x0000, 0x0000, 0x0000, 0x0000, 0x0000, 0x0000, 0x0000, 0x0000,
    0x0000, 0x0000, 0x0000, 0x0000, 0x0000, 0x0000, 0x0000, 0x0000, 0x0000, 0x0000, 0x0000, 0x0000,
    0x0000, 0x0000, 0x0000, 0x0000, 0x1904, 0x84D6, 0x9537, 0xADF9, 0xADF9, 0x634E, 0xA577, 0xB63A,
    0xADD8, 0xADF9, 0xAE19, 0xADF9, 0xB639, 0x9D56, 0x5AAC, 0xA4D6, 0xC69B, 0xCEDB, 0xCEDC, 0xD6FC,
    0xD6FC, 0xD6DC, 0xD6BC, 0xCEBB, 0xCE9B, 0xCEBB, 0xD6FC, 0x0000, 0x0000, 0x0000, 0x0000, 0xD73C,
    0xD71C, 0xD6FC, 0xCEFC, 0x0000, 0x0000, 0x62CD, 0x4AED, 0x9537, 0x84B5, 0x84D6, 0x84D6, 0x8CF7,
    0x7412, 0x73F0, 0x0000, 0xCEDC, 0xCEFC, 0xCEFC, 0xCEFC, 0xCEFC, 0xCEFC, 0xCEFC, 0xCEFC, 0xCEFC,
    0xCEDC, 0xD75D, 0x6B6E, 0x7433, 0x8CF6, 0x84B5, 0x84B5, 0x84B5, 0x8D17, 0x426B, 0x734F, 0x0000,
    0x0000, 0xCEDB, 0xCEFC, 0xCEFC, 0xD73D, 0x0000, 0x0000, 0x0000, 0x0000, 0x0000, 0xD6FC, 0xD6FC,
    0xD6DC, 0xD6FC, 0xD71D, 0xD71C, 0xCEFC, 0xCEDB, 0xC6DB, 0xBE5A, 0x9C95, 0x5AED, 0xA597, 0xB619,
    0xADF9, 0xAE19, 0xADF9, 0xADD8, 0xB65A, 0x9515, 0x634E, 0xAE19, 0xADF9, 0x9536, 0x84B5, 0x10A3,
    0x0000, 0x0000, 0x0000, 0x0000, 0x0000, 0x0000, 0x0000, 0x0000, 0x0000, 0x0000, 0x0000, 0x0000,
    0x0000, 0x0000, 0x0000, 0x0000, 0x0000, 0x0000, 0x0000, 0x0000, 0x0000, 0x0000, 0x0000, 0x0000,
    0x0882, 0x8495, 0x84D6, 0xA5B8, 0xB65A, 0x8CD5, 0x3A29, 0xADF9, 0xB63A, 0xADF8, 0xADF9, 0xADF8,
    0xB63A, 0x8452, 0x83D2, 0x9CD6, 0xBE1A, 0xBDB9, 0x0000, 0x8C32, 0x6B2D, 0x4A09, 0x3166, 0x2125,
    0x20E4, 0x20E4, 0x2945, 0x39C7, 0x52AB, 0x7BD0, 0x0000, 0xCE9B, 0x0000, 0xD73D, 0xD71C, 0x0000,
    0x0000, 0x9C54, 0x422A, 0x84D5, 0x84D6, 0x84D6, 0x84D6, 0x84B5, 0x84F6, 0x4A8B, 0xBE59, 0xD71D,
    0xCEFC, 0xCEFC, 0xCEFC, 0xCF1C, 0xCF1C, 0xCEFC, 0xCF1C, 0xCEFC, 0xD73D, 0xADF8, 0x4A8B, 0x8D17,
    0x84B5, 0x84B5, 0x84B5, 0x84D6, 0x7453, 0x422A, 0xA4B5, 0x0000, 0x0000, 0xCEFC, 0xD71C, 0x0000,
    0xCE9B, 0x0000, 0x7BF0, 0x52AB, 0x39C7, 0x2966, 0x2925, 0x2925, 0x2946, 0x41E8, 0x5AAC, 0x7BB0,
    0x9CB4, 0xB598, 0xBDF9, 0xBE19, 0x9CB5, 0x83D2, 0x8CB3, 0xB63A, 0xADF8, 0xADF9, 0xADD9, 0xB65A,
    0xA597, 0x39E9, 0x9536, 0xB639, 0x9D98, 0x84F6, 0x7C53, 0x0000, 0x0000, 0x0000, 0x0000, 0x0000,
    0x0000, 0x0000, 0x0000, 0x0000, 0x0000, 0x0000, 0x0000, 0x0000, 0x0000, 0x0000, 0x0000, 0x0000,
    0x0000, 0x0000, 0x0000, 0x0000, 0x0000, 0x0000, 0x0000, 0x0000, 0x0000, 0x7413, 0x84D6, 0x84B5,
    0xA5B8, 0xC69C, 0x6BB1, 0x29A7, 0xA597, 0xB63A, 0xADF9, 0xB619, 0xADF9, 0x8C53, 0x9C95, 0x9C95,
    0x83B1, 0x522A, 0x10A3, 0x0000, 0x0000, 0x0000, 0x0000, 0x0000, 0x0000, 0x0000, 0x0000, 0x0000,
    0x0000, 0x0000, 0x0000, 0x2925, 0x6B2D, 0x0000, 0xD6BC, 0x0000, 0x0000, 0x0000, 0x5ACD, 0x6BF1,
    0x8D17, 0x84D6, 0x84B5, 0x8CF6, 0x9557, 0x52ED, 0x7C31, 0x0000, 0xCEFC, 0xD71C, 0xD71C, 0xD71C,
    0xD71C, 0xD71C, 0xCF1C, 0xCEFC, 0x0000, 0x73CF, 0x5B4F, 0x9558, 0x84D6, 0x84B5, 0x84B5, 0x8CF6,
    0x5B4F, 0x6B2F, 0x0000, 0x0000, 0x0000, 0xCE9B, 0x0000, 0x630D, 0x2925, 0x0000, 0x0000, 0x0000,
    0x0000, 0x0000, 0x0000, 0x0000, 0x0000, 0x0000, 0x0000, 0x0000, 0x0000, 0x2905, 0x62AC, 0x8C33,
    0xA4B5, 0x9454, 0x9494, 0xB619, 0xAE19, 0xADF9, 0xB65A, 0x9D56, 0x2987, 0x7C53, 0xBE9B, 0x9D98,
    0x84B5, 0x84F6, 0x6BD1, 0x0000, 0x0000, 0x0000, 0x0000, 0x0000, 0x0000, 0x0000, 0x0000, 0x0000,
    0x0000, 0x0000, 0x0000, 0x0000, 0x0000, 0x0000, 0x0000, 0x0000, 0x0000, 0x0000, 0x0000, 0x0000,
    0x0000, 0x0000, 0x0000, 0x0000, 0x0000, 0x6370, 0x8CF7, 0x7C74, 0x63D1, 0x6BD1, 0x8CF5, 0x4ACD,
    0x2125, 0x7C74, 0xA598, 0x9557, 0x9516, 0x9CB6, 0x7B90, 0x3187, 0x0000, 0x0000, 0x18C2, 0x5269,
    0x83AE, 0x9C91, 0x18E3, 0x0000, 0x0000, 0x0000, 0x0000, 0x0000, 0x0000, 0x0000, 0x0000, 0x0000,
    0x0000, 0x1062, 0x6AED, 0x0000, 0x0000, 0x0000, 0x7B91, 0x636F, 0x8D17, 0x84B5, 0x84D6, 0xADD9,
    0xADF9, 0x7433, 0x426A, 0xD73D, 0xCF1C, 0xD71D, 0xD71D, 0xD73D, 0xD71D, 0xD71C, 0xD71C, 0xD71D,
    0xCEFC, 0x4249, 0x7C94, 0xADF9, 0xA5B8, 0x7CB5, 0x84B5, 0x84D6, 0x5B0E, 0x83F2, 0x0000, 0x0000,
    0xA4B5, 0x526B, 0x0000, 0x0000, 0x0000, 0x0000, 0x0000, 0x0000, 0x0000, 0x0000, 0x2104, 0x0000,
    0x0000, 0x7BCF, 0x8C0F, 0x736D, 0x41C6, 0x0000, 0x0000, 0x0000, 0x4A2A, 0x8412, 0x9CD6, 0x8D16,
    0x9537, 0x9D98, 0x7412, 0x2126, 0x5B6F, 0x8CD4, 0x63B0, 0x6BF2, 0x84B5, 0x8D17, 0x532E, 0x0000,
    0x0000, 0x0000, 0x0000, 0x0000, 0x0000, 0x0000, 0x0000, 0x0000, 0x0000, 0x0000, 0x0000, 0x0000,
    0x0000, 0x0000, 0x0000, 0x0000, 0x0000, 0x0000, 0x0000, 0x0000, 0x0000, 0x0000, 0x0000, 0x0000,
    0x0000, 0x4ACD, 0x8CF7, 0xA598, 0x9D76, 0x6BD0, 0x4AAB, 0x426B, 0x18E4, 0x0000, 0x52ED, 0x84B5,
    0x7C53, 0x39C8, 0x0000, 0x0000, 0x2945, 0x7BAE, 0xBD54, 0xD657, 0xF73A, 0xE6D9, 0x0000, 0x0000,
    0x0000, 0x0000, 0x0000, 0x0000, 0x0000, 0x0000, 0x39E7, 0xC638, 0x8C71, 0x0000, 0x0000, 0x3166,
    0x9453, 0x0000, 0x83F3, 0x6B70, 0x84F6, 0x84B5, 0x9D57, 0xB619, 0xB619, 0xA5B9, 0x3209, 0xBE18,
    0x0000, 0xD71D, 0xD73D, 0xD73D, 0xD73D, 0xD71D, 0xD71C, 0x0000, 0xADD7, 0x3A29, 0xA5D9, 0xADF9,
    0xB619, 0x9536, 0x7C95, 0x7CB5, 0x634F, 0x8C13, 0x0000, 0x83D1, 0x18C4, 0x0000, 0x0000, 0x0000,
    0x0000, 0x0000, 0x0000, 0x0000, 0x0000, 0x0000, 0x0000, 0x8430, 0x0000, 0x4228, 0xEF1A, 0xEEFA,
    0xCE17, 0xAD13, 0x734C, 0x18C3, 0x0000, 0x0000, 0x528C, 0x8495, 0x7C95, 0x4A8B, 0x0000, 0x2146,
    0x426B, 0x52CC, 0x73F1, 0x9D76, 0x9D77, 0x8D17, 0x428B, 0x0000, 0x0000, 0x0000, 0x0000, 0x0000,
    0x0000, 0x0000, 0x0000, 0x0000, 0x0000, 0x0000, 0x0000, 0x0000, 0x0000, 0x0000, 0x0000, 0x0000,
    0x0000, 0x0000, 0x0000, 0x0000, 0x0000, 0x0000, 0x0000, 0x0000, 0x0000, 0x424A, 0x8D17, 0xADF9,
    0xBE7B, 0xAE1A, 0x8CD4, 0x530D, 0x31E8, 0x2125, 0x10A3, 0x7412, 0x4A6B, 0x0000, 0x0000, 0x0000,
    0x0000, 0x0000, 0x0000, 0x1082, 0x3185, 0x5289, 0x0000, 0x0000, 0x0000, 0x0000, 0x0000, 0x0000,
    0x0000, 0x0000, 0x39E7, 0x0000, 0x0000, 0x5ACA, 0x5A89, 0x0000, 0x1082, 0x7BB1, 0x9434, 0x7391,
    0x84B5, 0x84F6, 0xADD8, 0xAE19, 0xADF9, 0xBE7B, 0x4AAC, 0x8CB2, 0x0000, 0xD71C, 0xD73D, 0xD73D,
    0xD73D, 0xD71D, 0xD6FC, 0x0000, 0x8431, 0x530E, 0xB65A, 0xADF8, 0xAE19, 0xA5B8, 0x84B5, 0x7C94,
    0x7391, 0x9454, 0x736F, 0x0000, 0x0000, 0x734D, 0x3986, 0x0000, 0x0000, 0x0000, 0x0000, 0x0000,
    0x0000, 0x0000, 0x0000, 0x0000, 0x0000, 0x0000, 0x5269, 0x2944, 0x0000, 0x0000, 0x0000, 0x0000,
    0x0000, 0x0000, 0x0000, 0x5B2F, 0x6BD1, 0x10C3, 0x2146, 0x3A09, 0x5B2E, 0x8CF6, 0xB61A, 0xBE5A,
    0xA5D8, 0x8D16, 0x3A29, 0x0000, 0x0000, 0x0000, 0x0000, 0x0000, 0x0000, 0x0000, 0x0000, 0x0000,
    0x0000, 0x0000, 0x0000, 0x0000, 0x0000, 0x0000, 0x0000, 0x0000, 0x0000, 0x0000, 0x0000, 0x0000,
    0x0000, 0x0000, 0x0000, 0x0000, 0x0000, 0x3A2A, 0x8D17, 0x8CD5, 0x638F, 0x3A2A, 0x428B, 0x532E,
    0x530E, 0x6390, 0x8CD5, 0x9D77, 0xA597, 0x8433, 0x6B30, 0x6B50, 0x738F, 0x7C10, 0x6B8E, 0x52CB,
    0x31C7, 0x18C3, 0x1082, 0x0000, 0x0000, 0x0000, 0x0000, 0x0000, 0x0000, 0x0000, 0x0000, 0x18C3,
    0x2104, 0xC5D5, 0x0000, 0x83EF, 0x0000, 0x0000, 0x7391, 0x8413, 0x7C95, 0x9537, 0xB619, 0xAE19,
    0xADF9, 0xBE7B, 0x73F1, 0x634D, 0x0000, 0xD71C, 0x0000, 0x0000, 0x0000, 0xD73D, 0xD71C, 0x0000,
    0x5AEC, 0x7C52, 0xBE5A, 0xADF9, 0xADF9, 0xADF9, 0x8CF6, 0x7C74, 0x8413, 0x7370, 0x0000, 0x0000,
    0x9450, 0x0000, 0x8C2F, 0x0000, 0x0000, 0x0000, 0x0000, 0x0000, 0x0000, 0x0000, 0x0000, 0x0000,
    0x0000, 0x10A2, 0x18E4, 0x39E7, 0x52EB, 0x6BAE, 0x7BF0, 0x6B6F, 0x6B50, 0x6B30, 0x8453, 0x9D77,
    0x9D77, 0x8CD5, 0x63B0, 0x5B2E, 0x532E, 0x428B, 0x426B, 0x63B0, 0x84B5, 0x8D17, 0x31E9, 0x0000,
    0x0000, 0x0000, 0x0000, 0x0000, 0x0000, 0x0000, 0x0000, 0x0000, 0x0000, 0x0000, 0x0000, 0x0000,
    0x0000, 0x0000, 0x0000, 0x0000, 0x0000, 0x0000, 0x0000, 0x0000, 0x0000, 0x0000, 0x0000, 0x0000,
    0x0000, 0x426B, 0x8CF7, 0x63B1, 0x6BF2, 0x84D6, 0x6BF2, 0x52ED, 0x7C31, 0xB619, 0xCEDC, 0xCEDC,
    0xCEDC, 0xCEBB, 0x94B4, 0x7392, 0x9476, 0xA4F6, 0xC5D9, 0xD67B, 0xD6DC, 0x0000, 0xD6FB, 0xC659,
    0xAD96, 0x8C92, 0x6B6D, 0x4228, 0x2124, 0x0000, 0x0000, 0x0000, 0x0000, 0x630B, 0x9470, 0xC5D5,
    0x9450, 0x0000, 0x10A3, 0x8413, 0x84B6, 0x9D77, 0xB619, 0xADF9, 0xADF9, 0xB65A, 0x9515, 0x52AB,
    0x0000, 0xD73D, 0x0000, 0x0000, 0x0000, 0xD73D, 0xD73D, 0x0000, 0x4A6A, 0x9D77, 0xB63A, 0xADF9,
    0xADF9, 0xB619, 0x9537, 0x8495, 0x83F2, 0x1082, 0x10A2, 0x9470, 0xBD74, 0x9470, 0x4A48, 0x0000,
    0x0000, 0x0000, 0x0000, 0x2945, 0x4A69, 0x73AE, 0x94B2, 0xB5B6, 0xC679, 0xD6FB, 0x0000, 0xD6DC,
    0xCE7B, 0xBDD9, 0xA4D6, 0x9455, 0x7B92, 0xA537, 0xCEDC, 0xCEDC, 0xC6DC, 0xC6BB, 0xADB7, 0x73F0,
    0x5B2E, 0x6C13, 0x84D5, 0x6BD1, 0x63D1, 0x8D17, 0x3A2A, 0x0000, 0x0000, 0x0000, 0x0000, 0x0000,
    0x0000, 0x0000, 0x0000, 0x0000, 0x0000, 0x0000, 0x0000, 0x0000, 0x0000, 0x0000, 0x0000, 0x0000,
    0x0000, 0x0000, 0x0000, 0x0000, 0x0000, 0x0000, 0x0000, 0x0000, 0x0000, 0x530E, 0x8CF6, 0x8CF6,
    0x7C94, 0x4AAC, 0x636E, 0xB5F8, 0xD75D, 0xD75D, 0xD71D, 0xD71C, 0xD71C, 0xD73D, 0xD73D, 0x8452,
    0x526C, 0x83D3, 0x9C75, 0xA4B5, 0x0000, 0x0000, 0x0000, 0xC61A, 0xD69B, 0x0000, 0x0000, 0x0000,
    0x0000, 0xCE9A, 0xAD96, 0x8451, 0x52AA, 0x18C3, 0x0000, 0x0000, 0x18E3, 0x10A2, 0x0000, 0x31C8,
    0x8CF6, 0xADD8, 0xB619, 0xB619, 0xB619, 0xB619, 0xADF8, 0x4A8A, 0xD6FC, 0x0000, 0x0000, 0x0000,
    0x0000, 0x0000, 0x0000, 0xC6BA, 0x4A6A, 0xB619, 0xAE19, 0xADF9, 0xADF9, 0xB619, 0x9D98, 0x84D6,
    0x31A7, 0x0000, 0x18E3, 0x18C3, 0x0000, 0x0000, 0x2124, 0x632C, 0x8C92, 0xB5D7, 0xD6BB, 0x0000,
    0x0000, 0x0000, 0x0000, 0xCE7B, 0xBDD9, 0x0000, 0x0000, 0x0000, 0x9C95, 0x9475, 0x7B91, 0x528C,
    0x9D15, 0xD75D, 0xD71C, 0xD71C, 0xCEFC, 0xD6FC, 0xD73D, 0xD73D, 0xB5F8, 0x634E, 0x4AAC, 0x7C95,
    0x8CF6, 0x8D16, 0x4ACD, 0x0000, 0x0000, 0x0000, 0x0000, 0x0000, 0x0000, 0x0000, 0x0000, 0x0000,
    0x0000, 0x0000, 0x0000, 0x0000, 0x0000, 0x0000, 0x0000, 0x0000, 0x0000, 0x0000, 0x0000, 0x0000,
    0x0000, 0x0000, 0x0000, 0x0000, 0x0000, 0x73F2, 0x8CF7, 0x6BF2, 0x5B2D, 0xADD7, 0x0000, 0xD73D,
    0xCEDC, 0xCEFC, 0xD71D, 0xD71C, 0xD71C, 0xD71C, 0xD73D, 0x0000, 0x94F3, 0x39A8, 0x528D, 0x9434,
    0x0000, 0x0000, 0x0000, 0x0000, 0x0000, 0x0000, 0x0000, 0x0000, 0x0000, 0xC5F9, 0xCE5A, 0xD6DC,
    0xD6FC, 0xD6BB, 0xB5D7, 0x8C72, 0x52AB, 0x2946, 0x0000, 0x0000, 0x84B4, 0xB63A, 0xAE19, 0xB619,
    0xB619, 0xB619, 0xBE5A, 0x52CC, 0xC67A, 0x0000, 0x0000, 0x0000, 0x0000, 0x0000, 0x0000, 0xB618,
    0x52AB, 0xBE7A, 0xAE19, 0xB619, 0xAE19, 0xADF9, 0xB61A, 0x7C53, 0x0000, 0x0000, 0x2125, 0x528B,
    0x8C72, 0xBDD8, 0xD6BB, 0x0000, 0xD6BC, 0xCE3A, 0xBDD8, 0x0000, 0x0000, 0x0000, 0x0000, 0x0000,
    0x0000, 0x0000, 0x0000, 0x0000, 0x83F3, 0x4A2B, 0x4A4A, 0xB5F7, 0x0000, 0xD71C, 0xD71C, 0xD71C,
    0xD6FC, 0xD71C, 0xD6FC, 0xCEFC, 0xD73D, 0x0000, 0xAD97, 0x5B4E, 0x7412, 0x8D17, 0x6BD1, 0x0000,
    0x0000, 0x0000, 0x0000, 0x0000, 0x0000, 0x0000, 0x0000, 0x0000, 0x0000, 0x0000, 0x0000, 0x0000,
    0x0000, 0x0000, 0x0000, 0x0000, 0x0000, 0x0000, 0x0000, 0x0000, 0x0000, 0x0000, 0x0000, 0x0000,
    0x18E4, 0x84B6, 0x7C54, 0x8473, 0xC6BB, 0xD73D, 0xCEDC, 0xCEFC, 0xCEFC, 0xCEFC, 0xD71C, 0xD71C,
    0x0000, 0x0000, 0x0000, 0x0000, 0x0000, 0xCE9A, 0x5AEC, 0x2926, 0x524C, 0x8C34, 0x0000, 0x0000,
    0x0000, 0x0000, 0x0000, 0x0000, 0x0000, 0x0000, 0x0000, 0xA4B5, 0x0000, 0x0000, 0x0000, 0xC5B9,
    0xBD78, 0xA494, 0x9453, 0x94D3, 0xC69B, 0xBE5A, 0xADF9, 0xB619, 0xB619, 0xAE19, 0xBE7B, 0x634E,
    0xBE18, 0x0000, 0x0000, 0x0000, 0x0000, 0x0000, 0x0000, 0xADB7, 0x632D, 0xBE9B, 0xADF9, 0xB619,
    0xB619, 0xADF9, 0xBE7A, 0xBE7A, 0x8431, 0x8C12, 0xA494, 0xBD98, 0xC599, 0x0000, 0x0000, 0xA4B5,
    0x0000, 0x0000, 0x0000, 0x0000, 0x0000, 0x0000, 0x0000, 0x0000, 0x0000, 0x0000, 0x7BB2, 0x41EA,
    0x2945, 0x73CF, 0x0000, 0x0000, 0x0000, 0x0000, 0x0000, 0x0000, 0xD71C, 0xD6FC, 0xD71C, 0xD71C,
    0xCEFC, 0xCEDC, 0xD73D, 0xCEDB, 0x8493, 0x7C74, 0x8495, 0x10A3, 0x0000, 0x0000, 0x0000, 0x0000,
    0x0000, 0x0000, 0x0000, 0x0000, 0x0000, 0x0000, 0x0000, 0x0000, 0x0000, 0x0000, 0x0000, 0x0000,
    0x0000, 0x0000, 0x0000, 0x0000, 0x0000, 0x0000, 0x0000, 0x0000, 0x424A, 0x8CF7, 0x9557, 0xC6BB,
    0xC6DC, 0xC6DC, 0xCEFC, 0xD6FC, 0xD71C, 0xD75D, 0x0000, 0x0000, 0x0000, 0x0000, 0x0000, 0x0000,
    0x0000, 0x0000, 0x0000, 0xB5F7, 0x52AB, 0x2104, 0x3167, 0x62CD, 0x8C13, 0x0000, 0x0000, 0x0000,
    0x0000, 0x0000, 0x0000, 0x0000, 0x0000, 0xA4B4, 0x83D1, 0x6B0D, 0x630D, 0x9CD4, 0xCEDC, 0x0000,
    0xD73D, 0xCEDC, 0xB619, 0xB619, 0xB619, 0xAE19, 0xBE7B, 0x6BD0, 0xB5D7, 0x0000, 0x0000, 0x0000,
    0x0000, 0x0000, 0x0000, 0xA596, 0x6BD0, 0xBE9B, 0xAE19, 0xB619, 0xAE19, 0xB619, 0xCEFC, 0xD73D,
    0x0000, 0xCEBB, 0x8C93, 0x630D, 0x6B0E, 0x8BF1, 0x0000, 0x0000, 0x0000, 0xC578, 0xC578, 0xC578,
    0x0000, 0x0000, 0x0000, 0x83D1, 0x526C, 0x2105, 0x2125, 0x634D, 0xCE7A, 0x0000, 0x0000, 0x0000,
    0x0000, 0x0000, 0x0000, 0x0000, 0x0000, 0x0000, 0x0000, 0xD71C, 0xD71C, 0xCF1C, 0xCEDB, 0xCEFC,
    0xC6BB, 0x9D57, 0x84D6, 0x3A09, 0x0000, 0x0000, 0x0000, 0x0000, 0x0000, 0x0000, 0x0000, 0x0000,
    0x0000, 0x0000, 0x0000, 0x0000, 0x0000, 0x0000, 0x0000, 0x0000, 0x0000, 0x0000, 0x0000, 0x0000,
    0x0000, 0x0000, 0x0000, 0x0000, 0x6BD1, 0x9578, 0xB65A, 0xC6DB, 0xC6DC, 0xCEDC, 0xCEFC, 0xD73D,
    0x0000, 0xDE7A, 0xDD97, 0x0000, 0xDCB4, 0xDCB4, 0x0000, 0x0000, 0xE639, 0x0000, 0x0000, 0x0000,
    0x0000, 0xCE9A, 0x7C10, 0x4208, 0x2104, 0x18E4, 0x2926, 0x39A8, 0x49E9, 0x4A0A, 0x4A09, 0x41C8,
    0x39A7, 0x4208, 0x5B0C, 0x94F3, 0xCEDB, 0x0000, 0xD71D, 0xCEFC, 0xCF1C, 0xD71D, 0xBE7A, 0xADF9,
    0xB619, 0xAE19, 0xBE7B, 0x7C31, 0xADD7, 0x0000, 0x0000, 0x0000, 0x0000, 0x0000, 0x0000, 0xAD96,
    0x8472, 0xBE7B, 0xB619, 0xB619, 0xADF9, 0xBE9B, 0xD71C, 0xCEFC, 0xCEFC, 0xD71D, 0x0000, 0xC69A,
    0x8CB3, 0x5B0C, 0x4208, 0x39C8, 0x41E9, 0x4A09, 0x4A2A, 0x41E9, 0x39A7, 0x2926, 0x18E4, 0x2125,
    0x4A69, 0x8CB2, 0xD6FC, 0x0000, 0x0000, 0x0000, 0x0000, 0xE619, 0x0000, 0x0000, 0xDCB4, 0xDCB4,
    0x0000, 0xE5D8, 0x0000, 0x0000, 0xD73D, 0xCEFC, 0xCEFC, 0xCEDC, 0xC6DC, 0xB65A, 0x9557, 0x6390,
    0x0000, 0x0000, 0x0000, 0x0000, 0x0000, 0x0000, 0x0000, 0x0000, 0x0000, 0x0000, 0x0000, 0x0000,
    0x0000, 0x0000, 0x0000, 0x0000, 0x0000, 0x0000, 0x0000, 0x0000, 0x0000, 0x0000, 0x0000, 0x18E4,
    0x84D6, 0xADD9, 0xC69B, 0xC6DC, 0xC6DB, 0xCEDC, 0xD71D, 0xD5F9, 0xD473, 0xD3F1, 0xD3D1, 0xDBF1,
    0xDBF1, 0xDBF1, 0xDC12, 0xD3F1, 0xDBF1, 0xDC53, 0xE597, 0x0000, 0x0000, 0x0000, 0x0000, 0x0000,
    0xD6FC, 0xB5F7, 0x9CF3, 0x8451, 0x7C10, 0x7BF0, 0x8451, 0x9D14, 0xB618, 0xD6FC, 0x0000, 0x0000,
    0x0000, 0xD71C, 0xD71C, 0xD71C, 0xD71C, 0xD71D, 0xCEDC, 0xB619, 0xB619, 0xADF9, 0xBE5A, 0x8CB3,
    0xB5F8, 0x0000, 0x0000, 0x0000, 0x0000, 0x0000, 0x0000, 0xADB7, 0x94F4, 0xBE7A, 0xB619, 0xB619,
    0xB619, 0xCEDC, 0xCF1C, 0xCF1C, 0xD71C, 0xD71C, 0xD71C, 0xD75D, 0x0000, 0x0000, 0xCEDB, 0xB5F8,
    0x9514, 0x8451, 0x73F0, 0x7BF0, 0x8451, 0x9D14, 0xBE18, 0x0000, 0x0000, 0x0000, 0x0000, 0x0000,
    0x0000, 0x0000, 0xDC52, 0xDBF1, 0xDBF1, 0xDC11, 0xDBF1, 0xDBF2, 0xDBF1, 0xDBF1, 0xD412, 0x0000,
    0xD67A, 0xD73D, 0xCEFC, 0xCEDC, 0xC6DC, 0xC69B, 0xADD9, 0x84D6, 0x10C3, 0x0000, 0x0000, 0x0000,
    0x0000, 0x0000, 0x0000, 0x0000, 0x0000, 0x0000, 0x0000, 0x0000, 0x0000, 0x0000, 0x0000, 0x0000,
    0x0000, 0x0000, 0x0000, 0x0000, 0x0000, 0x0000, 0x0000, 0x3A2A, 0x9D98, 0xB639, 0xC6DB, 0xC6BB,
    0xC6DC, 0xCEFC, 0x0000, 0xCB90, 0xD3D1, 0xDC12, 0xDC32, 0xDC32, 0xDC32, 0x0000, 0xEDB7, 0xEDB7,
    0x0000, 0xDC12, 0xDBF1, 0xDC73, 0xE65A, 0x0000, 0x0000, 0x0000, 0x0000, 0x0000, 0x0000, 0x0000,
    0x0000, 0x0000, 0x0000, 0x0000, 0x0000, 0x0000, 0xD73C, 0xD73C, 0xD73D, 0xD73D, 0xD73D, 0xD71C,
    0xD71D, 0xCF1C, 0xCF1C, 0xB63A, 0xB619, 0xB619, 0xB65A, 0x9535, 0xBE59, 0x0000, 0x0000, 0x0000,
    0x0000, 0x0000, 0x0000, 0xB5F8, 0x9D56, 0xBE5A, 0xB619, 0xB619, 0xB65A, 0xCF1C, 0xCF1C, 0xD71C,
    0xD71C, 0xD73D, 0xD73D, 0xD73D, 0xD71D, 0xD71D, 0x0000, 0x0000, 0x0000, 0x0000, 0x0000, 0x0000,
    0x0000, 0x0000, 0x0000, 0x0000, 0x0000, 0x0000, 0x0000, 0xE639, 0xDC52, 0xDBF1, 0xDC32, 0x0000,
    0xEDD8, 0xEDB7, 0xDCB4, 0xDC32, 0xDC32, 0xDC32, 0xDC12, 0xD3D1, 0xD3D1, 0xD597, 0xD71D, 0xCEDC,
    0xCEDB, 0xC6DC, 0xB639, 0xA5B9, 0x3A09, 0x0000, 0x0000, 0x0000, 0x0000, 0x0000, 0x0000, 0x0000,
    0x0000, 0x0000, 0x0000, 0x0000, 0x0000, 0x0000, 0x0000, 0x0000, 0x0000, 0x0000, 0x0000, 0x0000,
    0x0000, 0x0000, 0x0000, 0x6390, 0xADD9, 0xBE5A, 0xC6DC, 0xC6BB, 0xCEDC, 0xCCB4, 0xCB6F, 0xD3D1,
    0xD3F2, 0xDC12, 0xDC32, 0xDC12, 0xE493, 0xF639, 0xF69B, 0xF69B, 0xF67A, 0x0000, 0xDC32, 0xDC12,
    0xDBF1, 0xE5F8, 0x0000, 0x0000, 0x0000, 0x0000, 0x0000, 0x0000, 0x0000, 0x0000, 0x0000, 0x0000,
    0x0000, 0x0000, 0x0000, 0x0000, 0x0000, 0xD73D, 0xD73D, 0xD71D, 0xD71D, 0xD71C, 0xD71C, 0xBE7A,
    0xB619, 0xB619, 0xB63A, 0xA597, 0xC69A, 0x0000, 0x0000, 0x0000, 0x0000, 0x0000, 0x0000, 0xC67A,
    0xA597, 0xB65A, 0xB619, 0xAE19, 0xBE7A, 0xD71C, 0xD71C, 0xD71D, 0xD73D, 0xD73D, 0xD73D, 0x0000,
    0x0000, 0x0000, 0x0000, 0x0000, 0x0000, 0x0000, 0x0000, 0x0000, 0x0000, 0x0000, 0x0000, 0x0000,
    0x0000, 0x0000, 0xE5B7, 0xDBF1, 0xDC32, 0xDC32, 0xED96, 0xF6BB, 0xF6BB, 0xF6BB, 0xEDF8, 0xDC73,
    0xDC11, 0xDC32, 0xDC32, 0xDC12, 0xD3F1, 0xD390, 0x0000, 0xCF1C, 0xCEDC, 0xCEDC, 0xBE5A, 0xADF9,
    0x5B6F, 0x0000, 0x0000, 0x0000, 0x0000, 0x0000, 0x0000, 0x0000, 0x0000, 0x0000, 0x0000, 0x0000,
    0x0000, 0x0000, 0x0000, 0x0000, 0x0000, 0x0000, 0x0000, 0x0000, 0x0000, 0x0000, 0x0000, 0x7C74,
    0xADF9, 0xBE9B, 0xC6BB, 0xC6FC, 0x0000, 0xCB4F, 0xD3B1, 0xD3D1, 0xDBF1, 0xDC12, 0xDC32, 0xDC11,
    0xE4B4, 0xF65A, 0xF69B, 0xF67A, 0xF69B, 0xF618, 0xDC53, 0xDC32, 0xDC32, 0xDBF1, 0xE639, 0x0000,
    0x0000, 0x0000, 0x0000, 0x0000, 0x0000, 0x0000, 0x0000, 0x0000, 0x0000, 0x0000, 0x0000, 0xD73D,
    0xD73D, 0xD73D, 0xD73D, 0xD73D, 0xD71D, 0xD71C, 0xD71C, 0xBE9B, 0xB619, 0xB639, 0xB63A, 0xADF8,
    0xCEFC, 0x0000, 0x0000, 0x0000, 0x0000, 0x0000, 0x0000, 0xCEDB, 0xADD8, 0xB639, 0xB619, 0xB619,
    0xC69B, 0xD71D, 0xD71C, 0xD73D, 0xD73D, 0xD73D, 0x0000, 0x0000, 0x0000, 0x0000, 0x0000, 0x0000,
    0x0000, 0x0000, 0x0000, 0x0000, 0x0000, 0x0000, 0x0000, 0x0000, 0x0000, 0xE5F8, 0xDBF1, 0xDC52,
    0xDC32, 0xE4B3, 0xF67A, 0xF6BB, 0xF69A, 0xF6BB, 0xF619, 0xDC73, 0xDC11, 0xDC32, 0xDC32, 0xDC12,
    0xD3F1, 0xD3D1, 0xCB6F, 0xCD97, 0xCF1C, 0xCEDC, 0xBE9B, 0xAE19, 0x7C73, 0x0000, 0x0000, 0x0000,
    0x0000, 0x0000, 0x0000, 0x0000, 0x0000, 0x0000, 0x0000, 0x0000, 0x0000, 0x0000, 0x0000, 0x0000,
    0x0000, 0x0000, 0x0000, 0x0000, 0x0000, 0x0000, 0x10C4, 0x9516, 0xADF9, 0xC69B, 0xC6DC, 0xCE5A,
    0xC390, 0xCB90, 0xD3B1, 0xD3D1, 0xDBF1, 0xDC12, 0xDC32, 0xDC12, 0xDC32, 0xED97, 0xF69A, 0xF69A,
    0xF69A, 0xEDD8, 0xDC73, 0xDC12, 0xDC32, 0xDC32, 0xDC32, 0x0000, 0x0000, 0x0000, 0x0000, 0x0000,
    0x0000, 0x0000, 0x0000, 0x0000, 0x0000, 0x0000, 0x0000, 0x0000, 0xD71D, 0xD71C, 0xD71D, 0xD73D,
    0xD71D, 0xD71C, 0xD73D, 0xC69B, 0xAE19, 0xB639, 0xB639, 0xB639, 0xD71C, 0x0000, 0x0000, 0x0000,
    0x0000, 0x0000, 0x0000, 0xD71C, 0xB619, 0xB619, 0xB639, 0xB619, 0xC69B, 0xD71D, 0xD71C, 0xD73D,
    0xD73D, 0xD73D, 0x0000, 0x0000, 0x0000, 0x0000, 0x0000, 0x0000, 0x0000, 0x0000, 0x0000, 0x0000,
    0x0000, 0x0000, 0x0000, 0x0000, 0x0000, 0xDC32, 0xDC32, 0xDC52, 0xDC32, 0xE4B3, 0xF639, 0xF6BB,
    0xF6BB, 0xF67A, 0x0000, 0xDC32, 0xDC32, 0xDC32, 0xDC12, 0xDC12, 0xDBF1, 0xD3D1, 0xCB90, 0xC3B1,
    0xCE9A, 0xCEFC, 0xC69B, 0xB619, 0x9516, 0x0883, 0x0000, 0x0000, 0x0000, 0x0000, 0x0000, 0x0000,
    0x0000, 0x0000, 0x0000, 0x0000, 0x0000, 0x0000, 0x0000, 0x0000, 0x0000, 0x0000, 0x0000, 0x0000,
    0x0000, 0x0000, 0x2166, 0x9D78, 0xADF9, 0xC6BB, 0xCEFC, 0x0000, 0xC32F, 0xCB90, 0xD3B1, 0xD3D1,
    0xDBF1, 0xDC12, 0xDC12, 0xDC32, 0xDC12, 0xDC52, 0x0000, 0xEDD8, 0xEDB7, 0x0000, 0xDC32, 0xDC32,
    0xDC32, 0xDC52, 0xDBF1, 0x0000, 0x0000, 0x0000, 0x0000, 0x0000, 0x0000, 0x0000, 0x0000, 0x0000,
    0x0000, 0x0000, 0x0000, 0x0000, 0x0000, 0xCF1C, 0xD73D, 0xD73D, 0xD73D, 0xD71C, 0xD73C, 0xC69B,
    0xAE19, 0xB639, 0xB639, 0xB63A, 0xD71C, 0x0000, 0x0000, 0x0000, 0x0000, 0x0000, 0x0000, 0xD71C,
    0xB639, 0xB619, 0xB639, 0xB619, 0xC69B, 0xD71D, 0xD71C, 0xD73D, 0xD73D, 0x0000, 0x0000, 0x0000,
    0x0000, 0x0000, 0x0000, 0x0000, 0x0000, 0x0000, 0x0000, 0x0000, 0x0000, 0x0000, 0x0000, 0x0000,
    0x0000, 0xDC11, 0xDC52, 0xDC32, 0xDC32, 0xDC32, 0x0000, 0xEDF8, 0xEDF8, 0x0000, 0xDC32, 0xDC32,
    0xDC32, 0xDC32, 0xDC12, 0xDC12, 0xDBF1, 0xD3D1, 0xCBB0, 0xC32F, 0x0000, 0xCF1C, 0xC69B, 0xB5F9,
    0x9D78, 0x1905, 0x0000, 0x0000, 0x0000, 0x0000, 0x0000, 0x0000, 0x0000, 0x0000, 0x0000, 0x0000,
    0x0000, 0x0000, 0x0000, 0x0000, 0x0000, 0x0000, 0x0000, 0x0000, 0x0000, 0x0000, 0x29A8, 0xA5B8,
    0xB5F9, 0xC6BB, 0xCEBB, 0xC3F1, 0xC34F, 0xCB90, 0xD3B0, 0xD3D1, 0xDBF1, 0xDC12, 0xDC12, 0xDC12,
    0xDC32, 0xDC12, 0xDC12, 0xDC32, 0xDC52, 0xDC32, 0xDC32, 0xDC32, 0xDC32, 0xDC32, 0xDC32, 0xDC32,
    0x0000, 0x0000, 0x0000, 0x0000, 0x0000, 0x0000, 0x0000, 0x0000, 0x0000, 0x0000, 0x0000, 0x0000,
    0xD73D, 0xD71D, 0xD73D, 0x0000, 0xD73D, 0xD71D, 0xD73C, 0xBE9B, 0xB619, 0xB639, 0xB619, 0xB63A,
    0xD73C, 0x0000, 0x0000, 0x0000, 0x0000, 0x0000, 0x0000, 0xD71D, 0xB63A, 0xB619, 0xB639, 0xB619,
    0xBE9B, 0xD71D, 0xD71D, 0xD73D, 0x0000, 0x0000, 0x0000, 0x0000, 0x0000, 0x0000, 0x0000, 0x0000,
    0x0000, 0x0000, 0x0000, 0x0000, 0x0000, 0x0000, 0x0000, 0x0000, 0xDC32, 0xDC32, 0xDC32, 0xDC32,
    0xDC32, 0xDC32, 0xDC32, 0xDC53, 0xDC52, 0xDC12, 0xDC32, 0xDC32, 0xDC11, 0xDC12, 0xDC12, 0xDC12,
    0xD3F1, 0xD3B1, 0xCB90, 0xC34F, 0xC412, 0xCEDC, 0xC6BB, 0xAE19, 0xA5B8, 0x2166, 0x0000, 0x0000,
    0x0000, 0x0000, 0x0000, 0x0000, 0x0000, 0x0000, 0x0000, 0x0000, 0x0000, 0x0000, 0x0000, 0x0000,
    0x0000, 0x0000, 0x0000, 0x0000, 0x0000, 0x0000, 0x31C8, 0xA5B8, 0xADF8, 0xC6DC, 0xCE3A, 0xC370,
    0xCB70, 0xCB90, 0xCBB0, 0xD3D1, 0xDBF1, 0xDC12, 0xDC12, 0xDC12, 0xDC32, 0xDC32, 0xDC32, 0xDC12,
    0xDC12, 0xDC32, 0xDC32, 0xDC32, 0xDC32, 0xDC32, 0xDC32, 0xDBF1, 0xE618, 0x0000, 0x0000, 0x0000,
    0x0000, 0x0000, 0x0000, 0x0000, 0x0000, 0x0000, 0x0000, 0x0000, 0x0000, 0x0000, 0xD73D, 0xD73D,
    0xD73D, 0xD71D, 0xD73D, 0xBE7A, 0xB619, 0xB639, 0xB619, 0xB65A, 0xD73D, 0x0000, 0x0000, 0x0000,
    0x0000, 0x0000, 0x0000, 0xD73D, 0xB63A, 0xB619, 0xB639, 0xB619, 0xBE7A, 0xD71D, 0xD71D, 0xD73D,
    0x0000, 0x0000, 0x0000, 0x0000, 0x0000, 0x0000, 0x0000, 0x0000, 0x0000, 0x0000, 0x0000, 0x0000,
    0x0000, 0x0000, 0x0000, 0xE5D8, 0xDBF1, 0xDC52, 0xDC32, 0xDC32, 0xDC32, 0xDC32, 0xDC32, 0xDC12,
    0xDC12, 0xDC32, 0xDC32, 0xDC32, 0xDC11, 0xDC11, 0xDC12, 0xDBF2, 0xD3D1, 0xD3B0, 0xCB90, 0xCB6F,
    0xC390, 0xCE5A, 0xC6BB, 0xADF8, 0xA5B8, 0x2966, 0x0000, 0x0000, 0x0000, 0x0000, 0x0000, 0x0000,
    0x0000, 0x0000, 0x0000, 0x0000, 0x0000, 0x0000, 0x0000, 0x0000, 0x0000, 0x0000, 0x0000, 0x0000,
    0x0000, 0x0000, 0x2987, 0x9D98, 0xADF8, 0xC6BB, 0xCDF9, 0xC34F, 0xC370, 0xCB90, 0xCB90, 0xD3B1,
    0xD3D1, 0xDBF1, 0xDC12, 0xDC12, 0xDC32, 0xDC32, 0xDC32, 0xDC32, 0xDC32, 0xDC32, 0xDC32, 0xDC32,
    0xDC32, 0xDC32, 0xDC32, 0xDBF1, 0x0000, 0x0000, 0x0000, 0x0000, 0x0000, 0x0000, 0x0000, 0x0000,
    0x0000, 0x0000, 0x0000, 0x0000, 0x0000, 0x0000, 0xD73D, 0xD71D, 0xD71D, 0xD73D, 0xCF1C, 0xB65A,
    0xB619, 0xB619, 0xB619, 0xBE5A, 0x0000, 0x0000, 0x0000, 0x0000, 0x0000, 0x0000, 0x0000, 0x0000,
    0xBE5A, 0xB619, 0xB619, 0xB619, 0xB65A, 0xD71C, 0xD71C, 0xD73D, 0xD73D, 0x0000, 0x0000, 0x0000,
    0x0000, 0x0000, 0x0000, 0x0000, 0x0000, 0x0000, 0x0000, 0x0000, 0x0000, 0x0000, 0x0000, 0x0000,
    0xDBF1, 0xDC32, 0xDC32, 0xDC32, 0xDC32, 0xDC32, 0xDC32, 0xDC32, 0xDC32, 0xDC32, 0xDC32, 0xDC32,
    0xDC12, 0xDC12, 0xDBF2, 0xD3F1, 0xD3D1, 0xCB90, 0xCB70, 0xC36F, 0xC34F, 0xCE19, 0xBE9B, 0xADF9,
    0x9D98, 0x2146, 0x0000, 0x0000, 0x0000, 0x0000, 0x0000, 0x0000, 0x0000, 0x0000, 0x0000, 0x0000,
    0x0000, 0x0000, 0x0000, 0x0000, 0x0000, 0x0000, 0x0000, 0x0000, 0x0000, 0x0000, 0x2125, 0x9557,
    0xADD8, 0xBE9B, 0xCDF9, 0xC34F, 0xC370, 0xCB70, 0xCB90, 0xCBB0, 0xD3D1, 0xDBF1, 0xDC12, 0xDC12,
    0xDC32, 0xDC32, 0xDC32, 0xDC32, 0xDC32, 0xDC32, 0xDC32, 0xDC32, 0xDC32, 0xDC32, 0xDC32, 0xDBF1,
    0x0000, 0x0000, 0x0000, 0x0000, 0x0000, 0x0000, 0x0000, 0x0000, 0x0000, 0x0000, 0x0000, 0x0000,
    0x0000, 0x0000, 0xD73D, 0xD73D, 0xD71D, 0xD73D, 0xCEFC, 0xB619, 0xB619, 0xB639, 0xB619, 0xC69B,
    0x0000, 0x0000, 0x0000, 0x0000, 0x0000, 0x0000, 0x0000, 0x0000, 0xBE7A, 0xB619, 0xB619, 0xB619,
    0xB619, 0xCEFC, 0xD73D, 0xD73D, 0xD73D, 0x0000, 0x0000, 0x0000, 0x0000, 0x0000, 0x0000, 0x0000,
    0x0000, 0x0000, 0x0000, 0x0000, 0x0000, 0x0000, 0x0000, 0x0000, 0xDC12, 0xDC32, 0xDC32, 0xDC32,
    0xDC32, 0xDC32, 0xDC32, 0xDC32, 0xDC32, 0xDC32, 0xDC32, 0xDC32, 0xDC12, 0xDC11, 0xDBF1, 0xD3D1,
    0xD3B0, 0xCB90, 0xC370, 0xC34F, 0xC34F, 0xCE19, 0xB67A, 0xADD9, 0x9557, 0x1904, 0x0000, 0x0000,
    0x0000, 0x0000, 0x0000, 0x0000, 0x0000, 0x0000, 0x0000, 0x0000, 0x0000, 0x0000, 0x0000, 0x0000,
    0x0000, 0x0000, 0x0000, 0x0000, 0x0000, 0x0000, 0x10A3, 0x84D6, 0xADD8, 0xB65A, 0xCE39, 0xC370,
    0xCB70, 0xC370, 0xCB90, 0xCB90, 0xD3B1, 0xD3D1, 0xDBF1, 0xDC12, 0xDC12, 0xDC12, 0xDC12, 0xDC32,
    0xDC32, 0xDC32, 0xDC11, 0xDC11, 0xDC32, 0xDC32, 0xDC32, 0xDBF1, 0x0000, 0x0000, 0x0000, 0x0000,
    0x0000, 0x0000, 0x0000, 0x0000, 0x0000, 0x0000, 0x0000, 0x0000, 0x0000, 0xD73D, 0xD73D, 0xD73D,
    0xD71C, 0xD73D, 0xC69B, 0xADF9, 0xB619, 0xB619, 0xB619, 0xBE59, 0x0000, 0x0000, 0x0000, 0x0000,
    0x0000, 0x0000, 0x0000, 0x0000, 0xB639, 0xB619, 0xB619, 0xB639, 0xB619, 0xC6BB, 0xD73D, 0xD71D,
    0xD73D, 0x0000, 0x0000, 0x0000, 0x0000, 0x0000, 0x0000, 0x0000, 0x0000, 0x0000, 0x0000, 0x0000,
    0x0000, 0x0000, 0x0000, 0xDCD4, 0xDBF1, 0xDC32, 0xDC32, 0xDC32, 0xDC12, 0xDC32, 0xDC32, 0xDC32,
    0xDC32, 0xDC32, 0xDC11, 0xDC12, 0xDC12, 0xDBF1, 0xD3D1, 0xD3B1, 0xCB90, 0xCB70, 0xC370, 0xC34F,
    0xC370, 0xC63A, 0xAE39, 0xADD9, 0x84B5, 0x0000, 0x0000, 0x0000, 0x0000, 0x0000, 0x0000, 0x0000,
    0x0000, 0x0000, 0x0000, 0x0000, 0x0000, 0x0000, 0x0000, 0x0000, 0x0000, 0x0000, 0x0000, 0x0000,
    0x0000, 0x0000, 0x0000, 0x7412, 0xA5D8, 0xAE19, 0xC65A, 0xC3B1, 0xC34F, 0xC36F, 0xC370, 0xCB90,
    0xCB90, 0xD3B1, 0xD3D1, 0xDBF1, 0xDC11, 0xDC12, 0xDC11, 0xDC11, 0xDC12, 0xDC11, 0xE412, 0xEC73,
    0xE453, 0xDC32, 0xEC73, 0xEC53, 0x0000, 0x0000, 0x0000, 0x0000, 0x0000, 0x0000, 0x0000, 0x0000,
    0x0000, 0x0000, 0x0000, 0x0000, 0xD73D, 0xD73D, 0xD73D, 0xD73D, 0xD71C, 0xCEFC, 0xB639, 0xAE19,
    0xB619, 0xB63A, 0xA597, 0xADD7, 0x0000, 0x0000, 0x0000, 0x0000, 0x0000, 0x0000, 0x0000, 0x0000,
    0xA596, 0xA5B7, 0xB639, 0xB639, 0xB619, 0xB639, 0xD71C, 0xD71C, 0xD73D, 0xD73D, 0x0000, 0x0000,
    0x0000, 0x0000, 0x0000, 0x0000, 0x0000, 0x0000, 0x0000, 0x0000, 0x0000, 0x0000, 0x0000, 0x0000,
    0xEC32, 0xE473, 0xE452, 0xEC73, 0xEC73, 0xDC12, 0xDC11, 0xDC32, 0xDC11, 0xDC11, 0xDC12, 0xDC12,
    0xDBF1, 0xD3D1, 0xD3B1, 0xCB90, 0xCB90, 0xCB70, 0xC370, 0xC34F, 0xC3F1, 0xC67A, 0xADF9, 0xA5D9,
    0x6BB0, 0x0000, 0x0000, 0x0000, 0x0000, 0x0000, 0x0000, 0x0000, 0x0000, 0x0000, 0x0000, 0x0000,
    0x0000, 0x0000, 0x0000, 0x0000, 0x0000, 0x0000, 0x0000, 0x0000, 0x0000, 0x0000, 0x0000, 0x4ACD,
    0x9D98, 0xADD8, 0xB65A, 0xC473, 0xC32F, 0xC370, 0xC36F, 0xCB70, 0xCB90, 0xCBB0, 0xD3B1, 0xD3D1,
    0xDBF1, 0xDBF1, 0xDC11, 0xDC11, 0xDC11, 0xE432, 0xDC12, 0x828B, 0x3925, 0x20A3, 0x3925, 0x8A8B,
    0xE639, 0x0000, 0x0000, 0x0000, 0x0000, 0x0000, 0x0000, 0x0000, 0x0000, 0x0000, 0x0000, 0xD73D,
    0xD73D, 0xD73D, 0xD71C, 0xD71D, 0x0000, 0xD73D, 0xBE9B, 0xBE7B, 0xB619, 0xBE7B, 0x8472, 0xBE18,
    0x0000, 0x0000, 0x0000, 0x0000, 0x0000, 0x0000, 0x0000, 0x0000, 0xADB7, 0x8CB3, 0xBE5A, 0xB619,
    0xBE7B, 0xBE9B, 0xD75D, 0x0000, 0xD73D, 0xD73D, 0x0000, 0x0000, 0x0000, 0x0000, 0x0000, 0x0000,
    0x0000, 0x0000, 0x0000, 0x0000, 0x0000, 0x0000, 0x0000, 0xDDB7, 0x7A29, 0x3104, 0x20C3, 0x4966,
    0x92CC, 0xE452, 0xE432, 0xDC11, 0xDC12, 0xDC12, 0xDBF1, 0xDBF1, 0xD3D1, 0xD3B1, 0xCB90, 0xCB90,
    0xCB70, 0xC350, 0xC370, 0xC32F, 0xC4B4, 0xB63A, 0xADD8, 0x9D98, 0x426B, 0x0000, 0x0000, 0x0000,
    0x0000, 0x0000, 0x0000, 0x0000, 0x0000, 0x0000, 0x0000, 0x0000, 0x0000, 0x0000, 0x0000, 0x0000,
    0x0000, 0x0000, 0x0000, 0x0000, 0x0000, 0x0000, 0x0000, 0x2125, 0x8D17, 0xADD8, 0xAE19, 0x0000,
    0xC34F, 0xC36F, 0xC36F, 0xC36F, 0xC370, 0xCB90, 0xCB90, 0xD3B1, 0xD3D1, 0xD3F1, 0xDBF1, 0xD3F1,
    0xDC12, 0xCBD0, 0x30E4, 0x0000, 0x0000, 0x0000, 0x0000, 0x0000, 0x4A69, 0x0000, 0x0000, 0x0000,
    0x0000, 0x0000, 0x0000, 0x0000, 0x0000, 0x0000, 0xD73D, 0xD73D, 0xD73D, 0xD71C, 0x0000, 0xD71D,
    0x8472, 0x39E8, 0x4A6A, 0x8CB3, 0xB63A, 0xB63A, 0x73CF, 0xD6FC, 0x0000, 0x0000, 0x0000, 0x0000,
    0x0000, 0x0000, 0x0000, 0x0000, 0xC69A, 0x73F0, 0xBE5A, 0xB619, 0x8472, 0x3A09, 0x39E8, 0x8CB3,
    0x0000, 0x0000, 0xD71C, 0xD73D, 0x0000, 0x0000, 0x0000, 0x0000, 0x0000, 0x0000, 0x0000, 0x0000,
    0x0000, 0x0000, 0x0000, 0x39C7, 0x0000, 0x0000, 0x0000, 0x0000, 0x0000, 0x4946, 0xD411, 0xDC12,
    0xDBF1, 0xDBF1, 0xD3D1, 0xD3D1, 0xD3B0, 0xCB90, 0xCB90, 0xCB70, 0xC350, 0xC34F, 0xC34F, 0xC34F,
    0x0000, 0xAE19, 0xA5B8, 0x8CF6, 0x18E4, 0x0000, 0x0000, 0x0000, 0x0000, 0x0000, 0x0000, 0x0000,
    0x0000, 0x0000, 0x0000, 0x0000, 0x0000, 0x0000, 0x0000, 0x0000, 0x0000, 0x0000, 0x0000, 0x0000,
    0x0000, 0x0000, 0x0000, 0x0000, 0x63D1, 0x9D78, 0xADF9, 0xADF9, 0xBC12, 0xC32F, 0xC370, 0xC350,
    0xC370, 0xC370, 0xCB90, 0xCB90, 0xD3B0, 0xD3D1, 0xD3D1, 0xD3D1, 0xDC12, 0x3925, 0x0000, 0x20A2,
    0x9ACC, 0xC36F, 0xB34E, 0x49A7, 0x0000, 0x73CF, 0x0000, 0x0000, 0x0000, 0x0000, 0x0000, 0x0000,
    0xD73D, 0xD73D, 0xD73D, 0xD73D, 0x0000, 0x0000, 0xA577, 0x2966, 0x0000, 0x6B8F, 0x9D35, 0x8493,
    0xADD8, 0xA597, 0x8451, 0x0000, 0x0000, 0x0000, 0x0000, 0x0000, 0x0000, 0x0000, 0x0000, 0xD73D,
    0x0000, 0x7BF0, 0xADD8, 0xADB7, 0x8CB3, 0x9514, 0x5B2D, 0x0000, 0x31A6, 0xADB7, 0x0000, 0x0000,
    0xD73D, 0x0000, 0x0000, 0x0000, 0x0000, 0x0000, 0x0000, 0x0000, 0x0000, 0x0000, 0x632C, 0x0000,
    0x59C8, 0xBB90, 0xC3B0, 0x92CC, 0x2082, 0x0000, 0x5187, 0xDC32, 0xD3D1, 0xD3D1, 0xD3B0, 0xCBB0,
    0xCB90, 0xCB70, 0xC36F, 0xC34F, 0xC34F, 0xC350, 0xC32F, 0xBC32, 0xADF9, 0xADF8, 0x9D78, 0x636F,
    0x0000, 0x0000, 0x0000, 0x0000, 0x0000, 0x0000, 0x0000, 0x0000, 0x0000, 0x0000, 0x0000, 0x0000,
    0x0000, 0x0000, 0x0000, 0x0000, 0x0000, 0x0000, 0x0000, 0x0000, 0x0000, 0x0000, 0x0000, 0x0000,
    0x2987, 0x8CF7, 0x9D77, 0xB619, 0xB597, 0xBB70, 0xC34F, 0xC370, 0xCB50, 0xC370, 0xC370, 0xCB70,
    0xCB90, 0xCB90, 0xCBB0, 0xDBF2, 0x92CC, 0x0000, 0x1041, 0xB30E, 0xDBD1, 0xCB6F, 0xD3F2, 0xDEBB,
    0x1904, 0x18E3, 0x0000, 0x0000, 0x0000, 0xD73D, 0xD73D, 0xD73D, 0xD71D, 0xD73D, 0xD71D, 0x0000,
    0xC6BB, 0x5B2D, 0x0000, 0x0000, 0x9D76, 0x0000, 0x0000, 0x0000, 0xD73D, 0x9515, 0xADB7, 0x0000,
    0x0000, 0x0000, 0x0000, 0x0000, 0x0000, 0x0000, 0x0000, 0x0000, 0x0000, 0x9D14, 0xA576, 0xD75D,
    0x0000, 0x0000, 0x0000, 0x8CD3, 0x0000, 0x0000, 0x5B2D, 0xC6BB, 0xD71D, 0xD73D, 0xD73D, 0xD73D,
    0xD73D, 0xD73D, 0x0000, 0x0000, 0x0000, 0xD6FC, 0x0000, 0x29A6, 0xDE7A, 0xD3F1, 0xD3D1, 0xE433,
    0xAB4E, 0x0000, 0x0000, 0xAB0E, 0xD3D1, 0xCB90, 0xCB90, 0xCB70, 0xCB6F, 0xC36F, 0xC34F, 0xC34F,
    0xC350, 0xC32F, 0xBB90, 0xB5B8, 0xAE19, 0x9D77, 0x8CF6, 0x2125, 0x0000, 0x0000, 0x0000, 0x0000,
    0x0000, 0x0000, 0x0000, 0x0000, 0x0000, 0x0000, 0x0000, 0x0000, 0x0000, 0x0000, 0x0000, 0x0000,
    0x0000, 0x0000, 0x0000, 0x0000, 0x0000, 0x0000, 0x0000, 0x0000, 0x0000, 0x5B6F, 0x8CF6, 0xA597,
    0xB639, 0x0000, 0xC370, 0xC32F, 0xC370, 0xC370, 0xC350, 0xC36F, 0xCB6F, 0xCB70, 0xC370, 0xDBD1,
    0x5166, 0x0000, 0x5187, 0xDBD1, 0xC34E, 0xBB4F, 0xD5F8, 0x0000, 0x4AAA, 0x0000, 0xCEDB, 0x0000,
    0xD73D, 0xD73D, 0xD73D, 0xD71C, 0xCEFC, 0xCEBB, 0xBE9B, 0x8CF5, 0x1905, 0x2146, 0x10C3, 0x634E,
    0x0000, 0xCEFC, 0xCF1C, 0xCEFC, 0xD75D, 0xB619, 0xCEDB, 0x0000, 0x0000, 0x0000, 0x0000, 0x0000,
    0x0000, 0x0000, 0x0000, 0x0000, 0x0000, 0xC69A, 0xBE39, 0xD73D, 0xCEFC, 0xD6FC, 0xD6FC, 0x0000,
    0x4AAB, 0x1905, 0x1905, 0x2166, 0x9536, 0xBE7B, 0xC6BB, 0xCEFC, 0xD71D, 0xD73D, 0xD73D, 0xD71C,
    0x0000, 0xC67A, 0x0000, 0x636D, 0x0000, 0xD5B7, 0xC36F, 0xCB90, 0xDC12, 0x4946, 0x0000, 0x61C8,
    0xD3D1, 0xC36F, 0xCB6F, 0xC36F, 0xC34F, 0xC34F, 0xC34F, 0xC350, 0xC32F, 0xBB70, 0xB577, 0xAE39,
    0x9D77, 0x8D17, 0x530E, 0x0000, 0x0000, 0x0000, 0x0000, 0x0000, 0x0000, 0x0000, 0x0000, 0x0000,
    0x0000, 0x0000, 0x0000, 0x0000, 0x0000, 0x0000, 0x0000, 0x0000, 0x0000, 0x0000, 0x0000, 0x0000,
    0x0000, 0x0000, 0x0000, 0x0000, 0x0000, 0x10A2, 0x7C74, 0x84D5, 0xA597, 0xB63A, 0xB577, 0xBBB0,
    0xC32E, 0xC34F, 0xC350, 0xC350, 0xC36F, 0xC36F, 0xC36F, 0xCB90, 0x30E4, 0x0000, 0x7209, 0xD34F,
    0xC390, 0x626A, 0xADB7, 0xD71C, 0x18C3, 0x2986, 0x0000, 0xD71C, 0xCEFC, 0xCEDC, 0xC6BB, 0xBE7A,
    0xAE1A, 0x9D98, 0x530E, 0x0000, 0x426B, 0x9536, 0x10A3, 0xADD8, 0x0000, 0xD71C, 0xD71C, 0xD71D,
    0xCF1C, 0xCEFC, 0xD73D, 0xD73D, 0x0000, 0x0000, 0x0000, 0x0000, 0x0000, 0x0000, 0x0000, 0x0000,
    0xD73D, 0xD73D, 0xD6FC, 0xD71C, 0xD71C, 0xD71C, 0xD71C, 0xD75D, 0x9535, 0x10C3, 0xA5B8, 0x3A09,
    0x0000, 0x5B4F, 0xA5B8, 0xB619, 0xBE5A, 0xC69B, 0xC6DC, 0xCEFC, 0xD71D, 0xD73D, 0x18E3, 0x2124,
    0xD71C, 0x9D55, 0x7AEC, 0xD3F1, 0xDBB1, 0x69E8, 0x0000, 0x4125, 0xCB90, 0xC34F, 0xC34F, 0xC34F,
    0xC34F, 0xC34F, 0xC34F, 0xC30E, 0xBBB1, 0xB597, 0xB639, 0x9D77, 0x84F6, 0x7433, 0x0000, 0x0000,
    0x0000, 0x0000, 0x0000, 0x0000, 0x0000, 0x0000, 0x0000, 0x0000, 0x0000, 0x0000, 0x0000, 0x0000,
    0x0000, 0x0000, 0x0000, 0x0000, 0x0000, 0x0000, 0x0000, 0x0000, 0x0000, 0x0000, 0x0000, 0x0000,
    0x0000, 0x0000, 0x2146, 0x84D5, 0x84D6, 0x9D77, 0xAE1A, 0xB5D8, 0xB473, 0xC36F, 0xC32F, 0xC32F,
    0xC32F, 0xC34F, 0xC34F, 0xC34F, 0x28A3, 0x0000, 0x7209, 0xCC53, 0xD67B, 0x9D35, 0x10A2, 0x10A2,
    0x0000, 0x9D35, 0xC6BB, 0xB63A, 0xB63A, 0xAE19, 0xA5D8, 0x9D99, 0x7454, 0x2966, 0x08A2, 0x6390,
    0xCF3E, 0x94D3, 0x18E4, 0xC69B, 0xD73D, 0xD71C, 0xD71C, 0xD71D, 0xCF1C, 0xD71D, 0x0000, 0xD73D,
    0x0000, 0x0000, 0x0000, 0x0000, 0x0000, 0x0000, 0x0000, 0x0000, 0xD73D, 0x0000, 0xD73D, 0xD71C,
    0xD71C, 0xD71C, 0xD71C, 0xD73D, 0xB63A, 0x10A3, 0xA596, 0xC6DD, 0x532E, 0x0000, 0x29A7, 0x7C94,
    0xA5B9, 0xA5B8, 0xADF9, 0xB639, 0xB63A, 0xC6BB, 0x8C93, 0x0000, 0x0000, 0x18E4, 0xADF8, 0xD65A,
    0xD453, 0x61A7, 0x0000, 0x38E4, 0xCB70, 0xC34F, 0xC32F, 0xC32F, 0xC32F, 0xC32E, 0xBB70, 0xBC94,
    0xB5F8, 0xAE19, 0x9536, 0x84D6, 0x8494, 0x18E4, 0x0000, 0x0000, 0x0000, 0x0000, 0x0000, 0x0000,
    0x0000, 0x0000, 0x0000, 0x0000, 0x0000, 0x0000, 0x0000, 0x0000, 0x0000, 0x0000, 0x0000, 0x0000,
    0x0000, 0x0000, 0x0000, 0x0000, 0x0000, 0x0000, 0x0000, 0x0000, 0x0000, 0x0000, 0x0000, 0x2166,
    0x84D5, 0x84F6, 0x8CF6, 0xA5B8, 0xAE19, 0xB5B8, 0x0000, 0xBC12, 0xBBB0, 0xBB90, 0xBB70, 0xC3D1,
    0x3104, 0x0000, 0x524A, 0xC69B, 0xB619, 0xBE5A, 0x9515, 0x73F0, 0xA576, 0xB63A, 0xADD8, 0xA5B8,
    0x9D98, 0x9578, 0x8495, 0x3A4A, 0x0000, 0x31C8, 0x84D6, 0xC6BC, 0x0000, 0x8CB2, 0x18E4, 0xB65A,
    0xD71C, 0xD71D, 0xD73D, 0xD73D, 0x0000, 0xC67A, 0xCEBB, 0x0000, 0x0000, 0x0000, 0x0000, 0x0000,
    0x0000, 0x0000, 0x0000, 0xD73C, 0x0000, 0xC69A, 0xCEBB, 0x0000, 0x0000, 0xD73D, 0xD73D, 0xD73D,
    0xADF9, 0x10A3, 0xA555, 0x0000, 0xBE7B, 0x7453, 0x2987, 0x0862, 0x4AAC, 0x84D6, 0x9557, 0x9D77,
    0xADD8, 0xADF9, 0xB65A, 0x9D36, 0x73F0, 0x9D56, 0xBE5A, 0xB63A, 0xBE5A, 0x39A7, 0x0000, 0x4166,
    0xCBB1, 0xBB4F, 0xBB70, 0xBBB0, 0xBC32, 0x0000, 0xB5B8, 0xAE19, 0x9D97, 0x84D5, 0x84F6, 0x7C74,
    0x18E4, 0x0000, 0x0000, 0x0000, 0x0000, 0x0000, 0x0000, 0x0000, 0x0000, 0x0000, 0x0000, 0x0000,
    0x0000, 0x0000, 0x0000, 0x0000, 0x0000, 0x0000, 0x0000, 0x0000, 0x0000, 0x0000, 0x0000, 0x0000,
    0x0000, 0x0000, 0x0000, 0x0000, 0x0000, 0x0000, 0x0000, 0x0862, 0x10C3, 0x6BF2, 0x8D17, 0x84D6,
    0x8CF6, 0x9D77, 0xA5F9, 0xAE19, 0xB5F9, 0xB5D8, 0xB5D8, 0xC65A, 0x4AAB, 0x0000, 0x18E4, 0xADF9,
    0xB619, 0xADF8, 0xB619, 0xB619, 0xA598, 0x9557, 0x9537, 0x8D37, 0x7C74, 0x428B, 0x1082, 0x2125,
    0x6390, 0x9578, 0xC6DC, 0xD73C, 0xD75D, 0xB618, 0x0000, 0x9536, 0xB65A, 0xC69B, 0xBE5A, 0xBE5A,
    0xD71D, 0xCEDC, 0x9514, 0x0000, 0xD73D, 0x0000, 0x0000, 0x0000, 0x0000, 0x0000, 0x0000, 0xD73D,
    0x0000, 0x9D55, 0xD71D, 0xCEFC, 0xB65A, 0xBE7A, 0xC69B, 0xBE9B, 0x84B3, 0x1082, 0xC6BB, 0xD73D,
    0xD73D, 0xBE9B, 0x8D17, 0x5B4F, 0x18E4, 0x10C3, 0x52CD, 0x7C95, 0x9537, 0x9557, 0x9557, 0xA5D9,
    0xB65A, 0xB63A, 0xADF9, 0xB63A, 0x9D56, 0x0000, 0x0000, 0x634E, 0xC63A, 0xB597, 0xB5B8, 0xB5F9,
    0xADF9, 0xA5D8, 0x9D77, 0x84D5, 0x84B5, 0x8D17, 0x6390, 0x1083, 0x1082, 0x0000, 0x0000, 0x0000,
    0x0000, 0x0000, 0x0000, 0x0000, 0x0000, 0x0000, 0x0000, 0x0000, 0x0000, 0x0000, 0x0000, 0x0000,
    0x0000, 0x0000, 0x0000, 0x0000, 0x0000, 0x0000, 0x0000, 0x0000, 0x0000, 0x0000, 0x0000, 0x0000,
    0x0000, 0x0000, 0x0000, 0x3A2A, 0x530D, 0x10C3, 0x426B, 0x7C95, 0x84F6, 0x84B5, 0x84B5, 0x84F6,
    0x8D36, 0x9577, 0x9D77, 0xADF9, 0x73F1, 0x0000, 0x0000, 0x5B0D, 0xA5D9, 0x9536, 0x8D16, 0x8CF6,
    0x84F6, 0x84D6, 0x6BD1, 0x3209, 0x0000, 0x18E4, 0x5B2E, 0x84D6, 0xA5D9, 0xCEFC, 0xD73D, 0xD71C,
    0xD71C, 0x0000, 0x3A29, 0x2986, 0xB65B, 0x73F1, 0x10C3, 0x2125, 0x4A8B, 0xA597, 0x9D35, 0xADD7,
    0x0000, 0xD73C, 0x0000, 0x0000, 0x0000, 0x0000, 0xD73D, 0x0000, 0xADB7, 0xADD8, 0x9535, 0x3A08,
    0x18C3, 0x18C3, 0x8CD4, 0xB63A, 0x2125, 0x5B0D, 0x0000, 0xCF1C, 0xCF1C, 0xD73D, 0xCEDC, 0x9D98,
    0x84B5, 0x52CD, 0x10C3, 0x1082, 0x424A, 0x6C12, 0x8D17, 0x8D37, 0x8D37, 0x9537, 0x9557, 0xADF9,
    0x426A, 0x0000, 0x0000, 0x8493, 0xA5D9, 0x9D77, 0x9557, 0x8D16, 0x8CD6, 0x84B5, 0x84B5, 0x84F6,
    0x7C54, 0x3A2A, 0x18E4, 0x5B6F, 0x31E8, 0x0000, 0x0000, 0x0000, 0x0000, 0x0000, 0x0000, 0x0000,
    0x0000, 0x0000, 0x0000, 0x0000, 0x0000, 0x0000, 0x0000, 0x0000, 0x0000, 0x0000, 0x0000, 0x0000,
    0x0000, 0x0000, 0x0000, 0x0000, 0x0000, 0x0000, 0x0000, 0x0000, 0x0000, 0x0000, 0x0000, 0x10A3,
    0x8CF6, 0x7C94, 0x4AAC, 0x3A09, 0x5B2E, 0x7C54, 0x84B5, 0x84B5, 0x84D6, 0x8D17, 0x8CF6, 0x8D16,
    0x9517, 0x2146, 0x0000, 0x0000, 0x5B4F, 0x84D6, 0x7412, 0x5B4F, 0x3A09, 0x10C3, 0x0000, 0x2166,
    0x5B6F, 0x7CB5, 0x8D17, 0xB61A, 0xD71C, 0xD71D, 0xCF1C, 0xD71C, 0xD71C, 0xD75D, 0xADD9, 0x2167,
    0x424A, 0x6BB0, 0x18E4, 0x0000, 0x0000, 0x0000, 0x6BD0, 0xA5B8, 0xCEDB, 0x0000, 0xD73D, 0xD73D,
    0xD73D, 0x0000, 0x0000, 0xCEDC, 0xA5B8, 0x5B4E, 0x0000, 0x0000, 0x0000, 0x2125, 0x7C32, 0x3A09,
    0x31E9, 0xBE7B, 0xD73D, 0xCF1C, 0xD71C, 0xD71C, 0xD73D, 0xD71D, 0xADF9, 0x8D17, 0x7C95, 0x530D,
    0x2125, 0x0000, 0x18E4, 0x426B, 0x63B0, 0x7C54, 0x8CF7, 0x52ED, 0x0000, 0x0000, 0x31C8, 0x9558,
    0x8CF7, 0x8CF6, 0x8CF7, 0x84D6, 0x84B5, 0x84B5, 0x7453, 0x52ED, 0x39E9, 0x52ED, 0x84D6, 0x84B5,
    0x0000, 0x0000, 0x0000, 0x0000, 0x0000, 0x0000, 0x0000, 0x0000, 0x0000, 0x0000, 0x0000, 0x0000,
    0x0000, 0x0000, 0x0000, 0x0000, 0x0000, 0x0000, 0x0000, 0x0000, 0x0000, 0x0000, 0x0000, 0x0000,
    0x0000, 0x0000, 0x0000, 0x0000, 0x0000, 0x0000, 0x0000, 0x0000, 0x6390, 0x8D17, 0x8D17, 0x84B5,
    0x6BD1, 0x6BD1, 0x7C94, 0x84B5, 0x6390, 0x530D, 0x5B4E, 0x530E, 0x5B4E, 0x31C8, 0x0000, 0x0000,
    0x0000, 0x18E4, 0x0882, 0x0000, 0x2125, 0x4ACC, 0x7453, 0x84F7, 0x8D17, 0x9D98, 0xC6BB, 0xD73D,
    0xCEFC, 0xCF1D, 0xD71C, 0xD71C, 0xD71C, 0xD71C, 0xCEFC, 0x8D37, 0x5B6F, 0x5B6F, 0x7C94, 0x6BF2,
    0x52ED, 0x31C8, 0x0000, 0x5B0D, 0xB65A, 0xC6BC, 0xD6FC, 0xD73C, 0xD73C, 0xD6FC, 0xC6BC, 0xADFA,
    0x426A, 0x0000, 0x424A, 0x5B4F, 0x7413, 0x7C74, 0x6370, 0x63B1, 0x9D98, 0xD71C, 0xD71D, 0xD71D,
    0xD71C, 0xD71C, 0xD71C, 0xD71C, 0xD73D, 0xC6BB, 0x9D98, 0x8CF6, 0x84D6, 0x7412, 0x426B, 0x18E4,
    0x0862, 0x1082, 0x18E4, 0x0000, 0x0000, 0x0000, 0x3A09, 0x530E, 0x530D, 0x5B4F, 0x530E, 0x6BD1,
    0x84D5, 0x7C74, 0x63D1, 0x6BF2, 0x84D5, 0x8D17, 0x8D17, 0x5B2E, 0x0000, 0x0000, 0x0000, 0x0000,
    0x0000, 0x0000, 0x0000, 0x0000, 0x0000, 0x0000, 0x0000, 0x0000, 0x0000, 0x0000, 0x0000, 0x0000,
    0x0000, 0x0000, 0x0000, 0x0000, 0x0000, 0x0000, 0x0000, 0x0000, 0x0000, 0x0000, 0x0000, 0x0000,
    0x0000, 0x0000, 0x0000, 0x0000, 0x3A4A, 0x8D17, 0x7C95, 0x84D6, 0x8CF6, 0x84B6, 0x7C95, 0x7CB5,
    0x7453, 0x1905, 0x0000, 0x10A3, 0x1083, 0x18E4, 0x1905, 0x0000, 0x0000, 0x0000, 0x2125, 0x7453,
    0x9558, 0x8D17, 0x8D17, 0x9D98, 0xC69B, 0xD71C, 0xCF1C, 0xCEFC, 0xCEFC, 0xCF1C, 0xD71D, 0xD71D,
    0xD71C, 0xD71C, 0xD73D, 0xBE7B, 0x84F6, 0x7CB5, 0x7CB5, 0x84D6, 0x8517, 0x8D38, 0x6BF2, 0x0000,
    0x31E8, 0x9536, 0xB63A, 0xBE5B, 0xBE5B, 0xAE1A, 0x8CD5, 0x2146, 0x10A3, 0x7C74, 0x9558, 0x8D17,
    0x84D6, 0x7CB5, 0x7CB5, 0x8D37, 0xCEBB, 0xD71C, 0xD71D, 0xD71D, 0xD71C, 0xCF1C, 0xCF1C, 0xCF1C,
    0xCF1C, 0xD71C, 0xD71D, 0xBE7B, 0x9D77, 0x8CF6, 0x8D37, 0x9538, 0x6BD1, 0x10C3, 0x0000, 0x0000,
    0x0000, 0x2146, 0x18E4, 0x18C4, 0x18E4, 0x0000, 0x2966, 0x7C94, 0x7CB5, 0x7C95, 0x84B6, 0x8CF6,
    0x84D6, 0x7C95, 0x8CF7, 0x31C8, 0x0000, 0x0000, 0x0000, 0x0000, 0x0000, 0x0000, 0x0000, 0x0000,
    0x0000, 0x0000, 0x0000, 0x0000, 0x0000, 0x0000, 0x0000, 0x0000, 0x0000, 0x0000, 0x0000, 0x0000,
    0x0000, 0x0000, 0x0000, 0x0000, 0x0000, 0x0000, 0x0000, 0x0000, 0x0000, 0x0000, 0x0000, 0x0000,
    0x10C4, 0x84D5, 0x7CB5, 0x9536, 0xADD8, 0x9557, 0x8CF6, 0x84B5, 0x8D37, 0x4AAC, 0x0000, 0x84B5,
    0x8CF7, 0x8CF6, 0x8CF6, 0x3A2A, 0x0000, 0x0000, 0x0000, 0x10A3, 0x4AAC, 0x9D56, 0xD73D, 0x0000,
    0x0000, 0xD73D, 0xCF1C, 0xCEFC, 0xCEFC, 0xCEFC, 0xCEFC, 0xCEFC, 0xCF1C, 0xCF1C, 0xCF1D, 0x0000,
    0xCEFC, 0x9D78, 0x8D17, 0x8CF6, 0x7C74, 0x6BD1, 0x7453, 0x84B5, 0x2146, 0x0000, 0x31E8, 0x52EC,
    0x4ACC, 0x31A7, 0x0000, 0x29A7, 0x84D5, 0x7433, 0x6BF2, 0x7CB5, 0x8CF6, 0x8CF6, 0x9D78, 0xD71D,
    0xD73D, 0xD71C, 0xD71C, 0xD71C, 0xCEFC, 0xCEFC, 0xCEFC, 0xCEFC, 0xD71C, 0xD71D, 0xD73D, 0x0000,
    0x0000, 0xCEFC, 0x8CF4, 0x3A29, 0x0000, 0x0000, 0x0000, 0x0000, 0x4A8C, 0x84F6, 0x84F6, 0x8D17,
    0x7C53, 0x0000, 0x5B2E, 0x8D38, 0x84B5, 0x8D16, 0x9D57, 0xA5B8, 0x8D16, 0x84B5, 0x7C94, 0x0882,
    0x0000, 0x0000, 0x0000, 0x0000, 0x0000, 0x0000, 0x0000, 0x0000, 0x0000, 0x0000, 0x0000, 0x0000,
    0x0000, 0x0000, 0x0000, 0x0000, 0x0000, 0x0000, 0x0000, 0x0000, 0x0000, 0x0000, 0x0000, 0x0000,
    0x0000, 0x0000, 0x0000, 0x0000, 0x0000, 0x0000, 0x0000, 0x0000, 0x0000, 0x6BD1, 0x84F6, 0x84F6,
    0xADF9, 0xADF9, 0xADF9, 0xA5B8, 0xA5B8, 0x5B4F, 0x0000, 0x7432, 0x8CF7, 0x84B5, 0x9D78, 0xB61A,
    0x73F0, 0x0000, 0x0000, 0x0000, 0x0000, 0x0000, 0x4229, 0x73F0, 0x9D76, 0xBE7A, 0xCEFC, 0xD73D,
    0x0000, 0x0000, 0x0000, 0x0000, 0x0000, 0xD73D, 0xCEFC, 0xC69A, 0xB618, 0x8CB3, 0x426B, 0x2966,
    0x0882, 0x0000, 0x0000, 0x3A29, 0x9537, 0x636F, 0x31A8, 0x1904, 0x1905, 0x31E9, 0x6BD1, 0x8D17,
    0x31C8, 0x0000, 0x0000, 0x10A3, 0x2987, 0x4A8B, 0x94F4, 0xB639, 0xC6BB, 0xD71D, 0x0000, 0x0000,
    0x0000, 0x0000, 0x0000, 0x0000, 0xD73D, 0xC6BB, 0xB639, 0x9515, 0x636E, 0x31A6, 0x0000, 0x0000,
    0x0000, 0x0000, 0x1082, 0x8493, 0xB63A, 0x9D57, 0x7CB5, 0x8CF6, 0x63B0, 0x0000, 0x6BB1, 0xA5D9,
    0xADF9, 0xADF9, 0xADF9, 0xA5D8, 0x84D5, 0x8CF6, 0x636F, 0x0000, 0x0000, 0x0000, 0x0000, 0x0000,
    0x0000, 0x0000, 0x0000, 0x0000, 0x0000, 0x0000, 0x0000, 0x0000, 0x0000, 0x0000, 0x0000, 0x0000,
    0x0000, 0x0000, 0x0000, 0x0000, 0x0000, 0x0000, 0x0000, 0x0000, 0x0000, 0x0000, 0x0000, 0x0000,
    0x0000, 0x0000, 0x0000, 0x0000, 0x0000, 0x424A, 0x8D17, 0x84B5, 0xA5B8, 0xADD8, 0xADD8, 0xADF8,
    0xAE19, 0x7C53, 0x0000, 0x5B4F, 0x8D17, 0x8CF6, 0xC6BB, 0xCEDB, 0x0000, 0xBE59, 0x3A08, 0x0000,
    0x0000, 0x0000, 0x0000, 0x0000, 0x0000, 0x0000, 0x1904, 0x31A6, 0x3A08, 0x4249, 0x4A6A, 0x4249,
    0x3A08, 0x2986, 0x2104, 0x1082, 0x0000, 0x0000, 0x0000, 0x0000, 0x0000, 0x0000, 0x0000, 0x0000,
    0x7433, 0x8D37, 0x8D37, 0x8D17, 0x8D17, 0x8D17, 0x8D37, 0x6BF2, 0x0000, 0x0000, 0x0000, 0x0000,
    0x0000, 0x0000, 0x0000, 0x0000, 0x10A2, 0x2145, 0x31C7, 0x4229, 0x4A6A, 0x4A6A, 0x4249, 0x39E7,
    0x2945, 0x10C3, 0x0000, 0x0000, 0x0000, 0x0000, 0x0000, 0x0000, 0x0000, 0x52AA, 0xCEBB, 0x0000,
    0xCEFC, 0xC6BB, 0x84D5, 0x8D17, 0x52ED, 0x0000, 0x84B5, 0xB61A, 0xADF9, 0xADD9, 0xADF9, 0xA598,
    0x7CB5, 0x8D17, 0x31E8, 0x0000, 0x0000, 0x0000, 0x0000, 0x0000, 0x0000, 0x0000, 0x0000, 0x0000,
    0x0000, 0x0000, 0x0000, 0x0000, 0x0000, 0x0000, 0x0000, 0x0000, 0x0000, 0x0000, 0x0000, 0x0000,
    0x0000, 0x0000, 0x0000, 0x0000, 0x0000, 0x0000, 0x0000, 0x0000, 0x0000, 0x0000, 0x0000, 0x0000,
    0x0000, 0x10C3, 0x84D5, 0x7CB5, 0x9D77, 0xADF9, 0xADD8, 0xADD8, 0xADF9, 0x9537, 0x0862, 0x3A29,
    0x8D17, 0x9537, 0xC6BB, 0xCEFC, 0xADD8, 0x52CB, 0x52AB, 0x8CB3, 0x4A8A, 0x0000, 0x0000, 0x0000,
    0x0000, 0x0000, 0x0000, 0x0000, 0x0000, 0x0000, 0x0000, 0x0000, 0x0000, 0x0000, 0x0000, 0x0000,
    0x0000, 0x0000, 0x0000, 0x0000, 0x0000, 0x0000, 0x0000, 0x10C3, 0x84B5, 0x84D5, 0x84B5, 0x84B5,
    0x84B5, 0x84B5, 0x84D6, 0x84B5, 0x0882, 0x0000, 0x0000, 0x0000, 0x0000, 0x0000, 0x0000, 0x0000,
    0x0000, 0x0000, 0x0000, 0x0000, 0x0000, 0x0000, 0x0000, 0x0000, 0x0000, 0x0000, 0x0000, 0x0000,
    0x0000, 0x0000, 0x0000, 0x52CB, 0x8CD3, 0x4A6A, 0x52EC, 0xBE5A, 0xCEFC, 0xC6BB, 0x8D16, 0x8D17,
    0x31C7, 0x10C3, 0x9D78, 0xAE19, 0xADF9, 0xADD9, 0xADF9, 0x9557, 0x7CB5, 0x7C94, 0x0882, 0x0000,
    0x0000, 0x0000, 0x0000, 0x0000, 0x0000, 0x0000, 0x0000, 0x0000, 0x0000, 0x0000, 0x0000, 0x0000,
    0x0000, 0x0000, 0x0000, 0x0000, 0x0000, 0x0000, 0x0000, 0x0000, 0x0000, 0x0000, 0x0000, 0x0000,
    0x0000, 0x0000, 0x0000, 0x0000, 0x0000, 0x0000, 0x0000, 0x0000, 0x0000, 0x0000, 0x63B0, 0x84F6,
    0x8CF6, 0xADD9, 0xADF9, 0xADF9, 0xADF9, 0xA5D9, 0x31C8, 0x18E4, 0x8CF6, 0x9557, 0xCEDC, 0xCEFC,
    0x31A7, 0x0000, 0x18C3, 0xADF8, 0x0000, 0xC6BA, 0x7C51, 0x3A08, 0x0000, 0x0000, 0x0000, 0x0000,
    0x0000, 0x0000, 0x0000, 0x0000, 0x0000, 0x0000, 0x0000, 0x0000, 0x0000, 0x0000, 0x0000, 0x0000,
    0x0000, 0x0000, 0x0000, 0x73F1, 0x84D6, 0x7C95, 0x84D6, 0x84D6, 0x84D6, 0x84D6, 0x7CB5, 0x8D16,
    0x636F, 0x0000, 0x0000, 0x0000, 0x0000, 0x0000, 0x0000, 0x0000, 0x0000, 0x0000, 0x0000, 0x0000,
    0x0000, 0x0000, 0x0000, 0x0000, 0x0000, 0x0000, 0x0000, 0x10A2, 0x4249, 0x8CB3, 0xCEBB, 0x0000,
    0x94F4, 0x0000, 0x0000, 0x52AB, 0xD73D, 0xC6BB, 0x8D16, 0x84D5, 0x10A2, 0x3A09, 0xADF9, 0xADF9,
    0xADD8, 0xADD8, 0xADF9, 0x8CF6, 0x84F6, 0x5B2F, 0x0000, 0x0000, 0x0000, 0x0000, 0x0000, 0x0000,
    0x0000, 0x0000, 0x0000, 0x0000, 0x0000, 0x0000, 0x0000, 0x0000, 0x0000, 0x0000, 0x0000, 0x0000,
    0x0000, 0x0000, 0x0000, 0x0000, 0x0000, 0x0000, 0x0000, 0x0000, 0x0000, 0x0000, 0x0000, 0x0000,
    0x0000, 0x0000, 0x0000, 0x0000, 0x0000, 0x0000, 0x31E9, 0x8D17, 0x84B5, 0xA5B8, 0xADF9, 0xADF9,
    0xADF9, 0xAE19, 0x5B6F, 0x0000, 0x7453, 0x9557, 0xCEFC, 0xBE7A, 0x0000, 0x52AB, 0x31A7, 0x0000,
    0x2124, 0x6BAE, 0xA596, 0xCEBB, 0xCEBB, 0xADD7, 0x8492, 0x634D, 0x4249, 0x2966, 0x18E3, 0x0000,
    0x0000, 0x0000, 0x0000, 0x0000, 0x0000, 0x0000, 0x0000, 0x0000, 0x0000, 0x0000, 0x73D0, 0x0000,
    0xB619, 0x8D16, 0x84B5, 0x7C95, 0x7CB5, 0x84D5, 0x9557, 0xBE5A, 0x0000, 0x5B0C, 0x0000, 0x0000,
    0x0000, 0x0000, 0x0000, 0x0000, 0x0000, 0x0000, 0x0000, 0x0000, 0x0000, 0x18E3, 0x2986, 0x4A69,
    0x6B6E, 0x94D3, 0xB5F8, 0xC6BA, 0xC67A, 0x9D55, 0x634D, 0x10C3, 0x0000, 0x4A6A, 0x4249, 0x18E4,
    0xD71C, 0xC6BB, 0x8D17, 0x7412, 0x0000, 0x6BD1, 0xAE19, 0xADF8, 0xADF9, 0xADF9, 0xA5B8, 0x7C95,
    0x8CF7, 0x2987, 0x0000, 0x0000, 0x0000, 0x0000, 0x0000, 0x0000, 0x0000, 0x0000, 0x0000, 0x0000,
    0x0000, 0x0000, 0x0000, 0x0000, 0x0000, 0x0000, 0x0000, 0x0000, 0x0000, 0x0000, 0x0000, 0x0000,
    0x0000, 0x0000, 0x0000, 0x0000, 0x0000, 0x0000, 0x0000, 0x0000, 0x0000, 0x0000, 0x0000, 0x0000,
    0x0000, 0x0000, 0x0000, 0x7C94, 0x84B5, 0x9557, 0xADF9, 0xADF9, 0xADF8, 0xADF9, 0x8CF6, 0x0000,
    0x52ED, 0x9537, 0xBE9B, 0xCF1C, 0x2125, 0xA576, 0x0000, 0x8492, 0x10C3, 0x0000, 0x0000, 0x0000,
    0x31A6, 0x5B2C, 0x7C51, 0x9D55, 0xB618, 0xBE9A, 0xCEBB, 0xCEBB, 0xC67A, 0xBE59, 0xBE18, 0xB5F8,
    0xB5D8, 0xB5D7, 0xADB7, 0xAD97, 0xA556, 0xB5F8, 0x0000, 0x0000, 0x0000, 0xCEFC, 0xBE7B, 0xB63A,
    0xB63A, 0xC69B, 0xD71C, 0x0000, 0x0000, 0x0000, 0xADB6, 0xA575, 0xADB7, 0xADD7, 0xB5D7, 0xB5D7,
    0xB618, 0xBE39, 0xC67A, 0xC69A, 0xCEBB, 0xCEBB, 0xC69A, 0xADF8, 0x9D35, 0x7C10, 0x52CB, 0x2965,
    0x0000, 0x0000, 0x0000, 0x2945, 0x9D35, 0x0000, 0x8CD3, 0x31C7, 0x0000, 0xBE7A, 0x8D17, 0x4AAC,
    0x0883, 0x9537, 0xADF9, 0xADF9, 0xADF9, 0xAE19, 0x9537, 0x84D6, 0x7433, 0x0000, 0x0000, 0x0000,
    0x0000, 0x0000, 0x0000, 0x0000, 0x0000, 0x0000, 0x0000, 0x0000, 0x0000, 0x0000, 0x0000, 0x0000,
    0x0000, 0x0000, 0x0000, 0x0000, 0x0000, 0x0000, 0x0000, 0x0000, 0x0000, 0x0000, 0x0000, 0x0000,
    0x0000, 0x0000, 0x0000, 0x0000, 0x0000, 0x0000, 0x0000, 0x0000, 0x0000, 0x0000, 0x0000, 0x530E,
    0x84F7, 0x84D5, 0xADD9, 0xADF9, 0xADD9, 0xADF9, 0xA5D9, 0x29A8, 0x2146, 0x8D17, 0xB639, 0xD75D,
    0x8CB3, 0x9D35, 0xCF1D, 0xD75E, 0xCEDC, 0x62AB, 0x0000, 0x0000, 0x0000, 0x0000, 0x0000, 0x0000,
    0x1041, 0x18A3, 0x2124, 0x31A6, 0x4249, 0x4ACB, 0x530C, 0x5B2C, 0x5B2C, 0x530C, 0x4AAA, 0x4228,
    0x31C7, 0x2986, 0x29A6, 0x5B4D, 0xB5F8, 0x0000, 0xD75D, 0xD73D, 0xD73D, 0x0000, 0x0000, 0xA5B7,
    0x5B0C, 0x2986, 0x2986, 0x31C7, 0x4249, 0x4AAA, 0x530B, 0x5B0C, 0x5B0C, 0x52EB, 0x4AAA, 0x3A28,
    0x2986, 0x2124, 0x20A3, 0x1842, 0x1000, 0x0000, 0x0000, 0x0000, 0x0000, 0x0000, 0x72ED, 0xD73D,
    0xD73D, 0xD73D, 0x94F4, 0x9D35, 0x0000, 0xADF9, 0x8CF6, 0x1904, 0x3A2A, 0xADF9, 0xADF8, 0xADD9,
    0xADF9, 0xADD8, 0x84D5, 0x8D17, 0x428B, 0x0000, 0x0000, 0x0000, 0x0000, 0x0000, 0x0000, 0x0000,
    0x0000, 0x0000, 0x0000, 0x0000, 0x0000, 0x0000, 0x0000, 0x0000, 0x0000, 0x0000, 0x0000, 0x0000,
    0x0000, 0x0000, 0x0000, 0x0000, 0x0000, 0x0000, 0x0000, 0x0000, 0x0000, 0x0000, 0x0000, 0x0000,
    0x0000, 0x0000, 0x0000, 0x0000, 0x0000, 0x0000, 0x0000, 0x2125, 0x84F6, 0x7C95, 0xA598, 0xADF9,
    0xADD9, 0xADD8, 0xADF9, 0x6BD1, 0x0000, 0x7433, 0xA5D9, 0xCEDC, 0xCEFC, 0xC6BB, 0xCEDC, 0xC6BB,
    0xCF1C, 0xD6FD, 0x82ED, 0x3083, 0x0000, 0x0000, 0x0000, 0x1882, 0x30C4, 0x5106, 0x5927, 0x5906,
    0x50E5, 0x48A4, 0x4083, 0x3883, 0x3883, 0x4084, 0x48C4, 0x50E5, 0x5906, 0x6127, 0x5106, 0x2862,
    0x1061, 0x5B4D, 0xD71C, 0x0000, 0x0000, 0xCEFC, 0x4ACB, 0x1041, 0x3883, 0x5906, 0x6127, 0x5906,
    0x48C5, 0x40A4, 0x3883, 0x3883, 0x3883, 0x4084, 0x48C4, 0x5906, 0x6127, 0x6147, 0x5106, 0x38C4,
    0x1862, 0x0000, 0x0000, 0x0000, 0x38A4, 0x8B0E, 0x0000, 0xD71D, 0xCEFC, 0xCEFC, 0xCEDC, 0xCF1C,
    0xCEFC, 0xA5B9, 0x6BF1, 0x0000, 0x7C53, 0xAE19, 0xADF9, 0xADD9, 0xADF9, 0x9D77, 0x84B5, 0x84B5,
    0x10C3, 0x0000, 0x0000, 0x0000, 0x0000, 0x0000, 0x0000, 0x0000, 0x0000, 0x0000, 0x0000, 0x0000,
    0x0000, 0x0000, 0x0000, 0x0000, 0x0000, 0x0000, 0x0000, 0x0000, 0x0000, 0x0000, 0x0000, 0x0000,
    0x0000, 0x0000, 0x0000, 0x0000, 0x0000, 0x0000, 0x0000, 0x0000, 0x0000, 0x0000, 0x0000, 0x0000,
    0x0000, 0x0000, 0x0000, 0x0000, 0x6BB1, 0x84D6, 0x8D16, 0xADF9, 0xADD8, 0xA5D9, 0xADD9, 0x9D98,
    0x1904, 0x426B, 0x9D99, 0xC6BB, 0xC6DB, 0xCEDC, 0xCEFC, 0xCEFC, 0xCEDC, 0xCF1C, 0xCEBB, 0x92CE,
    0x5947, 0x1041, 0x0000, 0x0000, 0x0000, 0x0000, 0x1842, 0x2863, 0x4906, 0x71A9, 0x922B, 0xA26D,
    0xA24D, 0xA24D, 0xA24C, 0x9A2C, 0x9A0C, 0x920B, 0x920B, 0x920B, 0x79A9, 0x2862, 0x2145, 0xBE59,
    0xADF8, 0x2104, 0x3883, 0x81CA, 0x920C, 0x920B, 0x920B, 0x920B, 0x9A2C, 0xA24D, 0xA26D, 0xA26D,
    0x9A4C, 0x8A2B, 0x71A9, 0x48E5, 0x2863, 0x1841, 0x0000, 0x0000, 0x0000, 0x0000, 0x2083, 0x6968,
    0x9AEE, 0xD6DC, 0xCF1C, 0xCEFC, 0xCF1C, 0xCEFC, 0xCEFC, 0xCEFC, 0xC6BB, 0x9D78, 0x3A09, 0x2146,
    0xA5B9, 0xADF9, 0xADF9, 0xADD8, 0xADD8, 0x8CF6, 0x8CF7, 0x5B4F, 0x0000, 0x0000, 0x0000, 0x0000,
    0x0000, 0x0000, 0x0000, 0x0000, 0x0000, 0x0000, 0x0000, 0x0000, 0x0000, 0x0000, 0x0000, 0x0000,
    0x0000, 0x0000, 0x0000, 0x0000, 0x0000, 0x0000, 0x0000, 0x0000, 0x0000, 0x0000, 0x0000, 0x0000,
    0x0000, 0x0000, 0x0000, 0x0000, 0x0000, 0x0000, 0x0000, 0x0000, 0x0000, 0x0000, 0x0000, 0x0000,
    0x29A7, 0x8CF6, 0x7C95, 0xA5B8, 0xADF9, 0xADF9, 0xADD8, 0xAE1A, 0x5B4F, 0x0882, 0x84D6, 0xBE7B,
    0xCEFC, 0xCEDC, 0xCEFC, 0xCEFC, 0xCEFC, 0xCEDC, 0xD73D, 0xC65A, 0x926D, 0x81CA, 0x28A3, 0x0000,
    0x0000, 0x0000, 0x0000, 0x4207, 0x1903, 0x0000, 0x0000, 0x1001, 0x3083, 0x5106, 0x6988, 0x81EA,
    0x920B, 0x920C, 0x920C, 0x920C, 0x9A0C, 0xA24D, 0x6127, 0x20E4, 0x3104, 0x79A9, 0xA26D, 0x9A0C,
    0x920C, 0x920B, 0x920B, 0x8A0B, 0x81CA, 0x6988, 0x5126, 0x3083, 0x1001, 0x0000, 0x0000, 0x2124,
    0x39C7, 0x0000, 0x0000, 0x0000, 0x0000, 0x4105, 0x8A0B, 0x9AAD, 0xCE7A, 0xD73D, 0xCEFC, 0xCF1C,
    0xCF1C, 0xCEFC, 0xCEDC, 0xCEFC, 0xBE7A, 0x84B5, 0x0882, 0x6BB0, 0xAE19, 0xADF8, 0xA5D8, 0xADD8,
    0x9D98, 0x84B5, 0x8CF6, 0x2125, 0x0000, 0x0000, 0x0000, 0x0000, 0x0000, 0x0000, 0x0000, 0x0000,
    0x0000, 0x0000, 0x0000, 0x0000, 0x0000, 0x0000, 0x0000, 0x0000, 0x0000, 0x0000, 0x0000, 0x0000,
    0x0000, 0x0000, 0x0000, 0x0000, 0x0000, 0x0000, 0x0000, 0x0000, 0x0000, 0x0000, 0x0000, 0x0000,
    0x0000, 0x0000, 0x0000, 0x0000, 0x0000, 0x0000, 0x0000, 0x0000, 0x0000, 0x7412, 0x84D6, 0x9536,
    0xADF9, 0xADD9, 0xADF9, 0xADF9, 0x9557, 0x10C3, 0x4ACD, 0xB63A, 0xCEFC, 0xCEDC, 0xCEFC, 0xCEFC,
    0xCEFC, 0xCEFC, 0xCEFC, 0xD75E, 0xBDB8, 0x89EB, 0x8A0B, 0x30C4, 0x0000, 0x0000, 0x0000, 0x5289,
    0xDE37, 0xACF2, 0x734C, 0x4A28, 0x2944, 0x0000, 0x0000, 0x0000, 0x0000, 0x1821, 0x2863, 0x38A4,
    0x48E5, 0x5106, 0x6168, 0x5126, 0x5967, 0x69A8, 0x5126, 0x48E5, 0x38A4, 0x2863, 0x1821, 0x0000,
    0x0000, 0x0000, 0x0000, 0x2944, 0x5269, 0x7BAE, 0xB513, 0xCDD6, 0x41E7, 0x0000, 0x0000, 0x0000,
    0x4905, 0x9A2B, 0x922B, 0xC5F9, 0xD75D, 0xCEFC, 0xCF1C, 0xCF1C, 0xCF1C, 0xCEFC, 0xCEFC, 0xCEFC,
    0xAE1A, 0x4A8B, 0x2125, 0xA5B8, 0xADF8, 0xADD8, 0xA5D8, 0xADD8, 0x8D16, 0x84F6, 0x63B0, 0x0000,
    0x0000, 0x0000, 0x0000, 0x0000, 0x0000, 0x0000, 0x0000, 0x0000, 0x0000, 0x0000, 0x0000, 0x0000,
    0x0000, 0x0000, 0x0000, 0x0000, 0x0000, 0x0000, 0x0000, 0x0000, 0x0000, 0x0000, 0x0000, 0x0000,
    0x0000, 0x0000, 0x0000, 0x0000, 0x0000, 0x0000, 0x0000, 0x0000, 0x0000, 0x0000, 0x0000, 0x0000,
    0x0000, 0x0000, 0x0000, 0x0000, 0x0000, 0x31E9, 0x8D17, 0x84B5, 0xA5D8, 0xADF9, 0xADF9, 0xADF9,
    0xAE19, 0x530E, 0x10C3, 0x9557, 0xCEDC, 0xCEFC, 0xCEFC, 0xCEFC, 0xCEFC, 0xCEFC, 0xCEFC, 0xCEDC,
    0xD77E, 0xAC93, 0x81AA, 0x922B, 0x38E4, 0x0000, 0x0000, 0x0000, 0x41C6, 0xC594, 0xEED9, 0xEEB9,
    0xD616, 0xBD53, 0xA4B1, 0x8BEE, 0x6B0B, 0x5268, 0x39A6, 0x2944, 0x18E3, 0x10A2, 0x0000, 0x0000,
    0x0000, 0x0000, 0x1082, 0x18C2, 0x2124, 0x3185, 0x4A48, 0x6B2B, 0x8BEE, 0xA4B1, 0xBD54, 0xD616,
    0xEED9, 0xE698, 0xB512, 0x3145, 0x0000, 0x0000, 0x0000, 0x5126, 0x9A4C, 0x89EA, 0x0000, 0xD75D,
    0xCEDC, 0xD71D, 0xD71C, 0xCF1C, 0xCEFC, 0xCEFC, 0xCF1C, 0xCEDC, 0x8CF6, 0x10A3, 0x6BD1, 0xB63A,
    0xADF8, 0xADD9, 0xADF9, 0xA5B8, 0x84B5, 0x8D17, 0x2987, 0x0000, 0x0000, 0x0000, 0x0000, 0x0000,
    0x0000, 0x0000, 0x0000, 0x0000, 0x0000, 0x0000, 0x0000, 0x0000, 0x0000, 0x0000, 0x0000, 0x0000,
    0x0000, 0x0000, 0x0000, 0x0000, 0x0000, 0x0000, 0x0000, 0x0000, 0x0000, 0x0000, 0x0000, 0x0000,
    0x0000, 0x0000, 0x0000, 0x0000, 0x0000, 0x0000, 0x0000, 0x0000, 0x0000, 0x0000, 0x0000, 0x0000,
    0x0000, 0x0000, 0x7433, 0x84D6, 0x9537, 0xADF9, 0xADF9, 0xADD9, 0xADF9, 0x9D78, 0x18E4, 0x52ED,
    0xC6BC, 0xCEFC, 0xCEFC, 0xCEFC, 0xCEFC, 0xCEFC, 0xCEFC, 0xCEFC, 0xCEFC, 0xD71C, 0x8B0E, 0x81CA,
    0x924C, 0x4105, 0x0000, 0x0000, 0x20E3, 0x18C3, 0x5AAA, 0xBDB4, 0x0000, 0x0000, 0x0000, 0xEEF9,
    0xE6B8, 0xDE77, 0xDE57, 0xD616, 0xCDF6, 0xC5B5, 0xC574, 0xBD53, 0xBD53, 0xBD74, 0xC594, 0xCDD5,
    0xD5F6, 0xDE57, 0xDE78, 0xE6B8, 0xEEF9, 0x0000, 0x0000, 0xEF1A, 0xB533, 0x4A48, 0x18A2, 0x18C3,
    0x0000, 0x0000, 0x5146, 0x9A4C, 0x81CA, 0x9BD1, 0xD75D, 0xCEFC, 0xCEFC, 0xCEFC, 0xCF1C, 0xCEFC,
    0xCEFC, 0xCEFC, 0xD71C, 0xBE9C, 0x428B, 0x2166, 0xA5B9, 0xADF9, 0xADF9, 0xADD8, 0xADF9, 0x8D16,
    0x84F6, 0x6BD1, 0x0000, 0x0000, 0x0000, 0x0000, 0x0000, 0x0000, 0x0000, 0x0000, 0x0000, 0x0000,
    0x0000, 0x0000, 0x0000, 0x0000, 0x0000, 0x0000, 0x0000, 0x0000, 0x0000, 0x0000, 0x0000, 0x0000,
    0x0000, 0x0000, 0x0000, 0x0000, 0x0000, 0x0000, 0x0000, 0x0000, 0x0000, 0x0000, 0x0000, 0x0000,
    0x0000, 0x0000, 0x0000, 0x0000, 0x0000, 0x0000, 0x0000, 0x0000, 0x0000, 0x0000, 0x31E8, 0x8D17,
    0x84B5, 0xADD9, 0xADF9, 0xADF9, 0xADD8, 0xB61A, 0x6BD1, 0x10A3, 0x9D57, 0xCEFC, 0xCEFC, 0xCEFC,
    0xCEFC, 0xCEFC, 0xCEDC, 0xCEFC, 0xCEDC, 0xD73D, 0xB618, 0x69C9, 0x8A0B, 0x924C, 0x5146, 0x0000,
    0x39A6, 0x9C91, 0x62CA, 0x2924, 0x4A28, 0x8C0F, 0xC616, 0x0000, 0x0000, 0x0000, 0x0000, 0x0000,
    0xF75A, 0xF75A, 0xF75A, 0xF75A, 0xF75A, 0xF75A, 0xF75A, 0x0000, 0x0000, 0x0000, 0x0000, 0x0000,
    0x0000, 0xC616, 0x83EE, 0x41E7, 0x2924, 0x62CA, 0x9470, 0x2944, 0x0000, 0x6168, 0x922B, 0x89EA,
    0x722A, 0xC6BB, 0xD71D, 0xCEFC, 0xCEFC, 0xCEFC, 0xCEFC, 0xCEFC, 0xCEFC, 0xCEFC, 0xD71D, 0x8D16,
    0x0883, 0x7432, 0xAE19, 0xADD8, 0xADD9, 0xADF9, 0xA5B8, 0x84B5, 0x8CF6, 0x2966, 0x0000, 0x0000,
    0x0000, 0x0000, 0x0000, 0x0000, 0x0000, 0x0000, 0x0000, 0x0000, 0x0000, 0x0000, 0x0000, 0x0000,
    0x0000, 0x0000, 0x0000, 0x0000, 0x0000, 0x0000, 0x0000, 0x0000, 0x0000, 0x0000, 0x0000, 0x0000,
    0x0000, 0x0000, 0x0000, 0x0000, 0x0000, 0x0000, 0x0000, 0x0000, 0x0000, 0x0000, 0x0000, 0x0000,
    0x0000, 0x0000, 0x0000, 0x0000, 0x0000, 0x0000, 0x0000, 0x7412, 0x84D6, 0x9537, 0xADF9, 0xADF9,
    0xADF9, 0xADF9, 0xA5D9, 0x2987, 0x426B, 0xC6DC, 0xCEDC, 0xCEFC, 0xCEFC, 0xCEDC, 0xCEFC, 0xCEFC,
    0xCEFC, 0xCEDC, 0x0000, 0x8431, 0x6948, 0x922C, 0x9A2C, 0x6187, 0x0000, 0x18E3, 0xACF2, 0xD616,
    0xA491, 0x6B2B, 0x4A28, 0x5A89, 0x840E, 0xB594, 0xDEB8, 0xF75A, 0x0000, 0x0000, 0x0000, 0x0000,
    0x0000, 0x0000, 0x0000, 0x0000, 0xEF3A, 0xDE98, 0xBD74, 0x8C2F, 0x62EA, 0x5A89, 0x736C, 0xACF1,
    0xD616, 0x9C91, 0x10A2, 0x1021, 0x79C9, 0x9A2C, 0x920B, 0x5926, 0x94D4, 0x0000, 0xCEFC, 0xCEFC,
    0xCEFC, 0xCF1C, 0xCEFC, 0xCEFC, 0xCEFC, 0xD71C, 0xCEFD, 0x3A2A, 0x3209, 0xA5F9, 0xADF8, 0xADD8,
    0xADD8, 0xADF9, 0x8D16, 0x84F6, 0x6390, 0x0000, 0x0000, 0x0000, 0x0000, 0x0000, 0x0000, 0x0000,
    0x0000, 0x0000, 0x0000, 0x0000, 0x0000, 0x0000, 0x0000, 0x0000, 0x0000, 0x0000, 0x0000, 0x0000,
    0x0000, 0x0000, 0x0000, 0x0000, 0x0000, 0x0000, 0x0000, 0x0000, 0x0000, 0x0000, 0x0000, 0x0000,
    0x0000, 0x0000, 0x0000, 0x0000, 0x0000, 0x0000, 0x0000, 0x0000, 0x0000, 0x0000, 0x0000, 0x0000,
    0x0000, 0x0000, 0x0000, 0x2987, 0x8CF7, 0x84B5, 0xA5D8, 0xADF9, 0xADF9, 0xADD9, 0xAE19, 0x84B4,
    0x10A3, 0x9536, 0xD71D, 0xCEDC, 0xCEFC, 0xCEFC, 0xCEFC, 0xCEFC, 0xCEFC, 0xCEFC, 0xCEFC, 0xCF1C,
    0x524A, 0x7989, 0xA24C, 0xB28D, 0x922B, 0x3083, 0x0000, 0x4207, 0xB533, 0xEEF9, 0xF75A, 0xDE98,
    0xBDB5, 0xB553, 0xBD94, 0xD657, 0xEF1A, 0x0000, 0x0000, 0x0000, 0x0000, 0x0000, 0x0000, 0xEF19,
    0xCE36, 0xB574, 0xB573, 0xC5F5, 0xDEB8, 0xF75A, 0xF71A, 0xB533, 0x39C6, 0x0000, 0x48E5, 0xA24C,
    0xAA6D, 0x9A4C, 0x6947, 0x5ACC, 0xD75D, 0xCEDC, 0xCEFC, 0xCEFC, 0xCEFC, 0xCEFC, 0xCF1C, 0xCEFC,
    0xCEFC, 0xD75D, 0x8CD4, 0x10C3, 0x8CF6, 0xAE19, 0xADD8, 0xADD8, 0xADF9, 0xA598, 0x84B5, 0x84D6,
    0x1904, 0x0000, 0x0000, 0x0000, 0x0000, 0x0000, 0x0000, 0x0000, 0x0000, 0x0000, 0x0000, 0x0000,
    0x0000, 0x0000, 0x0000, 0x0000, 0x0000, 0x0000, 0x0000, 0x0000, 0x0000, 0x0000, 0x0000, 0x0000,
    0x0000, 0x0000, 0x0000, 0x0000, 0x0000, 0x0000, 0x0000, 0x0000, 0x0000, 0x0000, 0x0000, 0x0000,
    0x0000, 0x0000, 0x0000, 0x0000, 0x0000, 0x0000, 0x0000, 0x0000, 0x0000, 0x0000, 0x0000, 0x0000,
    0x5B4F, 0x84F6, 0x9536, 0xADF9, 0xADD9, 0xADD9, 0xADD8, 0xAE1A, 0x52ED, 0x31E8, 0xCEFD, 0xCEFC,
    0xCEFC, 0xCEFC, 0xCEFC, 0xCEFC, 0xCEFC, 0xCEFC, 0xC6DB, 0xD71D, 0xB639, 0x3105, 0x89EB, 0xAA6D,
    0xC2CE, 0xBACE, 0x81E9, 0x1821, 0x0000, 0x3185, 0x9450, 0xDE78, 0x0000, 0x0000, 0x0000, 0x0000,
    0x0000, 0x0000, 0x0000, 0x0000, 0x0000, 0x0000, 0x0000, 0x0000, 0x0000, 0x0000, 0x0000, 0x0000,
    0xDE78, 0x944F, 0x31A6, 0x0000, 0x2062, 0x922A, 0xBACE, 0xBAAD, 0xA24C, 0x79A9, 0x3125, 0xC69B,
    0xD71D, 0xCEFC, 0xCEDC, 0xCEFC, 0xCEFC, 0xCF1C, 0xCF1D, 0xCF1C, 0xD71C, 0xC6BC, 0x2166, 0x5B4E,
    0xB63A, 0xADF8, 0xADF9, 0xADD8, 0xADF9, 0x8CF6, 0x8CF7, 0x52ED, 0x0000, 0x0000, 0x0000, 0x0000,
    0x0000, 0x0000, 0x0000, 0x0000, 0x0000, 0x0000, 0x0000, 0x0000, 0x0000, 0x0000, 0x0000, 0x0000,
    0x0000, 0x0000, 0x0000, 0x0000, 0x0000, 0x0000, 0x0000, 0x0000, 0x0000, 0x0000, 0x0000, 0x0000,
    0x0000, 0x0000, 0x0000, 0x0000, 0x0000, 0x0000, 0x0000, 0x0000, 0x0000, 0x0000, 0x0000, 0x0000,
    0x0000, 0x0000, 0x0000, 0x0000, 0x0000, 0x0000, 0x0000, 0x0000, 0x10C3, 0x84D5, 0x84D6, 0xA5B8,
    0xADF9, 0xADF9, 0xADF9, 0xADF9, 0xA5D9, 0x2967, 0x7C52, 0xD73E, 0xC6BB, 0xCEFC, 0xCEFC, 0xCEFC,
    0xC6DC, 0xCEFC, 0xCEFC, 0xC6BB, 0x0000, 0x7C72, 0x3084, 0xA24D, 0xAA6D, 0xBAAD, 0xC2CE, 0xBAAD,
    0x79A8, 0x2042, 0x0000, 0x10A2, 0x4A69, 0x8C2F, 0xC5B5, 0xE698, 0xF71A, 0x0000, 0x0000, 0x0000,
    0x0000, 0x0000, 0x0000, 0xEF1A, 0xDE78, 0xBD94, 0x8C0F, 0x4A48, 0x10A2, 0x0000, 0x2862, 0x81E9,
    0xBACE, 0xBAAD, 0xB2AD, 0xAA6C, 0x920B, 0x2062, 0x9514, 0xD75D, 0xC6DB, 0xCEFC, 0xCEFC, 0xCEFC,
    0xCEFC, 0xCF1C, 0xD71D, 0xCEFC, 0x0000, 0x6390, 0x29A7, 0xADFA, 0xADF9, 0xADF9, 0xADD8, 0xADF9,
    0x9D77, 0x84D5, 0x7C74, 0x0882, 0x0000, 0x0000, 0x0000, 0x0000, 0x0000, 0x0000, 0x0000, 0x0000,
    0x0000, 0x0000, 0x0000, 0x0000, 0x0000, 0x0000, 0x0000, 0x0000, 0x0000, 0x0000, 0x0000, 0x0000,
    0x0000, 0x0000, 0x0000, 0x0000, 0x0000, 0x0000, 0x0000, 0x0000, 0x0000, 0x0000, 0x0000, 0x0000,
    0x0000, 0x0000, 0x0000, 0x0000, 0x0000, 0x0000, 0x0000, 0x0000, 0x0000, 0x0000, 0x0000, 0x0000,
    0x0000, 0x0000, 0x0000, 0x0000, 0x0000, 0x4A8B, 0x8D17, 0x8CF6, 0xADF9, 0xADD8, 0xADF9, 0xADF9,
    0xB63A, 0x8CD5, 0x2987, 0xBE5A, 0xCEFC, 0xCEDC, 0xCEDC, 0xCEDC, 0xCEFC, 0xCF1C, 0xCEDC, 0xCEFC,
    0xCEFC, 0x0000, 0x4A8A, 0x48C5, 0xA26D, 0xAA6C, 0xBA8D, 0xB28D, 0xBAAD, 0xBAAD, 0x8A2A, 0x4925,
    0x1021, 0x0000, 0x0000, 0x18E3, 0x31A6, 0x4A48, 0x5ACA, 0x62EB, 0x62EA, 0x52A9, 0x4228, 0x2985,
    0x10C2, 0x0000, 0x0000, 0x1821, 0x5905, 0x920A, 0xC2CE, 0xC2CE, 0xB28D, 0xB2AD, 0xAA6C, 0xA24C,
    0x3083, 0x5B4D, 0x0000, 0xCEDC, 0xCEFC, 0xCEFC, 0xCF1C, 0xCEFC, 0xCEFC, 0xCEFC, 0xCEFC, 0xD75D,
    0xB619, 0x1926, 0x9516, 0xB619, 0xADF9, 0xADF9, 0xADF9, 0xADD8, 0x84D5, 0x8D17, 0x39E9, 0x0000,
    0x0000, 0x0000, 0x0000, 0x0000, 0x0000, 0x0000, 0x0000, 0x0000, 0x0000, 0x0000, 0x0000, 0x0000,
    0x0000, 0x0000, 0x0000, 0x0000, 0x0000, 0x0000, 0x0000, 0x0000, 0x0000, 0x0000, 0x0000, 0x0000,
    0x0000, 0x0000, 0x0000, 0x0000, 0x0000, 0x0000, 0x0000, 0x0000, 0x0000, 0x0000, 0x0000, 0x0000,
    0x0000, 0x0000, 0x0000, 0x0000, 0x0000, 0x0000, 0x0000, 0x0000, 0x0000, 0x0000, 0x0000, 0x0000,
    0x0000, 0x0000, 0x7433, 0x84F6, 0x9D77, 0xADF9, 0xADD9, 0xADF9, 0xADF9, 0xBE5B, 0x636F, 0x52EC,
    0xD75E, 0xC6DB, 0xC6DC, 0xCEFC, 0xCEFC, 0xCEFC, 0xC6DC, 0xCF1C, 0xCEFC, 0xD71D, 0xCEDC, 0x18E4,
    0x6147, 0xA24D, 0xAA6C, 0xBAAD, 0xB28C, 0xB28D, 0xBAAD, 0xC2CE, 0xB2AD, 0x9A2B, 0x7188, 0x50E5,
    0x3083, 0x2021, 0x1800, 0x1000, 0x1000, 0x1821, 0x2062, 0x38A3, 0x5105, 0x7988, 0x9A2B, 0xBAAD,
    0xCB4F, 0xD3F2, 0xBAAD, 0xB28C, 0xBAAD, 0xAA4C, 0xA24C, 0x48C5, 0x31A7, 0xD73D, 0xCEFC, 0xCEFC,
    0xCEFC, 0xCEFC, 0xCEFC, 0xCEFC, 0xCEFC, 0xCF1C, 0xCEFC, 0x0000, 0x426A, 0x6BD0, 0xB65A, 0xADD8,
    0xADF9, 0xADF9, 0xADF9, 0x9536, 0x84D6, 0x6390, 0x0000, 0x0000, 0x0000, 0x0000, 0x0000, 0x0000,
    0x0000, 0x0000, 0x0000, 0x0000, 0x0000, 0x0000, 0x0000, 0x0000, 0x0000, 0x0000, 0x0000, 0x0000,
    0x0000, 0x0000, 0x0000, 0x0000, 0x0000, 0x0000, 0x0000, 0x0000, 0x0000, 0x0000, 0x0000, 0x0000,
    0x0000, 0x0000, 0x0000, 0x0000, 0x0000, 0x0000, 0x0000, 0x0000, 0x0000, 0x0000, 0x0000, 0x0000,
    0x0000, 0x0000, 0x0000, 0x0000, 0x0000, 0x0000, 0x0000, 0x0000, 0x0000, 0x0000, 0x2125, 0x8CF6,
    0x84D5, 0xA5B8, 0xADF9, 0xADF9, 0xADF9, 0xADF9, 0xB63A, 0x426B, 0x8CD4, 0xD75D, 0xC6BB, 0xCEDC,
    0xCEFC, 0xCEFC, 0xCEFC, 0xCEFC, 0xCEFC, 0xCEFC, 0x0000, 0xA5B7, 0x0000, 0x6988, 0xA24D, 0xAA6C,
    0xBAAD, 0xBA8D, 0xB28D, 0xB28D, 0xBAAD, 0xC2CE, 0xCAEE, 0xCAEE, 0xC2EE, 0xC2CD, 0xBAAD, 0xBAAD,
    0xBACD, 0xC2EE, 0xCB0F, 0xCB2F, 0xD3F2, 0xDC94, 0xDC73, 0xCB0E, 0xDC94, 0xF659, 0xC30E, 0xBA8D,
    0xAA6C, 0xA24C, 0x5926, 0x10A2, 0xC67A, 0xD73D, 0xCEDC, 0xCEFC, 0xCEFC, 0xCF1C, 0xCEFC, 0xCF1D,
    0xCEFC, 0xCEDC, 0x0000, 0x8472, 0x4ACC, 0xB63A, 0xADD8, 0xADF9, 0xADD8, 0xADF9, 0xA5B8, 0x84B5,
    0x7C94, 0x10A3, 0x0000, 0x0000, 0x0000, 0x0000, 0x0000, 0x0000, 0x0000, 0x0000, 0x0000, 0x0000,
    0x0000, 0x0000, 0x0000, 0x0000, 0x0000, 0x0000, 0x0000, 0x0000, 0x0000, 0x0000, 0x0000, 0x0000,
    0x0000, 0x0000, 0x0000, 0x0000, 0x0000, 0x0000, 0x0000, 0x0000, 0x0000, 0x0000, 0x0000, 0x0000,
    0x0000, 0x0000, 0x0000, 0x0000, 0x0000, 0x0000, 0x0000, 0x0000, 0x0000, 0x0000, 0x0000, 0x0000,
    0x0000, 0x0000, 0x0000, 0x0000, 0x0000, 0x0000, 0x0000, 0x428B, 0x8D17, 0x8D16, 0xADF9, 0xADF9,
    0xADF9, 0xADF9, 0xB619, 0xA598, 0x426B, 0xC69A, 0xD71D, 0xCEDC, 0xD71C, 0xCF1C, 0xCEFC, 0xCF1C,
    0xCF1C, 0xD71D, 0xCEFC, 0x0000, 0x94F4, 0x0000, 0x6988, 0xA24D, 0xA24C, 0xB28D, 0xBAAD, 0xBA8D,
    0xBACE, 0xC30F, 0xCB4F, 0xCB70, 0xD370, 0xD370, 0xD390, 0xD390, 0xD390, 0xDB91, 0xD370, 0x0000,
    0x0000, 0xFEBB, 0xFEBB, 0xD391, 0xC2EE, 0xCB70, 0xB28D, 0xA24C, 0xA24D, 0x5946, 0x0000, 0xADB7,
    0x0000, 0xCEFC, 0xCEFC, 0xCEFC, 0xCEFC, 0xCEFC, 0xCEFC, 0xCF1C, 0xCEFC, 0xD75D, 0xBE5A, 0x4ACC,
    0xADF9, 0xADF9, 0xADD9, 0xADF9, 0xADF9, 0xADF9, 0x84D6, 0x84F6, 0x31E9, 0x0000, 0x0000, 0x0000,
    0x0000, 0x0000, 0x0000, 0x0000, 0x0000, 0x0000, 0x0000, 0x0000, 0x0000, 0x0000, 0x0000, 0x0000,
    0x0000, 0x0000, 0x0000, 0x0000, 0x0000, 0x0000, 0x0000, 0x0000, 0x0000, 0x0000, 0x0000, 0x0000,
    0x0000, 0x0000, 0x0000, 0x0000, 0x0000, 0x0000, 0x0000, 0x0000, 0x0000, 0x0000, 0x0000, 0x0000,
    0x0000, 0x0000, 0x0000, 0x0000, 0x0000, 0x0000, 0x0000, 0x0000, 0x0000, 0x0000, 0x0000, 0x0000,
    0x0000, 0x0000, 0x0000, 0x0000, 0x63B0, 0x84F6, 0x9D57, 0xB619, 0xADF9, 0xADF9, 0xADD8, 0xB63A,
    0x8CF5, 0x6B8F, 0xD73D, 0xCEFC, 0xCEFC, 0xCEFC, 0xCEFC, 0xCEFC, 0xCF1C, 0xCEFC, 0xD71C, 0xCEFC,
    0x0000, 0x8493, 0x0000, 0x5126, 0x9A4C, 0xA24C, 0xAA4C, 0xB28D, 0xBAAD, 0xBACD, 0xC2CE, 0xC30E,
    0xCB0F, 0xCB2F, 0xCB4F, 0xCB4F, 0xD350, 0xD350, 0xCB2F, 0xD432, 0x0000, 0x0000, 0xCBF1, 0xBAAD,
    0xB26C, 0xA22C, 0xA24D, 0x922C, 0x40E4, 0x0000, 0x9D56, 0x0000, 0xCEFC, 0xCF1C, 0xCEFC, 0xCEFC,
    0xCEFC, 0xCEFC, 0xCEFC, 0xCF1C, 0xCF1C, 0xD73D, 0x6BAF, 0x9D57, 0xB63A, 0xADD9, 0xADF9, 0xADF9,
    0xAE19, 0x9537, 0x84F6, 0x5B2E, 0x0000, 0x0000, 0x0000, 0x0000, 0x0000, 0x0000, 0x0000, 0x0000,
    0x0000, 0x0000, 0x0000, 0x0000, 0x0000, 0x0000, 0x0000, 0x0000, 0x0000, 0x0000, 0x0000, 0x0000,
    0x0000, 0x0000, 0x0000, 0x0000, 0x0000, 0x0000, 0x0000, 0x0000, 0x0000, 0x0000, 0x0000, 0x0000,
    0x0000, 0x0000, 0x0000, 0x0000, 0x0000, 0x0000, 0x0000, 0x0000, 0x0000, 0x0000, 0x0000, 0x0000,
    0x0000, 0x0000, 0x0000, 0x0000, 0x0000, 0x0000, 0x0000, 0x0000, 0x0000, 0x0000, 0x0000, 0x0000,
    0x1082, 0x7C54, 0x84D6, 0xA5B8, 0xAE19, 0xADF9, 0xADF9, 0xADF8, 0xBE5A, 0x8493, 0x9514, 0xD73D,
    0xCEDC, 0xCEFC, 0xCEFC, 0xCEFC, 0xCEFC, 0xCEFC, 0xCEFC, 0xCEFC, 0xCEFC, 0x0000, 0x7C73, 0x0882,
    0x2062, 0x6988, 0x9A2C, 0xA24C, 0xAA4C, 0xAA6D, 0xB26D, 0xB28D, 0xBAAD, 0xBAAD, 0xBAAD, 0xBAAD,
    0xBAAD, 0xBAAD, 0xBAAD, 0xB26C, 0xAA4C, 0xAA2B, 0xA22B, 0xA24C, 0xA24D, 0x922C, 0x6168, 0x1841,
    0x10C3, 0x9536, 0x0000, 0xCEFC, 0xCF1C, 0xCF1C, 0xCF1C, 0xCEFC, 0xCEFC, 0xCEFC, 0xCEFC, 0xCF1C,
    0x0000, 0x9515, 0x8CD4, 0xB65A, 0xADD9, 0xADF9, 0xADF9, 0xAE19, 0xA597, 0x84D5, 0x7432, 0x0000,
    0x0000, 0x0000, 0x0000, 0x0000, 0x0000, 0x0000, 0x0000, 0x0000, 0x0000, 0x0000, 0x0000, 0x0000,
    0x0000, 0x0000, 0x0000, 0x0000, 0x0000, 0x0000, 0x0000, 0x0000, 0x0000, 0x0000, 0x0000, 0x0000,
    0x0000, 0x0000, 0x0000, 0x0000, 0x0000, 0x0000, 0x0000, 0x0000, 0x0000, 0x0000, 0x0000, 0x0000,
    0x0000, 0x0000, 0x0000, 0x0000, 0x0000, 0x0000, 0x0000, 0x0000, 0x0000, 0x0000, 0x0000, 0x0000,
    0x0000, 0x0000, 0x0000, 0x0000, 0x0000, 0x0000, 0x0000, 0x0000, 0x0000, 0x2146, 0x84D6, 0x8CF6,
    0xADF9, 0xAE19, 0xADF9, 0xADF9, 0xADF9, 0xB63A, 0x8CD4, 0xB639, 0xCF1D, 0xCEFC, 0xCEFC, 0xCEFC,
    0xCEFC, 0xCEFC, 0xCEFC, 0xCEFC, 0xCEFC, 0xCEFC, 0xD71D, 0x8CF5, 0x31E9, 0x0000, 0x1821, 0x4905,
    0x71A9, 0x89EB, 0x9A2C, 0xA24C, 0xAA6D, 0xAA6D, 0xAA6D, 0xAA6D, 0xAA6D, 0xAA6D, 0xAA4D, 0xA24C,
    0x9A4C, 0x9A2C, 0x8A0B, 0x6989, 0x40E5, 0x1021, 0x0000, 0x3A4A, 0x9D57, 0xD73D, 0xCEFC, 0xCF1C,
    0xCF1C, 0xCF1C, 0xD71D, 0xCEFC, 0xCEFC, 0xCEFC, 0xCEFC, 0xD73D, 0xBE5A, 0x9536, 0xB63A, 0xADF9,
    0xADF9, 0xADF9, 0xADF9, 0xADD8, 0x84F6, 0x7C94, 0x18E4, 0x0000, 0x0000, 0x0000, 0x0000, 0x0000,
    0x0000, 0x0000, 0x0000, 0x0000, 0x0000, 0x0000, 0x0000, 0x0000, 0x0000, 0x0000, 0x0000, 0x0000,
    0x0000, 0x0000, 0x0000, 0x0000, 0x0000, 0x0000, 0x0000, 0x0000, 0x0000, 0x0000, 0x0000, 0x0000,
    0x0000, 0x0000, 0x0000, 0x0000, 0x0000, 0x0000, 0x0000, 0x0000, 0x0000, 0x0000, 0x0000, 0x0000,
    0x0000, 0x0000, 0x0000, 0x0000, 0x0000, 0x0000, 0x0000, 0x0000, 0x0000, 0x0000, 0x0000, 0x0000,
    0x0000, 0x0000, 0x0000, 0x0000, 0x0000, 0x0000, 0x3A09, 0x8CF7, 0x9517, 0xB619, 0xADF9, 0xADF9,
    0xADF9, 0xAE19, 0xB619, 0xADD8, 0xCEFC, 0xCEFC, 0xCEDC, 0xCEDC, 0xCEFC, 0xCF1C, 0xCEFC, 0xCEFC,
    0xCEFC, 0xCEFC, 0xD71C, 0xC6BC, 0x9537, 0x6C12, 0x3A4A, 0x10C3, 0x0000, 0x0000, 0x2041, 0x3083,
    0x40C5, 0x5105, 0x5126, 0x5926, 0x5926, 0x5106, 0x48E5, 0x38A4, 0x2862, 0x1821, 0x0000, 0x0000,
    0x1904, 0x42AC, 0x7433, 0x9578, 0xCEFC, 0xCF1C, 0xCEFC, 0xCF1C, 0xCEFC, 0xCEFC, 0xCEFC, 0xCF1C,
    0xCEFC, 0xCEFC, 0xCF1D, 0xCEDC, 0xADD8, 0xB619, 0xADF9, 0xADF9, 0xADF9, 0xADF9, 0xADF9, 0x8D16,
    0x84D6, 0x29A7, 0x0000, 0x0000, 0x0000, 0x0000, 0x0000, 0x0000, 0x0000, 0x0000, 0x0000, 0x0000,
    0x0000, 0x0000, 0x0000, 0x0000, 0x0000, 0x0000, 0x0000, 0x0000, 0x0000, 0x0000, 0x0000, 0x0000,
    0x0000, 0x0000, 0x0000, 0x0000, 0x0000, 0x0000, 0x0000, 0x0000, 0x0000, 0x0000, 0x0000, 0x0000,
    0x0000, 0x0000, 0x0000, 0x0000, 0x0000, 0x0000, 0x0000, 0x0000, 0x0000, 0x0000, 0x0000, 0x0000,
    0x0000, 0x0000, 0x0000, 0x0000, 0x0000, 0x0000, 0x0000, 0x0000, 0x0000, 0x0000, 0x0000, 0x0000,
    0x0000, 0x0000, 0x0000, 0x4AAC, 0x8CF7, 0x9557, 0xAE19, 0xADF9, 0xADF9, 0xB619, 0xB619, 0xAE19,
    0xBE7A, 0xCEFC, 0xC6DC, 0xCEFC, 0xCEFC, 0xCF1C, 0xCEFC, 0xCEFC, 0xCEFC, 0xCEFC, 0xCEFC, 0xD71D,
    0xC69B, 0x8D16, 0x84D6, 0x84B6, 0x7412, 0x532E, 0x3A4A, 0x2186, 0x1904, 0x10C3, 0x08A3, 0x08A3,
    0x10A3, 0x10C3, 0x10E4, 0x1945, 0x29A8, 0x3A6B, 0x5B4F, 0x7C53, 0x8CF6, 0x84D6, 0x9557, 0xCEDC,
    0xCF1C, 0xCEFC, 0xCF1C, 0xCF1C, 0xCF1C, 0xCEFC, 0xCEFC, 0xCF1C, 0xCEFC, 0xCEDC, 0xCF1C, 0xBE7A,
    0xAE19, 0xADF9, 0xADF9, 0xADF9, 0xADF9, 0xADF9, 0x9557, 0x8CF6, 0x3A2A, 0x0000, 0x0000, 0x0000,
    0x0000, 0x0000, 0x0000, 0x0000, 0x0000, 0x0000, 0x0000, 0x0000, 0x0000, 0x0000, 0x0000, 0x0000,
    0x0000, 0x0000, 0x0000, 0x0000, 0x0000, 0x0000, 0x0000, 0x0000, 0x0000, 0x0000, 0x0000, 0x0000,
    0x0000, 0x0000, 0x0000, 0x0000, 0x0000, 0x0000, 0x0000, 0x0000, 0x0000, 0x0000, 0x0000, 0x0000,
    0x0000, 0x0000, 0x0000, 0x0000, 0x0000, 0x0000, 0x0000, 0x0000, 0x0000, 0x0000, 0x0000, 0x0000,
    0x0000, 0x0000, 0x0000, 0x0000, 0x0000, 0x0000, 0x0000, 0x0000, 0x0000, 0x0000, 0x0000, 0x0000,
    0x5B2E, 0x8CF7, 0x9D97, 0xAE19, 0xADF9, 0xB619, 0xB619, 0xADF9, 0xAE19, 0xC6BB, 0xCEFC, 0xCEFC,
    0xCEFC, 0xCEFC, 0xCF1C, 0xCF1C, 0xD71D, 0xCEFC, 0xCEFC, 0xCEFC, 0xD71D, 0xCEDC, 0x9557, 0x7C74,
    0x84B5, 0x8D17, 0x9578, 0x8D17, 0x8494, 0x7412, 0x6390, 0x5B4F, 0x636F, 0x6BD1, 0x7C53, 0x84D5,
    0x8D17, 0x9558, 0x8CF6, 0x7CB5, 0x7C95, 0x9D98, 0xCEFC, 0xD71C, 0xCEFC, 0xCEFC, 0xCF1C, 0xCF1C,
    0xCEFC, 0xCF1C, 0xCEFC, 0xCEFC, 0xCEFC, 0xCEDC, 0xBE9B, 0xB619, 0xAE19, 0xADF9, 0xADF9, 0xADF9,
    0xAE19, 0x9D77, 0x8D16, 0x4AAB, 0x0000, 0x0000, 0x0000, 0x0000, 0x0000, 0x0000, 0x0000, 0x0000,
    0x0000, 0x0000, 0x0000, 0x0000, 0x0000, 0x0000, 0x0000, 0x0000, 0x0000, 0x0000, 0x0000, 0x0000,
    0x0000, 0x0000, 0x0000, 0x0000, 0x0000, 0x0000, 0x0000, 0x0000, 0x0000, 0x0000, 0x0000, 0x0000,
    0x0000, 0x0000, 0x0000, 0x0000, 0x0000, 0x0000, 0x0000, 0x0000, 0x0000, 0x0000, 0x0000, 0x0000,
    0x0000, 0x0000, 0x0000, 0x0000, 0x0000, 0x0000, 0x0000, 0x0000, 0x0000, 0x0000, 0x0000, 0x0000,
    0x0000, 0x0000, 0x0000, 0x0000, 0x0000, 0x0000, 0x0000, 0x0000, 0x0000, 0x6370, 0x8D17, 0xA5B8,
    0xB619, 0xADF9, 0xADF9, 0xAE19, 0xB619, 0xB639, 0xC6DC, 0xCEFC, 0xCEFC, 0xCEFC, 0xCF1C, 0xCEFC,
    0xCEFC, 0xCEFC, 0xCEFC, 0xCEFC, 0xCEFC, 0xCEFC, 0xCF1C, 0xB63A, 0x9536, 0x7433, 0x3A29, 0x2125,
    0x0862, 0x0000, 0x0000, 0x0000, 0x0000, 0x0000, 0x0000, 0x10A2, 0x2145, 0x424A, 0x7C53, 0x9537,
    0xBE5A, 0xD71D, 0xCEFC, 0xCEFC, 0xCEFC, 0xCEFC, 0xCF1C, 0xCEFC, 0xCEFC, 0xCEFC, 0xCEFC, 0xCEFC,
    0xCEFC, 0xC6BB, 0xAE19, 0xAE19, 0xADF9, 0xAE19, 0xADF9, 0xAE19, 0x9D98, 0x8D37, 0x530E, 0x0000,
    0x0000, 0x0000, 0x0000, 0x0000, 0x0000, 0x0000, 0x0000, 0x0000, 0x0000, 0x0000, 0x0000, 0x0000,
    0x0000, 0x0000, 0x0000, 0x0000, 0x0000, 0x0000, 0x0000, 0x0000, 0x0000, 0x0000, 0x0000, 0x0000,
    0x0000, 0x0000, 0x0000, 0x0000, 0x0000, 0x0000, 0x0000, 0x0000, 0x0000, 0x0000, 0x0000, 0x0000,
    0x0000, 0x0000, 0x0000, 0x0000, 0x0000, 0x0000, 0x0000, 0x0000, 0x0000, 0x0000, 0x0000, 0x0000,
    0x0000, 0x0000, 0x0000, 0x0000, 0x0000, 0x0000, 0x0000, 0x0000, 0x0000, 0x0000, 0x0000, 0x0000,
    0x0000, 0x0000, 0x0000, 0x0000, 0x0000, 0x0000, 0x63B1, 0x8D37, 0xA5D8, 0xB619, 0xAE19, 0xAE19,
    0xB619, 0xB639, 0xB65A, 0xCEFC, 0xCF1C, 0xCEFC, 0xCEFC, 0xCEFC, 0xCEFC, 0xCEFC, 0xCEFC, 0xCEFC,
    0xCEFC, 0xCEFC, 0xD71D, 0xD71D, 0xBE9C, 0x7432, 0x0000, 0x0000, 0x0000, 0x0000, 0x0000, 0x0000,
    0x0000, 0x0000, 0x0000, 0x0000, 0x0000, 0x0000, 0x7C73, 0xBE9C, 0xD73D, 0xD73D, 0xCEFC, 0xCEFC,
    0xCF1C, 0xD71D, 0xCF1C, 0xCF1C, 0xCF1C, 0xCEFC, 0xCF1D, 0xD73D, 0xCEFC, 0xB639, 0xB619, 0xB619,
    0xAE19, 0xADF9, 0xAE19, 0xA598, 0x8D17, 0x5B4E, 0x0000, 0x0000, 0x0000, 0x0000, 0x0000, 0x0000,
    0x0000, 0x0000, 0x0000, 0x0000, 0x0000, 0x0000, 0x0000, 0x0000, 0x0000, 0x0000, 0x0000, 0x0000,
    0x0000, 0x0000, 0x0000, 0x0000, 0x0000, 0x0000, 0x0000, 0x0000, 0x0000, 0x0000, 0x0000, 0x0000,
    0x0000, 0x0000, 0x0000, 0x0000, 0x0000, 0x0000, 0x0000, 0x0000, 0x0000, 0x0000, 0x0000, 0x0000,
    0x0000, 0x0000, 0x0000, 0x0000, 0x0000, 0x0000, 0x0000, 0x0000, 0x0000, 0x0000, 0x0000, 0x0000,
    0x0000, 0x0000, 0x0000, 0x0000, 0x0000, 0x0000, 0x0000, 0x0000, 0x0000, 0x0000, 0x0000, 0x0000,
    0x0000, 0x0000, 0x0000, 0x6BD1, 0x9557, 0xADF8, 0xAE19, 0xAE19, 0xAE19, 0xB63A, 0xB639, 0xB63A,
    0xCEDC, 0xD71C, 0xCEFC, 0xCEFC, 0xCEFC, 0xCEFC, 0xCEFC, 0xCEFC, 0xCEFC, 0xC6BC, 0xA5B8, 0x7453,
    0x5B2F, 0x426B, 0x0000, 0x0000, 0x0000, 0x0000, 0x0000, 0x0000, 0x0000, 0x0000, 0x0000, 0x0000,
    0x0000, 0x0000, 0x428B, 0x530E, 0x7C53, 0xADF9, 0xCEFC, 0xD71C, 0xD71D, 0xD71D, 0xCF1C, 0xCEFC,
    0xCEFC, 0xCEFC, 0xCF1D, 0xC6DC, 0xB639, 0xB639, 0xB619, 0xAE19, 0xADF9, 0xB619, 0xA5B8, 0x8D37,
    0x5B6F, 0x0000, 0x0000, 0x0000, 0x0000, 0x0000, 0x0000, 0x0000, 0x0000, 0x0000, 0x0000, 0x0000,
    0x0000, 0x0000, 0x0000, 0x0000, 0x0000, 0x0000, 0x0000, 0x0000, 0x0000, 0x0000, 0x0000, 0x0000,
    0x0000, 0x0000, 0x0000, 0x0000, 0x0000, 0x0000, 0x0000, 0x0000, 0x0000, 0x0000, 0x0000, 0x0000,
    0x0000, 0x0000, 0x0000, 0x0000, 0x0000, 0x0000, 0x0000, 0x0000, 0x0000, 0x0000, 0x0000, 0x0000,
    0x0000, 0x0000, 0x0000, 0x0000, 0x0000, 0x0000, 0x0000, 0x0000, 0x0000, 0x0000, 0x0000, 0x0000,
    0x0000, 0x0000, 0x0000, 0x0000, 0x0000, 0x0000, 0x0000, 0x0000, 0x0000, 0x0000, 0x0000, 0x0000,
    0x6BF2, 0x9557, 0xADD8, 0xAE19, 0xADF9, 0xAE19, 0xB619, 0xB619, 0xB619, 0xC69B, 0xCEFC, 0xCF1C,
    0xCF1C, 0xCF1C, 0xCEFC, 0xCEFC, 0xC69B, 0x9556, 0x8493, 0x8C93, 0x94D3, 0xB5F8, 0x52AB, 0x0000,
    0x0000, 0x0000, 0x0000, 0x0000, 0x0000, 0x0000, 0x0000, 0x0000, 0x0000, 0x6B4D, 0xB5D7, 0x8CB3,
    0x8452, 0x8493, 0xA5B8, 0xC6BC, 0xD71D, 0xD71D, 0xCF1C, 0xCEFC, 0xCF1C, 0xCEFC, 0xBE9B, 0xB619,
    0xB63A, 0xB619, 0xB619, 0xADF9, 0xB619, 0xADD8, 0x9557, 0x636F, 0x0000, 0x0000, 0x0000, 0x0000,
    0x0000, 0x0000, 0x0000, 0x0000, 0x0000, 0x0000, 0x0000, 0x0000, 0x0000, 0x0000, 0x0000, 0x0000,
    0x0000, 0x0000, 0x0000, 0x0000, 0x0000, 0x0000, 0x0000, 0x0000, 0x0000, 0x0000, 0x0000, 0x0000,
    0x0000, 0x0000, 0x0000, 0x0000, 0x0000, 0x0000, 0x0000, 0x0000, 0x0000, 0x0000, 0x0000, 0x0000,
    0x0000, 0x0000, 0x0000, 0x0000, 0x0000, 0x0000, 0x0000, 0x0000, 0x0000, 0x0000, 0x0000, 0x0000,
    0x0000, 0x0000, 0x0000, 0x0000, 0x0000, 0x0000, 0x0000, 0x0000, 0x0000, 0x0000, 0x0000, 0x0000,
    0x0000, 0x0000, 0x0000, 0x0000, 0x0000, 0x0000, 0x0000, 0x0000, 0x0000, 0x6BD1, 0x9558, 0xA5D8,
    0xADF9, 0xAE19, 0xB619, 0xAE19, 0xAE19, 0xB619, 0xB65A, 0xBE9B, 0xC6BB, 0xCEFC, 0xCEFC, 0xCEFC,
    0xCEFC, 0xD6FC, 0xD73D, 0x0000, 0x0000, 0x0000, 0x0000, 0x0000, 0x0000, 0x0000, 0x0000, 0x0000,
    0x0000, 0x0000, 0x0000, 0x0000, 0x0000, 0xC639, 0x0000, 0x0000, 0x0000, 0xD73D, 0xCEFC, 0xCEFC,
    0xCEFC, 0xCEFC, 0xC6BB, 0xC69B, 0xBE9B, 0xB65A, 0xB61A, 0xB619, 0xB619, 0xB619, 0xB619, 0xB619,
    0xA5D8, 0x9537, 0x636F, 0x0000, 0x0000, 0x0000, 0x0000, 0x0000, 0x0000, 0x0000, 0x0000, 0x0000,
    0x0000, 0x0000, 0x0000, 0x0000, 0x0000, 0x0000, 0x0000, 0x0000, 0x0000, 0x0000, 0x0000, 0x0000,
    0x0000, 0x0000, 0x0000, 0x0000, 0x0000, 0x0000, 0x0000, 0x0000, 0x0000, 0x0000, 0x0000, 0x0000,
    0x0000, 0x0000, 0x0000, 0x0000, 0x0000, 0x0000, 0x0000, 0x0000, 0x0000, 0x0000, 0x0000, 0x0000,
    0x0000, 0x0000, 0x0000, 0x0000, 0x0000, 0x0000, 0x0000, 0x0000, 0x0000, 0x0000, 0x0000, 0x0000,
    0x0000, 0x0000, 0x0000, 0x0000, 0x0000, 0x0000, 0x0000, 0x0000, 0x0000, 0x0000, 0x0000, 0x0000,
    0x0000, 0x0000, 0x0000, 0x0000, 0x0000, 0x0000, 0x6BD1, 0x9558, 0xA5D8, 0xADF9, 0xAE19, 0xAE19,
    0xAE19, 0xB619, 0xB619, 0xB619, 0xB65A, 0xCEDC, 0xCEFC, 0xCEFC, 0xD71C, 0xD71D, 0xD73D, 0x0000,
    0x0000, 0x0000, 0x0000, 0x10C3, 0x0000, 0x0000, 0x0000, 0x0000, 0x0000, 0x0000, 0x0000, 0x0000,
    0x2945, 0x0000, 0x0000, 0x0000, 0x0000, 0xD71C, 0xCF1C, 0xD71C, 0xCEFC, 0xCEFC, 0xC6DC, 0xB639,
    0xAE19, 0xB619, 0xB619, 0xADF9, 0xB61A, 0xB61A, 0xB619, 0xA5D8, 0x8D37, 0x6370, 0x0000, 0x0000,
    0x0000, 0x0000, 0x0000, 0x0000, 0x0000, 0x0000, 0x0000, 0x0000, 0x0000, 0x0000, 0x0000, 0x0000,
    0x0000, 0x0000, 0x0000, 0x0000, 0x0000, 0x0000, 0x0000, 0x0000, 0x0000, 0x0000, 0x0000, 0x0000,
    0x0000, 0x0000, 0x0000, 0x0000, 0x0000, 0x0000, 0x0000, 0x0000, 0x0000, 0x0000, 0x0000, 0x0000,
    0x0000, 0x0000, 0x0000, 0x0000, 0x0000, 0x0000, 0x0000, 0x0000, 0x0000, 0x0000, 0x0000, 0x0000,
    0x0000, 0x0000, 0x0000, 0x0000, 0x0000, 0x0000, 0x0000, 0x0000, 0x0000, 0x0000, 0x0000, 0x0000,
    0x0000, 0x0000, 0x0000, 0x0000, 0x0000, 0x0000, 0x0000, 0x0000, 0x0000, 0x0000, 0x0000, 0x0000,
    0x0000, 0x0000, 0x0000, 0x6BF2, 0x9558, 0xA5D8, 0xAE19, 0xAE19, 0xB619, 0xAE19, 0xB639, 0xB639,
    0xC6BB, 0xCEFC, 0xCEDC, 0xCEFC, 0xD71C, 0xD71D, 0x0000, 0x0000, 0x0000, 0x0000, 0x0000, 0x52AA,
    0x0000, 0x0000, 0x0000, 0x0000, 0x0000, 0x0000, 0x0000, 0x0000, 0x6B6D, 0x0000, 0x0000, 0x0000,
    0x0000, 0x0000, 0xD71C, 0xCF1C, 0xCF1C, 0xCEFC, 0xCEFC, 0xC6BB, 0xB619, 0xB619, 0xADF9, 0xADF9,
    0xADF9, 0xADF9, 0xA5B8, 0x9537, 0x5B6F, 0x0000, 0x0000, 0x0000, 0x0000, 0x0000, 0x0000, 0x0000,
    0x0000, 0x0000, 0x0000, 0x0000, 0x0000, 0x0000, 0x0000, 0x0000, 0x0000, 0x0000, 0x0000, 0x0000,
    0x0000, 0x0000, 0x0000, 0x0000, 0x0000, 0x0000, 0x0000, 0x0000, 0x0000, 0x0000, 0x0000, 0x0000,
    0x0000, 0x0000, 0x0000, 0x0000, 0x0000, 0x0000, 0x0000, 0x0000, 0x0000, 0x0000, 0x0000, 0x0000,
    0x0000, 0x0000, 0x0000, 0x0000, 0x0000, 0x0000, 0x0000, 0x0000, 0x0000, 0x0000, 0x0000, 0x0000,
    0x0000, 0x0000, 0x0000, 0x0000, 0x0000, 0x0000, 0x0000, 0x0000, 0x0000, 0x0000, 0x0000, 0x0000,
    0x0000, 0x0000, 0x0000, 0x0000, 0x0000, 0x0000, 0x0000, 0x0000, 0x0000, 0x0000, 0x0000, 0x0000,
    0x6BD1, 0x9578, 0xADD8, 0xAE19, 0xADF9, 0xB619, 0xAE19, 0xB619, 0xCEFC, 0xCEFC, 0xCEFC, 0xCEDC,
    0xCEFC, 0x0000, 0x0000, 0x0000, 0x0000, 0x0000, 0x0000, 0x94B3, 0x0000, 0x0000, 0x0000, 0x0000,
    0x0000, 0x0000, 0x0000, 0x0000, 0x0000, 0x0000, 0x0000, 0x0000, 0x0000, 0x0000, 0x0000, 0xCF1C,
    0xCF1C, 0xCEFC, 0xCEFC, 0xC6BB, 0xAE19, 0xADF9, 0xAE19, 0xADF9, 0xADF9, 0xA5B8, 0x9537, 0x5B4F,
    0x0000, 0x0000, 0x0000, 0x0000, 0x0000, 0x0000, 0x0000, 0x0000, 0x0000, 0x0000, 0x0000, 0x0000,
    0x0000, 0x0000, 0x0000, 0x0000, 0x0000, 0x0000, 0x0000, 0x0000, 0x0000, 0x0000, 0x0000, 0x0000,
    0x0000, 0x0000, 0x0000, 0x0000, 0x0000, 0x0000, 0x0000, 0x0000, 0x0000, 0x0000, 0x0000, 0x0000,
    0x0000, 0x0000, 0x0000, 0x0000, 0x0000, 0x0000, 0x0000, 0x0000, 0x0000, 0x0000, 0x0000, 0x0000,
    0x0000, 0x0000, 0x0000, 0x0000, 0x0000, 0x0000, 0x0000, 0x0000, 0x0000, 0x0000, 0x0000, 0x0000,
    0x0000, 0x0000, 0x0000, 0x0000, 0x0000, 0x0000, 0x0000, 0x0000, 0x0000, 0x0000, 0x0000, 0x0000,
    0x0000, 0x0000, 0x0000, 0x0000, 0x0000, 0x0000, 0x0000, 0x0000, 0x0000, 0x6BD1, 0x9D78, 0xA5D8,
    0xAE19, 0xA5D9, 0xADD9, 0xADF9, 0xC6BB, 0xCEDC, 0xCF1C, 0xCEFC, 0xCEFC, 0x0000, 0x0000, 0x0000,
    0x0000, 0x0000, 0x0000, 0xCE7A, 0x0000, 0x0000, 0x0000, 0x0000, 0x0000, 0x0000, 0x0000, 0x1082,
    0x0000, 0x0000, 0x0000, 0x0000, 0x0000, 0x0000, 0x0000, 0xD71C, 0xD71C, 0xCF1C, 0xCEFC, 0xC6BB,
    0xAE19, 0xAE19, 0xADF9, 0xB619, 0xA5B8, 0x9537, 0x5B2F, 0x0000, 0x0000, 0x0000, 0x0000, 0x0000,
    0x0000, 0x0000, 0x0000, 0x0000, 0x0000, 0x0000, 0x0000, 0x0000, 0x0000, 0x0000, 0x0000, 0x0000,
    0x0000, 0x0000, 0x0000, 0x0000, 0x0000, 0x0000, 0x0000, 0x0000, 0x0000, 0x0000, 0x0000, 0x0000,
    0x0000, 0x0000, 0x0000, 0x0000, 0x0000, 0x0000, 0x0000, 0x0000, 0x0000, 0x0000, 0x0000, 0x0000,
    0x0000, 0x0000, 0x0000, 0x0000, 0x0000, 0x0000, 0x0000, 0x0000, 0x0000, 0x0000, 0x0000, 0x0000,
    0x0000, 0x0000, 0x0000, 0x0000, 0x0000, 0x0000, 0x0000, 0x0000, 0x0000, 0x0000, 0x0000, 0x0000,
    0x0000, 0x0000, 0x0000, 0x0000, 0x0000, 0x0000, 0x0000, 0x0000, 0x0000, 0x0000, 0x0000, 0x0000,
    0x0000, 0x0000, 0x0000, 0x0000, 0x0000, 0x0000, 0x6390, 0x9558, 0xA5D8, 0xAE19, 0xA5B8, 0xA5B8,
    0xBE7A, 0xCF1C, 0xCF1C, 0xCF1C, 0xD71C, 0x0000, 0x0000, 0x0000, 0x0000, 0x0000, 0x0000, 0x0000,
    0x2986, 0x0000, 0x0000, 0x0000, 0x0000, 0x0000, 0x0000, 0x3A08, 0x0000, 0x0000, 0x0000, 0x0000,
    0x0000, 0x0000, 0x0000, 0xD71C, 0xCF1C, 0xCF1C, 0xCF1C, 0xBE7A, 0xADF9, 0xADF9, 0xAE19, 0x9D98,
    0x8D37, 0x530E, 0x0000, 0x0000, 0x0000, 0x0000, 0x0000, 0x0000, 0x0000, 0x0000, 0x0000, 0x0000,
    0x0000, 0x0000, 0x0000, 0x0000, 0x0000, 0x0000, 0x0000, 0x0000, 0x0000, 0x0000, 0x0000, 0x0000,
    0x0000, 0x0000, 0x0000, 0x0000, 0x0000, 0x0000, 0x0000, 0x0000, 0x0000, 0x0000, 0x0000, 0x0000,
    0x0000, 0x0000, 0x0000, 0x0000, 0x0000, 0x0000, 0x0000, 0x0000, 0x0000, 0x0000, 0x0000, 0x0000,
    0x0000, 0x0000, 0x0000, 0x0000, 0x0000, 0x0000, 0x0000, 0x0000, 0x0000, 0x0000, 0x0000, 0x0000,
    0x0000, 0x0000, 0x0000, 0x0000, 0x0000, 0x0000, 0x0000, 0x0000, 0x0000, 0x0000, 0x0000, 0x0000,
    0x0000, 0x0000, 0x0000, 0x0000, 0x0000, 0x0000, 0x0000, 0x0000, 0x0000, 0x0000, 0x0000, 0x0000,
    0x0000, 0x0000, 0x0000, 0x5B6F, 0x9557, 0x9D98, 0xB619, 0xADF9, 0xB639, 0xCEFC, 0xD71C, 0xCF1C,
    0xD73C, 0xD73D, 0x0000, 0x0000, 0x0000, 0x0000, 0x0000, 0x0000, 0x634D, 0x0000, 0x0000, 0x0000,
    0x0000, 0x0000, 0x0000, 0x73CF, 0x0000, 0x0000, 0x0000, 0x0000, 0x0000, 0x0000, 0xD73D, 0xD71C,
    0xCEFC, 0xCEFC, 0xCEDC, 0xB619, 0xADF9, 0xB619, 0x9D78, 0x8D17, 0x52ED, 0x0000, 0x0000, 0x0000,
    0x0000, 0x0000, 0x0000, 0x0000, 0x0000, 0x0000, 0x0000, 0x0000, 0x0000, 0x0000, 0x0000, 0x0000,
    0x0000, 0x0000, 0x0000, 0x0000, 0x0000, 0x0000, 0x0000, 0x0000, 0x0000, 0x0000, 0x0000, 0x0000,
    0x0000, 0x0000, 0x0000, 0x0000, 0x0000, 0x0000, 0x0000, 0x0000, 0x0000, 0x0000, 0x0000, 0x0000,
    0x0000, 0x0000, 0x0000, 0x0000, 0x0000, 0x0000, 0x0000, 0x0000, 0x0000, 0x0000, 0x0000, 0x0000,
    0x0000, 0x0000, 0x0000, 0x0000, 0x0000, 0x0000, 0x0000, 0x0000, 0x0000, 0x0000, 0x0000, 0x0000,
    0x0000, 0x0000, 0x0000, 0x0000, 0x0000, 0x0000, 0x0000, 0x0000, 0x0000, 0x0000, 0x0000, 0x0000,
    0x0000, 0x0000, 0x0000, 0x0000, 0x0000, 0x0000, 0x0000, 0x0000, 0x0000, 0x0000, 0x0000, 0x0000,
    0x5B2E, 0x8D17, 0x9D77, 0xB619, 0xADF9, 0xB65A, 0xCF1C, 0xCF1C, 0xCEFC, 0xD73D, 0xD73D, 0x0000,
    0x0000, 0x0000, 0x0000, 0x0000, 0x9D14, 0x0000, 0x0000, 0x0000, 0x0000, 0x0000, 0x0000, 0xAD96,
    0x0000, 0x0000, 0x0000, 0x0000, 0x0000, 0xD73D, 0xCF1C, 0xCF1C, 0xCF1C, 0xCEFC, 0xB639, 0xAE19,
    0xB619, 0x9557, 0x8CF6, 0x4AAC, 0x0000, 0x0000, 0x0000, 0x0000, 0x0000, 0x0000, 0x0000, 0x0000,
    0x0000, 0x0000, 0x0000, 0x0000, 0x0000, 0x0000, 0x0000, 0x0000, 0x0000, 0x0000, 0x0000, 0x0000,
    0x0000, 0x0000, 0x0000, 0x0000, 0x0000, 0x0000, 0x0000, 0x0000, 0x0000, 0x0000, 0x0000, 0x0000,
    0x0000, 0x0000, 0x0000, 0x0000, 0x0000, 0x0000, 0x0000, 0x0000, 0x0000, 0x0000, 0x0000, 0x0000,
    0x0000, 0x0000, 0x0000, 0x0000, 0x0000, 0x0000, 0x0000, 0x0000, 0x0000, 0x0000, 0x0000, 0x0000,
    0x0000, 0x0000, 0x0000, 0x0000, 0x0000, 0x0000, 0x0000, 0x0000, 0x0000, 0x0000, 0x0000, 0x0000,
    0x0000, 0x0000, 0x0000, 0x0000, 0x0000, 0x0000, 0x0000, 0x0000, 0x0000, 0x0000, 0x0000, 0x0000,
    0x0000, 0x0000, 0x0000, 0x0000, 0x0000, 0x0000, 0x0000, 0x0000, 0x0000, 0x52ED, 0x8D17, 0x9537,
    0xADF9, 0xB619, 0xBE5A, 0xCEFC, 0xD71D, 0xD71C, 0xD71C, 0xD73D, 0x0000, 0x0000, 0x0000, 0x0000,
    0xCE9A, 0x0000, 0x0000, 0x0000, 0x0000, 0x0000, 0x1082, 0xD6FB, 0x0000, 0x0000, 0x0000, 0x0000,
    0xD73D, 0xCF1C, 0xCEFC, 0xCEFC, 0xC6DC, 0xB619, 0xAE19, 0xADD8, 0x8D16, 0x84D6, 0x426B, 0x0000,
    0x0000, 0x0000, 0x0000, 0x0000, 0x0000, 0x0000, 0x0000, 0x0000, 0x0000, 0x0000, 0x0000, 0x0000,
    0x0000, 0x0000, 0x0000, 0x0000, 0x0000, 0x0000, 0x0000, 0x0000, 0x0000, 0x0000, 0x0000, 0x0000,
    0x0000, 0x0000, 0x0000, 0x0000, 0x0000, 0x0000, 0x0000, 0x0000, 0x0000, 0x0000, 0x0000, 0x0000,
    0x0000, 0x0000, 0x0000, 0x0000, 0x0000, 0x0000, 0x0000, 0x0000, 0x0000, 0x0000, 0x0000, 0x0000,
    0x0000, 0x0000, 0x0000, 0x0000, 0x0000, 0x0000, 0x0000, 0x0000, 0x0000, 0x0000, 0x0000, 0x0000,
    0x0000, 0x0000, 0x0000, 0x0000, 0x0000, 0x0000, 0x0000, 0x0000, 0x0000, 0x0000, 0x0000, 0x0000,
    0x0000, 0x0000, 0x0000, 0x0000, 0x0000, 0x0000, 0x0000, 0x0000, 0x0000, 0x0000, 0x0000, 0x0000,
    0x0000, 0x0000, 0x0000, 0x0000, 0x0000, 0x0000, 0x428B, 0x8CF6, 0x8D16, 0xA5D8, 0xB63A, 0xB63A,
    0xC6BB, 0xCEFC, 0xD71C, 0xD71C, 0xD71C, 0xD73D, 0xD73D, 0x0000, 0x0000, 0x2945, 0x0000, 0x0000,
    0x0000, 0x0000, 0x39E8, 0x0000, 0x0000, 0x0000, 0xD73D, 0xD71C, 0xD71D, 0xD71D, 0xCEFC, 0xBE7A,
    0xAE19, 0xADF9, 0x9D77, 0x8CF6, 0x84D6, 0x31E9, 0x0000, 0x0000, 0x0000, 0x0000, 0x0000, 0x0000,
    0x0000, 0x0000, 0x0000, 0x0000, 0x0000, 0x0000, 0x0000, 0x0000, 0x0000, 0x0000, 0x0000, 0x0000,
    0x0000, 0x0000, 0x0000, 0x0000, 0x0000, 0x0000, 0x0000, 0x0000, 0x0000, 0x0000, 0x0000, 0x0000,
    0x0000, 0x0000, 0x0000, 0x0000, 0x0000, 0x0000, 0x0000, 0x0000, 0x0000, 0x0000, 0x0000, 0x0000,
    0x0000, 0x0000, 0x0000, 0x0000, 0x0000, 0x0000, 0x0000, 0x0000, 0x0000, 0x0000, 0x0000, 0x0000,
    0x0000, 0x0000, 0x0000, 0x0000, 0x0000, 0x0000, 0x0000, 0x0000, 0x0000, 0x0000, 0x0000, 0x0000,
    0x0000, 0x0000, 0x0000, 0x0000, 0x0000, 0x0000, 0x0000, 0x0000, 0x0000, 0x0000, 0x0000, 0x0000,
    0x0000, 0x0000, 0x0000, 0x0000, 0x0000, 0x0000, 0x0000, 0x0000, 0x0000, 0x0000, 0x0000, 0x0000,
    0x0000, 0x0000, 0x0000, 0x31C8, 0x84B5, 0x8CF6, 0x9557, 0xADF9, 0xB619, 0xBE5A, 0xC6BB, 0xCEFC,
    0xD71C, 0xD71C, 0xCF1C, 0xCEFC, 0x0000, 0x52EB, 0x0000, 0x0000, 0x0000, 0x0000, 0x6B6E, 0x0000,
    0xCF1C, 0xCF1C, 0xD71C, 0xCF1C, 0xCEFC, 0xC69B, 0xB639, 0xAE19, 0xA5D8, 0x8D16, 0x84F6, 0x7C74,
    0x2166, 0x0000, 0x0000, 0x0000, 0x0000, 0x0000, 0x0000, 0x0000, 0x0000, 0x0000, 0x0000, 0x0000,
    0x0000, 0x0000, 0x0000, 0x0000, 0x0000, 0x0000, 0x0000, 0x0000, 0x0000, 0x0000, 0x0000, 0x0000,
    0x0000, 0x0000, 0x0000, 0x0000, 0x0000, 0x0000, 0x0000, 0x0000, 0x0000, 0x0000, 0x0000, 0x0000,
    0x0000, 0x0000, 0x0000, 0x0000, 0x0000, 0x0000, 0x0000, 0x0000, 0x0000, 0x0000, 0x0000, 0x0000,
    0x0000, 0x0000, 0x0000, 0x0000, 0x0000, 0x0000, 0x0000, 0x0000, 0x0000, 0x0000, 0x0000, 0x0000,
    0x0000, 0x0000, 0x0000, 0x0000, 0x0000, 0x0000, 0x0000, 0x0000, 0x0000, 0x0000, 0x0000, 0x0000,
    0x0000, 0x0000, 0x0000, 0x0000, 0x0000, 0x0000, 0x0000, 0x0000, 0x0000, 0x0000, 0x0000, 0x0000,
    0x0000, 0x0000, 0x0000, 0x0000, 0x0000, 0x0000, 0x0000, 0x0000, 0x0000, 0x0000, 0x0000, 0x0000,
    0x1904, 0x7412, 0x8D37, 0x8CF6, 0x9D57, 0xADF9, 0xB619, 0xB65A, 0xBE7A, 0xC69B, 0xC6BB, 0xCEDC,
    0x0000, 0x8492, 0x0000, 0x0000, 0x0000, 0x0000, 0x94F4, 0x0000, 0xCEDC, 0xCEDC, 0xC6BB, 0xBE7A,
    0xB639, 0xAE19, 0xA5D8, 0x9557, 0x8CF6, 0x8D17, 0x6390, 0x10A2, 0x0000, 0x0000, 0x0000, 0x0000,
    0x0000, 0x0000, 0x0000, 0x0000, 0x0000, 0x0000, 0x0000, 0x0000, 0x0000, 0x0000, 0x0000, 0x0000,
    0x0000, 0x0000, 0x0000, 0x0000, 0x0000, 0x0000, 0x0000, 0x0000, 0x0000, 0x0000, 0x0000, 0x0000,
    0x0000, 0x0000, 0x0000, 0x0000, 0x0000, 0x0000, 0x0000, 0x0000, 0x0000, 0x0000, 0x0000, 0x0000,
    0x0000, 0x0000, 0x0000, 0x0000, 0x0000, 0x0000, 0x0000, 0x0000, 0x0000, 0x0000, 0x0000, 0x0000,
    0x0000, 0x0000, 0x0000, 0x0000, 0x0000, 0x0000, 0x0000, 0x0000, 0x0000, 0x0000, 0x0000, 0x0000,
    0x0000, 0x0000, 0x0000, 0x0000, 0x0000, 0x0000, 0x0000, 0x0000, 0x0000, 0x0000, 0x0000, 0x0000,
    0x0000, 0x0000, 0x0000, 0x0000, 0x0000, 0x0000, 0x0000, 0x0000, 0x0000, 0x0000, 0x0000, 0x0000,
    0x0000, 0x0000, 0x0000, 0x0000, 0x0000, 0x0000, 0x0000, 0x0000, 0x0000, 0x0000, 0x4AAC, 0x84B5,
    0x8CF6, 0x84D6, 0x9537, 0xA5B8, 0xADF9, 0xADF9, 0xB619, 0xB619, 0xC69B, 0xA576, 0x0000, 0x0000,
    0x0000, 0x0000, 0xA597, 0xBE7B, 0xB619, 0xB619, 0xB619, 0xADF9, 0xA598, 0x8D16, 0x84D6, 0x8D17,
    0x84B5, 0x424A, 0x0000, 0x0000, 0x0000, 0x0000, 0x0000, 0x0000, 0x0000, 0x0000, 0x0000, 0x0000,
    0x0000, 0x0000, 0x0000, 0x0000, 0x0000, 0x0000, 0x0000, 0x0000, 0x0000, 0x0000, 0x0000, 0x0000,
    0x0000, 0x0000, 0x0000, 0x0000, 0x0000, 0x0000, 0x0000, 0x0000, 0x0000, 0x0000, 0x0000, 0x0000,
    0x0000, 0x0000, 0x0000, 0x0000, 0x0000, 0x0000, 0x0000, 0x0000, 0x0000, 0x0000, 0x0000, 0x0000,
    0x0000, 0x0000, 0x0000, 0x0000, 0x0000, 0x0000, 0x0000, 0x0000, 0x0000, 0x0000, 0x0000, 0x0000,
    0x0000, 0x0000, 0x0000, 0x0000, 0x0000, 0x0000, 0x0000, 0x0000, 0x0000, 0x0000, 0x0000, 0x0000,
    0x0000, 0x0000, 0x0000, 0x0000, 0x0000, 0x0000, 0x0000, 0x0000, 0x0000, 0x0000, 0x0000, 0x0000,
    0x0000, 0x0000, 0x0000, 0x0000, 0x0000, 0x0000, 0x0000, 0x0000, 0x0000, 0x0000, 0x0000, 0x0000,
    0x0000, 0x0000, 0x0000, 0x0000, 0x0000, 0x0000, 0x0000, 0x10C4, 0x5B2E, 0x84D6, 0x8D17, 0x8CF6,
    0x8CF6, 0x9537, 0x9D77, 0xA598, 0xADF9, 0xADD8, 0x10C3, 0x0000, 0x0000, 0x2104, 0xADF9, 0xA5B8,
    0xA598, 0x9D57, 0x8D16, 0x8CF6, 0x84F6, 0x8CF7, 0x84B5, 0x52ED, 0x10A3, 0x0000, 0x0000, 0x0000,
    0x0000, 0x0000, 0x0000, 0x0000, 0x0000, 0x0000, 0x0000, 0x0000, 0x0000, 0x0000, 0x0000, 0x0000,
    0x0000, 0x0000, 0x0000, 0x0000, 0x0000, 0x0000, 0x0000, 0x0000, 0x0000, 0x0000, 0x0000, 0x0000,
    0x0000, 0x0000, 0x0000, 0x0000, 0x0000, 0x0000, 0x0000, 0x0000, 0x0000, 0x0000, 0x0000, 0x0000,
    0x0000, 0x0000, 0x0000, 0x0000, 0x0000, 0x0000, 0x0000, 0x0000, 0x0000, 0x0000, 0x0000, 0x0000,
    0x0000, 0x0000, 0x0000, 0x0000, 0x0000, 0x0000, 0x0000, 0x0000, 0x0000, 0x0000, 0x0000, 0x0000,
    0x0000, 0x0000, 0x0000, 0x0000, 0x0000, 0x0000, 0x0000, 0x0000, 0x0000, 0x0000, 0x0000, 0x0000,
    0x0000, 0x0000, 0x0000, 0x0000, 0x0000, 0x0000, 0x0000, 0x0000, 0x0000, 0x0000, 0x0000, 0x0000,
    0x0000, 0x0000, 0x0000, 0x0000, 0x0000, 0x0000, 0x0000, 0x0000, 0x0000, 0x0000, 0x0000, 0x0000,
    0x0000, 0x0000, 0x0000, 0x0000, 0x0000, 0x18E4, 0x52CD, 0x7C74, 0x8D17, 0x8D37, 0x8CF6, 0x84D6,
    0x84D5, 0x8D37, 0x2987, 0x0000, 0x0000, 0x31C8, 0x8D17, 0x84D5, 0x84F6, 0x8CF6, 0x8D17, 0x84D6,
    0x7433, 0x428B, 0x10A3, 0x0000, 0x0000, 0x0000, 0x0000, 0x0000, 0x0000, 0x0000, 0x0000, 0x0000,
    0x0000, 0x0000, 0x0000, 0x0000, 0x0000, 0x0000, 0x0000, 0x0000, 0x0000, 0x0000, 0x0000, 0x0000,
    0x0000, 0x0000, 0x0000, 0x0000, 0x0000, 0x0000, 0x0000, 0x0000, 0x0000, 0x0000, 0x0000, 0x0000,
    0x0000, 0x0000, 0x0000, 0x0000, 0x0000, 0x0000, 0x0000, 0x0000, 0x0000, 0x0000, 0x0000, 0x0000,
    0x0000, 0x0000, 0x0000, 0x0000, 0x0000, 0x0000, 0x0000, 0x0000, 0x0000, 0x0000, 0x0000, 0x0000,
    0x0000, 0x0000, 0x0000, 0x0000, 0x0000, 0x0000, 0x0000, 0x0000, 0x0000, 0x0000, 0x0000, 0x0000,
    0x0000, 0x0000, 0x0000, 0x0000, 0x0000, 0x0000, 0x0000, 0x0000, 0x0000, 0x0000, 0x0000, 0x0000,
    0x0000, 0x0000, 0x0000, 0x0000, 0x0000, 0x0000, 0x0000, 0x0000, 0x0000, 0x0000, 0x0000, 0x0000,
    0x0000, 0x0000, 0x0000, 0x0000, 0x0000, 0x0000, 0x0000, 0x0000, 0x0000, 0x0000, 0x0000, 0x0000,
    0x0000, 0x0000, 0x0000, 0x0000, 0x2146, 0x426B, 0x6370, 0x7433, 0x7C94, 0x9537, 0x4ACC, 0x0000,
    0x0000, 0x52CD, 0x8D17, 0x7C74, 0x7433, 0x6370, 0x426B, 0x2125, 0x0000, 0x0000, 0x0000, 0x0000,
    0x0000, 0x0000, 0x0000, 0x0000, 0x0000, 0x0000, 0x0000, 0x0000, 0x0000, 0x0000, 0x0000, 0x0000,
    0x0000, 0x0000, 0x0000, 0x0000, 0x0000, 0x0000, 0x0000, 0x0000, 0x0000, 0x0000, 0x0000, 0x0000,
    0x0000, 0x0000, 0x0000, 0x0000, 0x0000, 0x0000, 0x0000, 0x0000, 0x0000, 0x0000, 0x0000, 0x0000,
    0x0000, 0x0000, 0x0000, 0x0000, 0x0000, 0x0000, 0x0000, 0x0000, 0x0000, 0x0000, 0x0000, 0x0000,
    0x0000, 0x0000, 0x0000, 0x0000, 0x0000, 0x0000, 0x0000, 0x0000, 0x0000, 0x0000, 0x0000, 0x0000,
    0x0000, 0x0000, 0x0000, 0x0000, 0x0000, 0x0000, 0x0000, 0x0000, 0x0000, 0x0000, 0x0000, 0x0000,
    0x0000, 0x0000, 0x0000, 0x0000, 0x0000, 0x0000, 0x0000, 0x0000, 0x0000, 0x0000, 0x0000, 0x0000,
    0x0000, 0x0000, 0x0000, 0x0000, 0x0000, 0x0000, 0x0000, 0x0000, 0x0000, 0x0000, 0x0000, 0x0000,
    0x0000, 0x0000, 0x0000, 0x0000, 0x0000, 0x0000, 0x0000, 0x0000, 0x0000, 0x0000, 0x0000, 0x0000,
    0x0000, 0x0000, 0x0000, 0x0000, 0x1082, 0x1905, 0x18E3, 0x0000, 0x0000, 0x10C3, 0x18E4, 0x0882,
    0x0000, 0x0000, 0x0000, 0x0000, 0x0000, 0x0000, 0x0000, 0x0000, 0x0000, 0x0000, 0x0000, 0x0000,
    0x0000, 0x0000, 0x0000, 0x0000, 0x0000, 0x0000, 0x0000, 0x0000, 0x0000, 0x0000, 0x0000, 0x0000,
    0x0000, 0x0000, 0x0000, 0x0000, 0x0000, 0x0000, 0x0000, 0x0000, 0x0000, 0x0000, 0x0000, 0x0000,
    0x0000, 0x0000, 0x0000, 0x0000, 0x0000, 0x0000, 0x0000, 0x0000, 0x0000, 0x0000, 0x0000, 0x0000,
    0x0000, 0x0000, 0x0000, 0x0000, 0x0000, 0x0000, 0x0000, 0x0000, 0x0000, 0x0000, 0x0000, 0x0000,
    0x0000, 0x0000, 0x0000, 0x0000, 0x0000, 0x0000, 0x0000, 0x0000, 0x0000, 0x0000, 0x0000, 0x0000,
    0x0000, 0x0000, 0x0000, 0x0000, 0x0000, 0x0000, 0x0000, 0x0000, 0x0000, 0x0000, 0x0000, 0x0000,
    0x0000, 0x0000, 0x0000, 0x0000, 0x0000, 0x0000, 0x0000, 0x0000, 0x0000, 0x0000, 0x0000, 0x0000,
    0x0000, 0x0000, 0x0000, 0x0000, 0x0000, 0x0000, 0x0000, 0x0000, 0x0000, 0x0000, 0x0000, 0x0000,
    0x0000, 0x0000, 0x0000, 0x0000, 0x0000, 0x0000, 0x0000, 0x0000, 0x0000, 0x0000, 0x0000, 0x0000,
    0x0000, 0x0000, 0x0000, 0x0000, 0x0000, 0x0000, 0x0000, 0x0000, 0x0000, 0x0000, 0x0000, 0x0000,
    0x0000, 0x0000, 0x0000, 0x0000, 0x0000, 0x0000, 0x0000, 0x0000, 0x0000, 0x0000, 0x0000, 0x0000,
    0x0000, 0x0000, 0x0000, 0x0000, 0x0000, 0x0000, 0x0000, 0x0000, 0x0000, 0x0000, 0x0000, 0x0000,
    0x0000, 0x0000, 0x0000, 0x0000, 0x0000, 0x0000, 0x0000, 0x0000, 0x0000, 0x0000, 0x0000, 0x0000,
    0x0000, 0x0000, 0x0000, 0x0000, 0x0000, 0x0000, 0x0000, 0x0000, 0x0000, 0x0000, 0x0000, 0x0000,
    0x0000, 0x0000, 0x0000, 0x0000, 0x0000, 0x0000, 0x0000, 0x0000, 0x0000, 0x0000, 0x0000, 0x0000,
    0x0000, 0x0000, 0x0000, 0x0000, 0x0000, 0x0000, 0x0000, 0x0000, 0x0000, 0x0000, 0x0000, 0x0000,
    0x0000, 0x0000, 0x0000, 0x0000, 0x0000, 0x0000, 0x0000, 0x0000, 0x0000, 0x0000, 0x0000, 0x0000,
    0x0000, 0x0000, 0x0000, 0x0000, 0x0000, 0x0000, 0x0000, 0x0000, 0x0000, 0x0000, 0x0000, 0x0000,
    0x0000, 0x0000, 0x0000, 0x0000, 0x0000, 0x0000, 0x0000, 0x0000, 0x0000, 0x0000, 0x0000, 0x0000,
    0x0000, 0x0000, 0x0000, 0x0000, 0x0000, 0x0000, 0x0000, 0x0000, 0x0000, 0x0000, 0x0000, 0x0000,
    0x0000, 0x0000, 0x0000, 0x0000, 0x0000, 0x0000, 0x0000, 0x0000, 0x0000, 0x0000, 0x0000, 0x0000,
    0x0000, 0x0000, 0x0000, 0x0000, 0x0000, 0x0000, 0x0000, 0x0000, 0x0000, 0x0000, 0x0000, 0x0000,
    0x0000, 0x0000, 0x0000, 0x0000, 0x0000, 0x0000, 0x0000, 0x0000, 0x0000, 0x0000, 0x0000, 0x0000,
    0x0000, 0x0000, 0x0000, 0x0000, 0x0000, 0x0000, 0x0000, 0x0000, 0x0000, 0x0000, 0x0000, 0x0000,
    0x0000, 0x0000, 0x0000, 0x0000, 0x0000, 0x0000, 0x0000, 0x0000, 0x0000, 0x0000, 0x0000, 0x0000,
    0x0000, 0x0000, 0x0000, 0x0000,
  },
  { // 4 grin
    0x0000, 0x0000, 0x0000, 0x0000, 0x0000, 0x0000, 0x0000, 0x0000, 0x0000, 0x0000, 0x0000, 0x0000,
    0x0000, 0x0000, 0x0000, 0x0000, 0x0000, 0x0000, 0x0000, 0x0000, 0x0000, 0x0000, 0x0000, 0x0000,
    0x0000, 0x0000, 0x0000, 0x0000, 0x0000, 0x0000, 0x0000, 0x0000, 0x0000, 0x0000, 0x0000, 0x0000,
    0x0000, 0x0000, 0x0000, 0x0000, 0x0000, 0x0000, 0x0000, 0x0000, 0x0000, 0x0000, 0x0000, 0x0000,
    0x0000, 0x0000, 0x0000, 0x0000, 0x0000, 0x0000, 0x0000, 0x0000, 0x0000, 0x0000, 0x0000, 0x0000,
    0x0000, 0x0000, 0x0000, 0x0000, 0x0000, 0x0000, 0x0000, 0x0000, 0x0000, 0x0000, 0x0000, 0x0000,
    0x0000, 0x0000, 0x0000, 0x0000, 0x0000, 0x0000, 0x0000, 0x0000, 0x0000, 0x0000, 0x0000, 0x0000,
    0x0000, 0x0000, 0x0000, 0x0000, 0x0000, 0x0000, 0x0000, 0x0000, 0x0000, 0x0000, 0x0000, 0x0000,
    0x0000, 0x0000, 0x0000, 0x0000, 0x0000, 0x0000, 0x0000, 0x0000, 0x0000, 0x0000, 0x0000, 0x0000,
    0x0000, 0x0000, 0x0000, 0x0000, 0x0000, 0x0000, 0x0000, 0x0000, 0x0000, 0x0000, 0x0000, 0x0000,
    0x0000, 0x0000, 0x0000, 0x0000, 0x0000, 0x0000, 0x0000, 0x0000, 0x0000, 0x0000, 0x0000, 0x0000,
    0x0000, 0x0000, 0x0000, 0x0000, 0x0000, 0x0000, 0x0000, 0x0000, 0x0000, 0x0000, 0x0000, 0x0000,
    0x0000, 0x0000, 0x0000, 0x0000, 0x0000, 0x0000, 0x0000, 0x0000, 0x0000, 0x0000, 0x0000, 0x0000,
    0x0000, 0x0000, 0x0000, 0x0000, 0x0000, 0x0000, 0x0000, 0x0000, 0x0000, 0x0000, 0x0000, 0x0000,
    0x0000, 0x0000, 0x0000, 0x0000, 0x0000, 0x0000, 0x0000, 0x0000, 0x0000, 0x0000, 0x0000, 0x0000,
    0x0000, 0x0000, 0x0000, 0x0000, 0x0000, 0x0000, 0x0000, 0x0000, 0x0000, 0x0000, 0x0000, 0x0000,
    0x0000, 0x0000, 0x0000, 0x0000, 0x0000, 0x0000, 0x0000, 0x0000, 0x0000, 0x0000, 0x0000, 0x0000,
    0x0000, 0x0000, 0x0000, 0x0000, 0x0000, 0x0000, 0x0000, 0x0000, 0x0000, 0x0000, 0x0000, 0x0000,
    0x0000, 0x0000, 0x0000, 0x0000, 0x0000, 0x0000, 0x0000, 0x0000, 0x0000, 0x0000, 0x0000, 0x0000,
    0x0000, 0x0000, 0x0000, 0x0000, 0x0000, 0x0000, 0x0000, 0x0000, 0x0000, 0x0000, 0x0000, 0x0000,
    0x0000, 0x0000, 0x0000, 0x0000, 0x0000, 0x0000, 0x0000, 0x0000, 0x0000, 0x0000, 0x0000, 0x0000,
    0x0000, 0x0000, 0x0000, 0x0000, 0x0000, 0x0000, 0x0000, 0x0000, 0x0000, 0x0000, 0x0000, 0x0000,
    0x0000, 0x0000, 0x0000, 0x0000, 0x0000, 0x0000, 0x0000, 0x0000, 0x0000, 0x0000, 0x0000, 0x0000,
    0x0000, 0x0000, 0x0000, 0x0000, 0x0000, 0x2125, 0x31E8, 0x426A, 0x4AAB, 0x4AAB, 0x424A, 0x3A08,
    0x2986, 0x18E3, 0x0000, 0x0000, 0x0000, 0x0000, 0x0000, 0x0000, 0x0000, 0x0000, 0x0000, 0x0000,
    0x0000, 0x0000, 0x0000, 0x0000, 0x0000, 0x0000, 0x0000, 0x0000, 0x0000, 0x0000, 0x0000, 0x0000,
    0x0000, 0x0000, 0x0000, 0x0000, 0x0000, 0x0000, 0x0000, 0x0000, 0x0000, 0x0000, 0x0000, 0x0000,
    0x0000, 0x0000, 0x0000, 0x0000, 0x0000, 0x0000, 0x0000, 0x0000, 0x0000, 0x0000, 0x0000, 0x0000,
    0x0000, 0x0000, 0x0000, 0x0000, 0x0000, 0x0000, 0x0000, 0x0000, 0x0000, 0x0000, 0x0000, 0x0000,
    0x0000, 0x0000, 0x10A3, 0x2145, 0x39E8, 0x4249, 0x4A8A, 0x4A8B, 0x426A, 0x39E8, 0x2125, 0x0000,
    0x0000, 0x0000, 0x0000, 0x0000, 0x0000, 0x0000, 0x0000, 0x0000, 0x0000, 0x0000, 0x0000, 0x0000,
    0x0000, 0x0000, 0x0000, 0x0000, 0x0000, 0x0000, 0x0000, 0x0000, 0x0000, 0x0000, 0x0000, 0x0000,
    0x0000, 0x0000, 0x0000, 0x0000, 0x0000, 0x0000, 0x0000, 0x0000, 0x0000, 0x0000, 0x0000, 0x0000,
    0x0000, 0x0000, 0x0000, 0x0000, 0x0000, 0x0000, 0x0000, 0x0000, 0x0000, 0x0000, 0x31C7, 0x73F0,
    0x9D56, 0xADD9, 0xB63A, 0xBE7B, 0xBE7B, 0xBE7B, 0xCEFC, 0xD73D, 0xD71D, 0xCEDB, 0xBE59, 0xA596,
    0x8C92, 0x6B8E, 0x4269, 0x2945, 0x0000, 0x0000, 0x0000, 0x0000, 0x0000, 0x0000, 0x0000, 0x0000,
    0x0000, 0x0000, 0x0000, 0x0000, 0x0000, 0x0000, 0x0000, 0x0000, 0x0000, 0x0000, 0x0000, 0x0000,
    0x0000, 0x0000, 0x0000, 0x0000, 0x0000, 0x0000, 0x0000, 0x0000, 0x0000, 0x0000, 0x0000, 0x0000,
    0x0000, 0x0000, 0x0000, 0x0000, 0x0000, 0x0000, 0x0000, 0x0000, 0x0000, 0x0000, 0x0000, 0x0000,
    0x0000, 0x0000, 0x0000, 0x0000, 0x2124, 0x4228, 0x634D, 0x8472, 0x9D55, 0xB619, 0xC69B, 0xCEDC,
    0xD71D, 0xD71D, 0xBE9B, 0xBE7B, 0xBE7B, 0xB65A, 0xB619, 0xA577, 0x7C31, 0x3A29, 0x0000, 0x0000,
    0x0000, 0x0000, 0x0000, 0x0000, 0x0000, 0x0000, 0x0000, 0x0000, 0x0000, 0x0000, 0x0000, 0x0000,
    0x0000, 0x0000, 0x0000, 0x0000, 0x0000, 0x0000, 0x0000, 0x0000, 0x0000, 0x0000, 0x0000, 0x0000,
    0x0000, 0x0000, 0x0000, 0x0000, 0x0000, 0x0000, 0x0000, 0x0000, 0x0000, 0x0000, 0x0000, 0x0000,
    0x0000, 0x0000, 0x0000, 0x0000, 0x2104, 0x8493, 0xB63A, 0xB65A, 0xAE19, 0xADD8, 0xADF9, 0xADF9,
    0xADF9, 0xBE7A, 0xCEDC, 0xC6DB, 0xCEFC, 0xCF1C, 0xD73D, 0x0000, 0x0000, 0x0000, 0x0000, 0x0000,
    0xCEBB, 0xADD7, 0x8CB2, 0x6B6E, 0x4A49, 0x2945, 0x0000, 0x0000, 0x0000, 0x0000, 0x0000, 0x0000,
    0x0000, 0x0000, 0x0000, 0x0000, 0x0000, 0x0000, 0x0000, 0x0000, 0x0000, 0x0000, 0x0000, 0x0000,
    0x0000, 0x0000, 0x0000, 0x0000, 0x0000, 0x0000, 0x0000, 0x0000, 0x0000, 0x0000, 0x0000, 0x0000,
    0x0000, 0x0000, 0x0000, 0x0000, 0x0000, 0x0000, 0x2124, 0x3A08, 0x634D, 0x8C72, 0xAD96, 0xC67A,
    0x0000, 0x0000, 0x0000, 0x0000, 0x0000, 0x0000, 0xD71D, 0xCEFC, 0xC6DC, 0xC6DC, 0xBE9B, 0xADF9,
    0xADF9, 0xADF9, 0xADF9, 0xADF9, 0xAE1A, 0xB63A, 0x8CF5, 0x2986, 0x0000, 0x0000, 0x0000, 0x0000,
    0x0000, 0x0000, 0x0000, 0x0000, 0x0000, 0x0000, 0x0000, 0x0000, 0x0000, 0x0000, 0x0000, 0x0000,
    0x0000, 0x0000, 0x0000, 0x0000, 0x0000, 0x0000, 0x0000, 0x0000, 0x0000, 0x0000, 0x0000, 0x0000,
    0x0000, 0x0000, 0x0000, 0x0000, 0x0000, 0x0000, 0x0000, 0x0000, 0x0000, 0x0000, 0x0000, 0x39C8,
    0xADD8, 0xB63A, 0xADD8, 0xADD8, 0xADF9, 0xADF9, 0xADF9, 0xADF9, 0xBE7A, 0xCEFC, 0xCEFC, 0xCEFC,
    0xCEFC, 0xD71C, 0xD71C, 0xD71C, 0xD6FC, 0xD71C, 0xD71C, 0x0000, 0x0000, 0x0000, 0x0000, 0x0000,
    0x0000, 0x0000, 0xD6DB, 0xBE18, 0x9D34, 0x7C10, 0x630C, 0x4228, 0x2965, 0x18C3, 0x0000, 0x0000,
    0x0000, 0x0000, 0x0000, 0x0000, 0x0000, 0x0000, 0x0000, 0x0000, 0x0000, 0x0000, 0x0000, 0x0000,
    0x0000, 0x0000, 0x0000, 0x0000, 0x0000, 0x0000, 0x10A2, 0x2145, 0x39E8, 0x52CB, 0x73CF, 0x94D3,
    0xB5B7, 0xCE9A, 0x0000, 0x0000, 0x0000, 0x0000, 0x0000, 0x0000, 0x0000, 0xD71C, 0xD71C, 0xD71C,
    0xD71C, 0xD71C, 0xD71C, 0xCEFC, 0xCEFC, 0xC6DC, 0xC6DC, 0xBE7A, 0xADF9, 0xADF9, 0xA5D8, 0xA5B8,
    0xADD8, 0xA5D8, 0xADF9, 0xAE19, 0x4A8B, 0x0000, 0x0000, 0x0000, 0x0000, 0x0000, 0x0000, 0x0000,
    0x0000, 0x0000, 0x0000, 0x0000, 0x0000, 0x0000, 0x0000, 0x0000, 0x0000, 0x0000, 0x0000, 0x0000,
    0x0000, 0x0000, 0x0000, 0x0000, 0x0000, 0x0000, 0x0000, 0x0000, 0x0000, 0x0000, 0x0000, 0x0000,
    0x0000, 0x0000, 0x0000, 0x0000, 0x0000, 0x0000, 0x31C7, 0xB619, 0xADF9, 0xADD8, 0xADF9, 0xADF9,
    0xAE19, 0xB619, 0xADF9, 0xB639, 0xC6DC, 0xCEDC, 0xCEFC, 0xCEFC, 0xCEFC, 0xD71D, 0xD73D, 0xD73D,
    0xD73D, 0x0000, 0x0000, 0x0000, 0x0000, 0x0000, 0x0000, 0x0000, 0x0000, 0x0000, 0x0000, 0x0000,
    0x0000, 0x0000, 0x0000, 0x0000, 0x0000, 0x0000, 0xCE9A, 0xBE18, 0xAD96, 0x9CF4, 0x8C92, 0x8430,
    0x73CF, 0x738E, 0x6B6E, 0x634D, 0x634D, 0x6B6D, 0x738E, 0x73CF, 0x8430, 0x8C92, 0x9CF4, 0x0000,
    0xBE18, 0xCE9A, 0x0000, 0x0000, 0x0000, 0x0000, 0x0000, 0x0000, 0x0000, 0x0000, 0x0000, 0x0000,
    0x0000, 0x0000, 0x0000, 0x0000, 0x0000, 0x0000, 0x0000, 0x0000, 0x0000, 0xD73C, 0xD71C, 0xCF1C,
    0xCEFC, 0xCEFC, 0xC6DC, 0xC6BB, 0xB65A, 0xADF9, 0xADF9, 0xADF9, 0xADD9, 0xADD9, 0xA5D8, 0xA5D8,
    0xB63A, 0x4A8B, 0x0000, 0x0000, 0x0000, 0x0000, 0x0000, 0x0000, 0x0000, 0x0000, 0x0000, 0x0000,
    0x0000, 0x0000, 0x0000, 0x0000, 0x0000, 0x0000, 0x0000, 0x0000, 0x0000, 0x0000, 0x0000, 0x0000,
    0x0000, 0x0000, 0x0000, 0x0000, 0x0000, 0x0000, 0x0000, 0x0000, 0x0000, 0x0000, 0x0000, 0x0000,
    0x0000, 0x10A2, 0xA597, 0xAE19, 0xADD8, 0xADF9, 0xADF9, 0xAE19, 0xB619, 0xB619, 0xB619, 0xC6DB,
    0xCEDC, 0xCEFC, 0xCEFC, 0xCEFC, 0xD71C, 0xD71C, 0xD71C, 0xD73C, 0x0000, 0x0000, 0x0000, 0x0000,
    0x0000, 0x0000, 0x0000, 0x0000, 0x0000, 0x0000, 0x0000, 0x0000, 0x0000, 0x0000, 0x0000, 0x0000,
    0x0000, 0x0000, 0x0000, 0x0000, 0x0000, 0x0000, 0x0000, 0x0000, 0x0000, 0x0000, 0x0000, 0x0000,
    0x0000, 0x0000, 0x0000, 0x0000, 0x0000, 0x0000, 0x0000, 0x0000, 0x0000, 0x0000, 0x0000, 0x0000,
    0x0000, 0x0000, 0x0000, 0x0000, 0x0000, 0x0000, 0x0000, 0x0000, 0x0000, 0x0000, 0x0000, 0x0000,
    0x0000, 0x0000, 0x0000, 0x0000, 0x0000, 0x0000, 0xD73C, 0xD71C, 0xCEFC, 0xCEFC, 0xCEDC, 0xCEDC,
    0xCEDC, 0xB63A, 0xADF9, 0xADF9, 0xADD8, 0xA5D8, 0xA5D8, 0xA5D8, 0xA5B8, 0xAE19, 0x2966, 0x0000,
    0x0000, 0x0000, 0x0000, 0x0000, 0x0000, 0x0000, 0x0000, 0x0000, 0x0000, 0x0000, 0x0000, 0x0000,
    0x0000, 0x0000, 0x0000, 0x0000, 0x0000, 0x0000, 0x0000, 0x0000, 0x0000, 0x0000, 0x0000, 0x0000,
    0x0000, 0x0000, 0x0000, 0x0000, 0x0000, 0x0000, 0x0000, 0x0000, 0x0000, 0x73F0, 0xB63A, 0xA5B8,
    0xADD9, 0xADF9, 0xADF9, 0xADF9, 0xB619, 0xB619, 0xC69B, 0xCEFC, 0xCEDC, 0xCEDC, 0xD71C, 0xD71C,
    0xD71C, 0xD71D, 0xD73D, 0x0000, 0x0000, 0x0000, 0x0000, 0x0000, 0x0000, 0x0000, 0x0000, 0x0000,
    0x0000, 0x0000, 0x0000, 0x0000, 0x0000, 0x0000, 0x0000, 0x0000, 0x0000, 0x0000, 0x0000, 0x0000,
    0x0000, 0x0000, 0x0000, 0x0000, 0x0000, 0x0000, 0x0000, 0x0000, 0x0000, 0x0000, 0x0000, 0x0000,
    0x0000, 0x0000, 0x0000, 0x0000, 0x0000, 0x0000, 0x0000, 0x0000, 0x0000, 0x0000, 0x0000, 0x0000,
    0x0000, 0x0000, 0x0000, 0x0000, 0x0000, 0x0000, 0x0000, 0x0000, 0x0000, 0x0000, 0x0000, 0x0000,
    0x0000, 0x0000, 0xD73D, 0xD73D, 0xD71D, 0xCEFC, 0xCEFC, 0xCEFC, 0xCEFC, 0xC6BB, 0xAE19, 0xADF9,
    0xADD8, 0xADF9, 0xA5D8, 0xA5D9, 0xA5B8, 0xAE19, 0x8CF5, 0x0000, 0x0000, 0x0000, 0x0000, 0x0000,
    0x0000, 0x0000, 0x0000, 0x0000, 0x0000, 0x0000, 0x0000, 0x0000, 0x0000, 0x0000, 0x0000, 0x0000,
    0x0000, 0x0000, 0x0000, 0x0000, 0x0000, 0x0000, 0x0000, 0x0000, 0x0000, 0x0000, 0x0000, 0x0000,
    0x0000, 0x0000, 0x0000, 0x0000, 0x2966, 0xB619, 0xA5D8, 0xA5D8, 0xADF9, 0xADF9, 0xAE19, 0xB619,
    0xADF9, 0xBE5A, 0xCEDC, 0xCEFC, 0xCEFC, 0xCEFC, 0xD6FC, 0xD71C, 0xD71C, 0xD73C, 0x0000, 0x0000,
    0x0000, 0x0000, 0x0000, 0x0000, 0x0000, 0x0000, 0x0000, 0x0000, 0x0000, 0x0000, 0x0000, 0x0000,
    0x0000, 0x0000, 0x0000, 0x0000, 0x0000, 0x0000, 0x0000, 0x0000, 0x0000, 0x0000, 0x0000, 0x0000,
    0x0000, 0x0000, 0x0000, 0x0000, 0x0000, 0x0000, 0x0000, 0x0000, 0x0000, 0x0000, 0x0000, 0x0000,
    0x0000, 0x0000, 0x0000, 0x0000, 0x0000, 0x0000, 0x0000, 0x0000, 0x0000, 0x0000, 0x0000, 0x0000,
    0x0000, 0x0000, 0x0000, 0x0000, 0x0000, 0x0000, 0x0000, 0x0000, 0x0000, 0x0000, 0xD73D, 0xD73D,
    0xD71C, 0xCEFC, 0xD71C, 0xCF1C, 0xCEFC, 0xCEFC, 0xBE7A, 0xADF9, 0xADF9, 0xADF9, 0xADF8, 0xA5B8,
    0xA5D8, 0xA5B8, 0xB63A, 0x424A, 0x0000, 0x0000, 0x0000, 0x0000, 0x0000, 0x0000, 0x0000, 0x0000,
    0x0000, 0x0000, 0x0000, 0x0000, 0x0000, 0x0000, 0x0000, 0x0000, 0x0000, 0x0000, 0x0000, 0x0000,
    0x0000, 0x0000, 0x0000, 0x0000, 0x0000, 0x0000, 0x0000, 0x0000, 0x0000, 0x0000, 0x0000, 0x0000,
    0x7411, 0xB63A, 0xA5D8, 0xADD9, 0xADF9, 0xADF9, 0xAE19, 0xB619, 0xB619, 0xC6DC, 0xCEDC, 0xCEFC,
    0xD71C, 0xD71C, 0xD71C, 0xD71D, 0xD71C, 0xD73D, 0x0000, 0x0000, 0x0000, 0x0000, 0x0000, 0x0000,
    0x0000, 0x0000, 0x0000, 0x0000, 0x0000, 0x0000, 0x0000, 0x0000, 0x0000, 0x0000, 0x0000, 0x0000,
    0x0000, 0x0000, 0x0000, 0x0000, 0x0000, 0x0000, 0x0000, 0x0000, 0x0000, 0x0000, 0x0000, 0x0000,
    0x0000, 0x0000, 0x0000, 0x0000, 0x0000, 0x0000, 0x0000, 0x0000, 0x0000, 0x0000, 0x0000, 0x0000,
    0x0000, 0x0000, 0x0000, 0x0000, 0x0000, 0x0000, 0x0000, 0x0000, 0x0000, 0x0000, 0x0000, 0x0000,
    0x0000, 0x0000, 0x0000, 0x0000, 0x0000, 0x0000, 0x0000, 0x0000, 0xD73D, 0xD71C, 0xD71D, 0xD6FC,
    0xCEFC, 0xCEDC, 0xC6DC, 0xB639, 0xADF9, 0xADF9, 0xADD8, 0xADD8, 0xADD8, 0xA5D8, 0xADF9, 0x8CD4,
    0x0000, 0x0000, 0x0000, 0x0000, 0x0000, 0x0000, 0x0000, 0x0000, 0x0000, 0x0000, 0x0000, 0x0000,
    0x0000, 0x0000, 0x0000, 0x0000, 0x0000, 0x0000, 0x0000, 0x0000, 0x0000, 0x0000, 0x0000, 0x0000,
    0x0000, 0x0000, 0x0000, 0x0000, 0x0000, 0x0000, 0x0000, 0x10A3, 0xA5B8, 0xADF9, 0xADD8, 0xADD8,
    0xADF9, 0xADF9, 0xB619, 0xAE19, 0xBE9B, 0xCEFC, 0xCEDC, 0xCEFC, 0xCEFC, 0xD71D, 0xD71D, 0xD71C,
    0xD73D, 0x0000, 0x0000, 0x0000, 0x0000, 0x0000, 0x0000, 0x0000, 0x0000, 0x0000, 0x0000, 0x0000,
    0x0000, 0x0000, 0x0000, 0x0000, 0x0000, 0x0000, 0x0000, 0x0000, 0x0000, 0x0000, 0x0000, 0x0000,
    0x0000, 0x0000, 0x0000, 0x0000, 0x0000, 0x0000, 0x0000, 0x0000, 0x0000, 0x0000, 0x0000, 0x0000,
    0x0000, 0x0000, 0x0000, 0x0000, 0x0000, 0x0000, 0x0000, 0x0000, 0x0000, 0x0000, 0x0000, 0x0000,
    0x0000, 0x0000, 0x0000, 0x0000, 0x0000, 0x0000, 0x0000, 0x0000, 0x0000, 0x0000, 0x0000, 0x0000,
    0x0000, 0x0000, 0x0000, 0xD73C, 0xD71D, 0xD71C, 0xD71C, 0xD71C, 0xCEFC, 0xCEDC, 0xCEFC, 0xBE9B,
    0xADF9, 0xADF9, 0xADD8, 0xADD8, 0xADD8, 0xA5D8, 0xA5B8, 0xADF9, 0x2966, 0x0000, 0x0000, 0x0000,
    0x0000, 0x0000, 0x0000, 0x0000, 0x0000, 0x0000, 0x0000, 0x0000, 0x0000, 0x0000, 0x0000, 0x0000,
    0x0000, 0x0000, 0x0000, 0x0000, 0x0000, 0x0000, 0x0000, 0x0000, 0x0000, 0x0000, 0x0000, 0x0000,
    0x0000, 0x0000, 0x0000, 0x426A, 0xB65A, 0xA5D8, 0xADD9, 0xADF9, 0xADF9, 0xAE19, 0xAE19, 0xB639,
    0xCEDC, 0xCEFC, 0xCEFC, 0xCEFC, 0xD71C, 0xD71C, 0xD71D, 0xD71C, 0xD71C, 0xD73C, 0x0000, 0x0000,
    0x0000, 0x0000, 0x0000, 0x0000, 0x0000, 0x0000, 0x0000, 0x0000, 0x0000, 0x0000, 0x0000, 0x0000,
    0x0000, 0x0000, 0x0000, 0x0000, 0x0000, 0x0000, 0x0000, 0x0000, 0x0000, 0x0000, 0x0000, 0x0000,
    0x0000, 0x0000, 0x0000, 0x0000, 0x0000, 0x0000, 0x0000, 0x0000, 0x0000, 0x0000, 0x0000, 0x0000,
    0x0000, 0x0000, 0x0000, 0x0000, 0x0000, 0x0000, 0x0000, 0x0000, 0x0000, 0x0000, 0x0000, 0x0000,
    0x0000, 0x0000, 0x0000, 0x0000, 0x0000, 0x0000, 0x0000, 0x0000, 0x0000, 0x0000, 0x0000, 0xD73C,
    0xD73D, 0xD71C, 0xD71C, 0xCEFC, 0xCEFC, 0xCEFC, 0xCEDC, 0xC6DB, 0xB619, 0xADF9, 0xADF9, 0xADD9,
    0xADD8, 0xADD8, 0xA5B8, 0xB61A, 0x5B2E, 0x0000, 0x0000, 0x0000, 0x0000, 0x0000, 0x0000, 0x0000,
    0x0000, 0x0000, 0x0000, 0x0000, 0x0000, 0x0000, 0x0000, 0x0000, 0x0000, 0x0000, 0x0000, 0x0000,
    0x0000, 0x0000, 0x0000, 0x0000, 0x0000, 0x0000, 0x0000, 0x0000, 0x0000, 0x0000, 0x0000, 0x73F0,
    0xB63A, 0xA5B8, 0xADD9, 0xADF9, 0xADF9, 0xAE19, 0xADF9, 0xBE9B, 0xCEFC, 0xCEDC, 0xCEFC, 0xCEFC,
    0xD71C, 0xD6FC, 0xD6FC, 0xD73D, 0x0000, 0x0000, 0x0000, 0x0000, 0x0000, 0x0000, 0x0000, 0x0000,
    0x0000, 0x0000, 0x0000, 0x0000, 0x0000, 0x0000, 0x0000, 0x0000, 0x0000, 0x0000, 0x0000, 0x0000,
    0x0000, 0x0000, 0x0000, 0x0000, 0x0000, 0x0000, 0x0000, 0x0000, 0x0000, 0x0000, 0x0000, 0x0000,
    0x0000, 0x0000, 0x0000, 0x0000, 0x0000, 0x0000, 0x0000, 0x0000, 0x0000, 0x0000, 0x0000, 0x0000,
    0x0000, 0x0000, 0x0000, 0x0000, 0x0000, 0x0000, 0x0000, 0x0000, 0x0000, 0x0000, 0x0000, 0x0000,
    0x0000, 0x0000, 0x0000, 0x0000, 0x0000, 0x0000, 0x0000, 0x0000, 0xD73D, 0xD6FC, 0xCEFC, 0xCEFC,
    0xCEFC, 0xCEFC, 0xC6DC, 0xC6DC, 0xBE9B, 0xAE19, 0xADF9, 0xADF9, 0xADF9, 0xADF9, 0xA5D8, 0xAE1A,
    0x84B3, 0x0000, 0x0000, 0x0000, 0x0000, 0x0000, 0x0000, 0x0000, 0x0000, 0x0000, 0x0000, 0x0000,
    0x0000, 0x0000, 0x0000, 0x0000, 0x0000, 0x0000, 0x0000, 0x0000, 0x0000, 0x0000, 0x0000, 0x0000,
    0x0000, 0x0000, 0x0000, 0x0000, 0x0000, 0x0000, 0x0000, 0x9515, 0xAE19, 0xA5D8, 0xADD9, 0xADF9,
    0xADF9, 0xADF9, 0xB639, 0xC6DC, 0xCEDC, 0xCEDC, 0xCEFC, 0xCEDC, 0xD71D, 0x0000, 0x0000, 0xD71C,
    0xC67A, 0xBE38, 0xC659, 0xCEDB, 0x0000, 0x0000, 0x0000, 0x0000, 0x0000, 0x0000, 0x0000, 0x0000,
    0x0000, 0x0000, 0x0000, 0x0000, 0x0000, 0x0000, 0x0000, 0x0000, 0x0000, 0x0000, 0x0000, 0x0000,
    0x0000, 0x0000, 0x0000, 0x0000, 0x0000, 0x0000, 0x0000, 0x0000, 0x0000, 0x0000, 0x0000, 0x0000,
    0x0000, 0x0000, 0x0000, 0x0000, 0x0000, 0x0000, 0x0000, 0x0000, 0x0000, 0x0000, 0x0000, 0x0000,
    0x0000, 0x0000, 0x0000, 0x0000, 0x0000, 0x0000, 0x0000, 0x0000, 0x0000, 0x0000, 0x0000, 0x0000,
    0xCEBB, 0xBE59, 0xBE38, 0xC69A, 0x0000, 0x0000, 0x0000, 0xCF1C, 0xCEDC, 0xCEFC, 0xCEFC, 0xC6DC,
    0xC6DB, 0xB639, 0xADF9, 0xADF9, 0xADF9, 0xADF9, 0xADD8, 0xADD8, 0x9D97, 0x10A3, 0x0000, 0x0000,
    0x0000, 0x0000, 0x0000, 0x0000, 0x0000, 0x0000, 0x0000, 0x0000, 0x0000, 0x0000, 0x0000, 0x0000,
    0x0000, 0x0000, 0x0000, 0x0000, 0x0000, 0x0000, 0x0000, 0x0000, 0x0000, 0x0000, 0x0000, 0x0000,
    0x0000, 0x0000, 0x18E4, 0xADD8, 0xADD9, 0xADD9, 0xADD9, 0xADF9, 0xAE19, 0xADF9, 0xBE7A, 0xCEFC,
    0xCEDC, 0xCEDC, 0xCEFC, 0x0000, 0xCEDC, 0x8CB3, 0x4A8A, 0x2124, 0x0000, 0x0000, 0x0000, 0x10A2,
    0x2965, 0x5B0C, 0x9CF4, 0xD6FB, 0x0000, 0x0000, 0x0000, 0x0000, 0x0000, 0x0000, 0x0000, 0x0000,
    0x0000, 0x0000, 0x0000, 0x0000, 0x0000, 0x0000, 0x0000, 0x0000, 0x0000, 0x0000, 0x0000, 0x0000,
    0x0000, 0x0000, 0x0000, 0x0000, 0x0000, 0x0000, 0x0000, 0x0000, 0x0000, 0x0000, 0x0000, 0x0000,
    0x0000, 0x0000, 0x0000, 0x0000, 0x0000, 0x0000, 0x0000, 0x0000, 0x0000, 0x0000, 0x0000, 0x0000,
    0x0000, 0x0000, 0x0000, 0x0000, 0xCE9A, 0x8CB2, 0x52AB, 0x2945, 0x0000, 0x0000, 0x0000, 0x0000,
    0x2125, 0x52CB, 0x9D14, 0xD71C, 0x0000, 0xCEFC, 0xCEDC, 0xCEFC, 0xCEFC, 0xBE7A, 0xADF9, 0xADF9,
    0xADF9, 0xADF9, 0xADD9, 0xA5B8, 0xADF9, 0x31A7, 0x0000, 0x0000, 0x0000, 0x0000, 0x0000, 0x0000,
    0x0000, 0x0000, 0x0000, 0x0000, 0x0000, 0x0000, 0x0000, 0x0000, 0x0000, 0x0000, 0x0000, 0x0000,
    0x0000, 0x0000, 0x0000, 0x0000, 0x0000, 0x0000, 0x0000, 0x0000, 0x0000, 0x0000, 0x31C8, 0xB61A,
    0xA5D8, 0xADD9, 0xADD9, 0xADF9, 0xADF9, 0xB619, 0xC6BB, 0xC6DC, 0xC6BB, 0xD71D, 0xD73D, 0x8472,
    0x2124, 0x0000, 0x0000, 0x0000, 0x0000, 0x0000, 0x0000, 0x0000, 0x0000, 0x0000, 0x0000, 0x10A2,
    0x5B0C, 0xB5D7, 0x0000, 0x0000, 0x0000, 0x0000, 0x0000, 0x0000, 0x0000, 0x0000, 0x0000, 0x0000,
    0x0000, 0x0000, 0x0000, 0x0000, 0x0000, 0x0000, 0x0000, 0x0000, 0x0000, 0x0000, 0x0000, 0x0000,
    0x0000, 0x0000, 0x0000, 0x0000, 0x0000, 0x0000, 0x0000, 0x0000, 0x0000, 0x0000, 0x0000, 0x0000,
    0x0000, 0x0000, 0x0000, 0x0000, 0x0000, 0x0000, 0x0000, 0x0000, 0x0000, 0x0000, 0xAD76, 0x4A8A,
    0x0000, 0x0000, 0x0000, 0x0000, 0x0000, 0x0000, 0x0000, 0x0000, 0x0000, 0x0000, 0x0000, 0x2966,
    0x8CB3, 0xD73D, 0xCF1D, 0xC6BB, 0xC6DC, 0xC69B, 0xB619, 0xADF9, 0xADF9, 0xADF9, 0xADD9, 0xA5B8,
    0xB63A, 0x4A8B, 0x0000, 0x0000, 0x0000, 0x0000, 0x0000, 0x0000, 0x0000, 0x0000, 0x0000, 0x0000,
    0x0000, 0x0000, 0x0000, 0x0000, 0x0000, 0x0000, 0x0000, 0x0000, 0x0000, 0x0000, 0x0000, 0x0000,
    0x0000, 0x0000, 0x0000, 0x0000, 0x0000, 0x0000, 0x4AAB, 0xB63A, 0xA5D8, 0xADD8, 0xADF9, 0xADF9,
    0xADF9, 0xBE5A, 0xCEDC, 0xC6BB, 0xD73D, 0xBE59, 0x3A08, 0x0000, 0x0000, 0x0000, 0x0000, 0x0000,
    0x0000, 0x0000, 0x0000, 0x0000, 0x0000, 0x0000, 0x0000, 0x0000, 0x0000, 0x0000, 0x4228, 0xADB6,
    0x0000, 0x0000, 0x0000, 0x0000, 0x0000, 0x0000, 0x0000, 0x0000, 0x0000, 0x0000, 0x0000, 0x0000,
    0x0000, 0x0000, 0x0000, 0x0000, 0x0000, 0x0000, 0x0000, 0x0000, 0x0000, 0x0000, 0x0000, 0x0000,
    0x0000, 0x0000, 0x0000, 0x0000, 0x0000, 0x0000, 0x0000, 0x0000, 0x0000, 0x0000, 0x0000, 0x0000,
    0x0000, 0x0000, 0x0000, 0x0000, 0x9D35, 0x39C7, 0x0000, 0x0000, 0x0000, 0x0000, 0x0000, 0x0000,
    0x0000, 0x0000, 0x0000, 0x0000, 0x0000, 0x0000, 0x0000, 0x0000, 0x0000, 0x3A29, 0xBE59, 0xD75D,
    0xC6BB, 0xC6DB, 0xB65A, 0xADF9, 0xADF9, 0xADF9, 0xADF9, 0xA5B8, 0xB63A, 0x636E, 0x0000, 0x0000,
    0x0000, 0x0000, 0x0000, 0x0000, 0x0000, 0x0000, 0x0000, 0x0000, 0x0000, 0x0000, 0x0000, 0x0000,
    0x0000, 0x0000, 0x0000, 0x0000, 0x0000, 0x0000, 0x0000, 0x0000, 0x0000, 0x0000, 0x0000, 0x0000,
    0x0000, 0x0000, 0x634E, 0xB63A, 0xADD8, 0xADF9, 0xADF9, 0xADF9, 0xADF9, 0xBE7B, 0xC6BB, 0xD75D,
    0xA576, 0x10C3, 0x0000, 0x0000, 0x0882, 0x31C8, 0x52CD, 0x636F, 0x6390, 0x5B4F, 0x4A8B, 0x2966,
    0x0000, 0x0000, 0x0000, 0x0000, 0x0000, 0x0000, 0x0000, 0x0000, 0x4A69, 0xC639, 0x0000, 0x0000,
    0x0000, 0x0000, 0x0000, 0x0000, 0x0000, 0x0000, 0x0000, 0x0000, 0x0000, 0x0000, 0x0000, 0x0000,
    0x0000, 0x0000, 0x0000, 0x0000, 0x0000, 0x0000, 0x0000, 0x0000, 0x0000, 0x0000, 0x0000, 0x0000,
    0x0000, 0x0000, 0x0000, 0x0000, 0x0000, 0x0000, 0x0000, 0x0000, 0x0000, 0x0000, 0xB5B7, 0x39E8,
    0x0000, 0x0000, 0x0000, 0x0000, 0x0000, 0x0000, 0x0000, 0x0000, 0x2986, 0x4A8B, 0x5B4F, 0x6390,
    0x5B6F, 0x4AAC, 0x29A7, 0x0862, 0x0000, 0x0000, 0x10C3, 0x9D76, 0xD75D, 0xC6BB, 0xBE9B, 0xADF9,
    0xADF9, 0xADF9, 0xADF9, 0xADD8, 0xB63A, 0x7411, 0x0000, 0x0000, 0x0000, 0x0000, 0x0000, 0x0000,
    0x0000, 0x0000, 0x0000, 0x0000, 0x0000, 0x0000, 0x0000, 0x0000, 0x0000, 0x0000, 0x0000, 0x0000,
    0x0000, 0x0000, 0x0000, 0x0000, 0x0000, 0x0000, 0x0000, 0x0000, 0x0000, 0x0000, 0x73F1, 0xB63A,
    0xA5D8, 0xADF9, 0xADF9, 0xADF9, 0xB619, 0xBE9A, 0xD73D, 0x9515, 0x0000, 0x0000, 0x10A3, 0x4ACC,
    0x7C74, 0x8CF6, 0x8CF7, 0x84F6, 0x84F6, 0x84F6, 0x8D17, 0x8D17, 0x7C74, 0x4ACC, 0x10C3, 0x0000,
    0x0000, 0x0000, 0x0000, 0x0000, 0x0000, 0x0000, 0x73AE, 0x0000, 0x0000, 0x0000, 0x0000, 0x0000,
    0x0000, 0x0000, 0x0000, 0x0000, 0x0000, 0x0000, 0x0000, 0x0000, 0x0000, 0x0000, 0x0000, 0x0000,
    0x0000, 0x0000, 0x0000, 0x0000, 0x0000, 0x0000, 0x0000, 0x0000, 0x0000, 0x0000, 0x0000, 0x0000,
    0x0000, 0x0000, 0x0000, 0x0000, 0xD71C, 0x5B0C, 0x0000, 0x0000, 0x0000, 0x0000, 0x0000, 0x0000,
    0x0000, 0x10C3, 0x4ACC, 0x7C74, 0x8D16, 0x8D17, 0x8D17, 0x8CF7, 0x8CF7, 0x8CF6, 0x84F6, 0x7C74,
    0x4AAC, 0x10A3, 0x0000, 0x0000, 0x94F4, 0xD73D, 0xC69B, 0xB619, 0xADF9, 0xADF9, 0xADF9, 0xADD8,
    0xB619, 0x8493, 0x0000, 0x0000, 0x0000, 0x0000, 0x0000, 0x0000, 0x0000, 0x0000, 0x0000, 0x0000,
    0x0000, 0x0000, 0x0000, 0x0000, 0x0000, 0x0000, 0x0000, 0x0000, 0x0000, 0x0000, 0x0000, 0x0000,
    0x0000, 0x0000, 0x0000, 0x0000, 0x0000, 0x0000, 0x7C53, 0xB63A, 0xA5D8, 0xADF9, 0xADF9, 0xADF9,
    0xB619, 0xCF1D, 0x9D56, 0x0000, 0x0000, 0x3A09, 0x7C74, 0x8D17, 0x8D16, 0x9537, 0x9D77, 0x9D97,
    0x9D77, 0x9537, 0x8CF6, 0x84B5, 0x84D6, 0x8D17, 0x84B5, 0x4AAC, 0x0000, 0x0000, 0x0000, 0x0000,
    0x0000, 0x0000, 0x0000, 0x2145, 0xADB6, 0x0000, 0x0000, 0x0000, 0x0000, 0x0000, 0x0000, 0x0000,
    0x0000, 0x0000, 0x0000, 0x0000, 0x0000, 0x0000, 0x0000, 0x0000, 0x0000, 0x0000, 0x0000, 0x0000,
    0x0000, 0x0000, 0x0000, 0x0000, 0x0000, 0x0000, 0x0000, 0x0000, 0x0000, 0x0000, 0x0000, 0x9D34,
    0x18E3, 0x0000, 0x0000, 0x0000, 0x0000, 0x0000, 0x0000, 0x0000, 0x4ACC, 0x84B5, 0x8D17, 0x84D5,
    0x84B5, 0x8CF6, 0x9537, 0x9D77, 0x9D77, 0x9557, 0x9516, 0x8CF6, 0x8D17, 0x7C74, 0x3A09, 0x0000,
    0x0000, 0x9D55, 0xD73D, 0xB639, 0xADF9, 0xADF9, 0xADF9, 0xADD8, 0xAE19, 0x8CF5, 0x0000, 0x0000,
    0x0000, 0x0000, 0x0000, 0x0000, 0x0000, 0x0000, 0x0000, 0x0000, 0x0000, 0x0000, 0x0000, 0x0000,
    0x0000, 0x0000, 0x0000, 0x0000, 0x0000, 0x0000, 0x0000, 0x0000, 0x0000, 0x0000, 0x0000, 0x0000,
    0x0000, 0x0000, 0x8CB4, 0xB619, 0xADD8, 0xADF9, 0xADF9, 0xADD8, 0xBE9B, 0xB639, 0x10A2, 0x0000,
    0x532E, 0x8D17, 0x9557, 0xA5B8, 0xAE19, 0xB619, 0xB619, 0xB619, 0xB619, 0xB619, 0xAE19, 0xADD8,
    0x9D77, 0x84D5, 0x84B5, 0x8D17, 0x7C53, 0x2987, 0x0000, 0x0000, 0x0000, 0x0000, 0x0000, 0x0000,
    0x0000, 0x6B8E, 0x0000, 0x0000, 0x0000, 0x0000, 0x0000, 0x0000, 0x0000, 0x0000, 0x0000, 0x0000,
    0x0000, 0x0000, 0x0000, 0x0000, 0x0000, 0x0000, 0x0000, 0x0000, 0x0000, 0x0000, 0x0000, 0x0000,
    0x0000, 0x0000, 0x0000, 0x0000, 0x0000, 0x0000, 0x630C, 0x0000, 0x0000, 0x0000, 0x0000, 0x0000,
    0x0000, 0x0000, 0x2987, 0x7C53, 0x8D17, 0x84B5, 0x84D5, 0x9D77, 0xADD8, 0xAE19, 0xB619, 0xB619,
    0xB619, 0xB619, 0xAE19, 0xADF9, 0xA598, 0x9557, 0x8D17, 0x5B2E, 0x0000, 0x1082, 0xB639, 0xC69B,
    0xADD8, 0xADF9, 0xADF9, 0xADF9, 0xADF9, 0x9536, 0x0862, 0x0000, 0x0000, 0x0000, 0x0000, 0x0000,
    0x0000, 0x0000, 0x0000, 0x0000, 0x0000, 0x0000, 0x0000, 0x0000, 0x0000, 0x0000, 0x0000, 0x0000,
    0x0000, 0x0000, 0x0000, 0x0000, 0x0000, 0x0000, 0x0000, 0x0000, 0x0000, 0x0000, 0x8CF5, 0xAE19,
    0xADD8, 0xADF9, 0xADF9, 0xADF9, 0xCEDC, 0x31E7, 0x0000, 0x6BD1, 0x9D78, 0xA5B8, 0xADF9, 0xAE19,
    0xADF9, 0xADF9, 0xADF9, 0xADF9, 0xADF9, 0xADF9, 0xAE19, 0xB619, 0xB619, 0xADF9, 0x9557, 0x84B5,
    0x84F6, 0x8D17, 0x52ED, 0x0000, 0x0000, 0x0000, 0x0000, 0x0000, 0x0000, 0x0000, 0x31C7, 0xC69A,
    0x0000, 0x0000, 0x0000, 0x0000, 0x0000, 0x0000, 0x0000, 0x0000, 0x0000, 0x0000, 0x0000, 0x0000,
    0x0000, 0x0000, 0x0000, 0x0000, 0x0000, 0x0000, 0x0000, 0x0000, 0x0000, 0x0000, 0x0000, 0x0000,
    0xBE18, 0x2965, 0x0000, 0x0000, 0x0000, 0x0000, 0x0000, 0x0000, 0x0000, 0x52ED, 0x8D16, 0x84D5,
    0x7C95, 0x9D57, 0xADF9, 0xB619, 0xB619, 0xADF9, 0xADF9, 0xADF9, 0xADF9, 0xADF9, 0xADF9, 0xADF9,
    0xADF9, 0xADF9, 0xA5B8, 0x9578, 0x63B1, 0x0000, 0x31A6, 0xC6DC, 0xADF8, 0xADF9, 0xADF9, 0xADF9,
    0xADF9, 0x9D57, 0x10A3, 0x0000, 0x0000, 0x0000, 0x0000, 0x0000, 0x0000, 0x0000, 0x0000, 0x0000,
    0x0000, 0x0000, 0x0000, 0x0000, 0x0000, 0x0000, 0x0000, 0x0000, 0x0000, 0x0000, 0x0000, 0x0000,
    0x0000, 0x0000, 0x0000, 0x0000, 0x0000, 0x0862, 0x8D16, 0xB619, 0xADF8, 0xADF9, 0xADD8, 0xBE7B,
    0x73F0, 0x0000, 0x6BF1, 0xA5D9, 0xADD8, 0xADF9, 0xADF9, 0xADF9, 0xADF9, 0xADF9, 0xAE19, 0xADF9,
    0xADF9, 0xAE19, 0xAE19, 0xAE19, 0xADF9, 0xB619, 0xB619, 0xA5D8, 0x8CF6, 0x84B5, 0x8D37, 0x6BF1,
    0x10A3, 0x0000, 0x0000, 0x0000, 0x0000, 0x0000, 0x0000, 0x1082, 0xA555, 0x0000, 0x0000, 0x0000,
    0x0000, 0x0000, 0x0000, 0x0000, 0x0000, 0x0000, 0x0000, 0x0000, 0x0000, 0x0000, 0x0000, 0x0000,
    0x0000, 0x0000, 0x0000, 0x0000, 0x0000, 0x0000, 0x0000, 0x94D3, 0x0000, 0x0000, 0x0000, 0x0000,
    0x0000, 0x0000, 0x0000, 0x10C3, 0x6BF2, 0x8D17, 0x7C95, 0x84D5, 0xA5D8, 0xB619, 0xADF9, 0xADF9,
    0xADF9, 0xAE19, 0xAE19, 0xADF9, 0xAE19, 0xAE19, 0xADF9, 0xADF9, 0xADF9, 0xADF9, 0xAE19, 0xADF9,
    0xA5D9, 0x7412, 0x0000, 0x6BAF, 0xBE9B, 0xADD8, 0xADF9, 0xADF9, 0xADF9, 0x9D77, 0x10C4, 0x0000,
    0x0000, 0x0000, 0x0000, 0x0000, 0x0000, 0x0000, 0x0000, 0x0000, 0x0000, 0x0000, 0x0000, 0x0000,
    0x0000, 0x0000, 0x0000, 0x0000, 0x0000, 0x0000, 0x0000, 0x0000, 0x0000, 0x0000, 0x0000, 0x0000,
    0x0000, 0x10A3, 0x9536, 0xADF9, 0xADD8, 0xADD8, 0xADF9, 0xADD8, 0x0862, 0x636F, 0xAE1A, 0xADD8,
    0xADD8, 0xADD9, 0xADF9, 0xADF9, 0xADF9, 0xAE19, 0xAE19, 0xADF9, 0xAE19, 0xAE19, 0xB619, 0xAE19,
    0xAE19, 0xADF9, 0xADF9, 0xB619, 0xADF9, 0x8D16, 0x7CB5, 0x8D17, 0x8494, 0x2125, 0x0000, 0x0000,
    0x0000, 0x0000, 0x0000, 0x0000, 0x0000, 0x7C10, 0x0000, 0x0000, 0x0000, 0x0000, 0x0000, 0x0000,
    0x0000, 0x0000, 0x0000, 0x0000, 0x0000, 0x0000, 0x0000, 0x0000, 0x0000, 0x0000, 0x0000, 0x0000,
    0x0000, 0x0000, 0x73CF, 0x0000, 0x0000, 0x0000, 0x0000, 0x0000, 0x0000, 0x0000, 0x2146, 0x7C74,
    0x8CF7, 0x7C95, 0x8CF6, 0xADF9, 0xB619, 0xADF9, 0xADF9, 0xADF9, 0xAE19, 0xB619, 0xAE19, 0xAE19,
    0xAE19, 0xAE19, 0xAE19, 0xADF9, 0xADF9, 0xADF9, 0xADF9, 0xADF9, 0xADF8, 0xB63A, 0x6BD1, 0x0882,
    0xA5B7, 0xAE19, 0xADF9, 0xADD9, 0xADF9, 0x9D77, 0x1904, 0x0000, 0x0000, 0x0000, 0x0000, 0x0000,
    0x0000, 0x0000, 0x0000, 0x0000, 0x0000, 0x0000, 0x0000, 0x0000, 0x0000, 0x0000, 0x0000, 0x0000,
    0x0000, 0x0000, 0x0000, 0x0000, 0x0000, 0x0000, 0x0000, 0x0000, 0x0000, 0x10C3, 0x9537, 0xADF9,
    0xA5D8, 0xA5D8, 0xBE5B, 0x5B0D, 0x4A8B, 0xB65A, 0xA5D8, 0xADD8, 0xADD8, 0xADD8, 0xADF9, 0xADF9,
    0xAE19, 0xAE19, 0xADF8, 0xADF9, 0xADF9, 0xADF9, 0xADF9, 0xADF9, 0xAE19, 0xAE19, 0xADF9, 0xADF9,
    0xB619, 0xAE19, 0x8D16, 0x7CB5, 0x8CF6, 0x84F6, 0x31C8, 0x0000, 0x0000, 0x0000, 0x0000, 0x0000,
    0x0000, 0x0000, 0x6B8E, 0x0000, 0x0000, 0x0000, 0x0000, 0x0000, 0x0000, 0x0000, 0x0000, 0x0000,
    0x0000, 0x0000, 0x0000, 0x0000, 0x0000, 0x0000, 0x0000, 0xD73C, 0x0000, 0x6B8E, 0x0000, 0x0000,
    0x0000, 0x0000, 0x0000, 0x0000, 0x0000, 0x31C8, 0x84D6, 0x84D6, 0x7C95, 0x8D16, 0xADF9, 0xB619,
    0xADF9, 0xADF9, 0xADF9, 0xAE19, 0xAE19, 0xB619, 0xB619, 0xAE19, 0xAE19, 0xAE19, 0xAE19, 0xADF9,
    0xADF9, 0xADF9, 0xADF9, 0xADF9, 0xADF9, 0xADF8, 0xBE7B, 0x5B0D, 0x52CB, 0xBE5B, 0xA5D8, 0xA5D8,
    0xADF9, 0x9D77, 0x1925, 0x0000, 0x0000, 0x0000, 0x0000, 0x0000, 0x0000, 0x0000, 0x0000, 0x0000,
    0x0000, 0x0000, 0x0000, 0x0000, 0x0000, 0x0000, 0x0000, 0x0000, 0x0000, 0x0000, 0x0000, 0x0000,
    0x0000, 0x0000, 0x0000, 0x0000, 0x0000, 0x10C3, 0x9537, 0xADF9, 0xA5B8, 0xADD9, 0x9D77, 0x52EC,
    0xADF9, 0xADD8, 0xADD8, 0xADF9, 0xADF9, 0xADF9, 0xADF9, 0xADF9, 0xAE19, 0xADF9, 0xADF9, 0xADF9,
    0xAE19, 0xAE19, 0xADF9, 0xADF9, 0xADF9, 0xADF9, 0xAE19, 0xB619, 0xAE19, 0xB619, 0xADF9, 0x8D16,
    0x84B5, 0x84D6, 0x8D17, 0x424A, 0x0000, 0x0000, 0x0000, 0x0000, 0x0000, 0x0000, 0x0000, 0x94F3,
    0x0000, 0xD71C, 0x0000, 0xD73D, 0x0000, 0x0000, 0x0000, 0x0000, 0x0000, 0x0000, 0x0000, 0x0000,
    0xD73D, 0xD73D, 0xD71C, 0x0000, 0x94F3, 0x0000, 0x0000, 0x0000, 0x0000, 0x0000, 0x0000, 0x0000,
    0x424A, 0x8D17, 0x84D5, 0x7C95, 0x8CF6, 0xADF9, 0xAE19, 0xADF9, 0xADF9, 0xADF9, 0xADF9, 0xADF9,
    0xAE19, 0xB619, 0xB619, 0xAE19, 0xB619, 0xAE19, 0xAE19, 0xAE19, 0xADF9, 0xAE19, 0xAE19, 0xAE19,
    0xADF9, 0xADF9, 0xADF9, 0xB63A, 0x634E, 0x9D76, 0xADF9, 0xA5D8, 0xADF9, 0x9D77, 0x2125, 0x0000,
    0x0000, 0x0000, 0x0000, 0x0000, 0x0000, 0x0000, 0x0000, 0x0000, 0x0000, 0x0000, 0x0000, 0x0000,
    0x0000, 0x0000, 0x0000, 0x0000, 0x0000, 0x0000, 0x0000, 0x0000, 0x0000, 0x0000, 0x0000, 0x0000,
    0x0000, 0x10C3, 0x9536, 0xADD9, 0xA5D8, 0xADD9, 0x9D36, 0x9D77, 0xADF9, 0xA5B8, 0xADD8, 0xADF9,
    0xADF9, 0xADF9, 0xADF9, 0xB619, 0xADF9, 0xADF8, 0xADF9, 0xAE19, 0xB619, 0xAE19, 0xADF9, 0xAE19,
    0xAE19, 0xB619, 0xADF9, 0xADF9, 0xADF9, 0xADF9, 0xB619, 0xADF9, 0x8CF6, 0x84B5, 0x84B5, 0x8D17,
    0x52ED, 0x0000, 0x0000, 0x0000, 0x0000, 0x0000, 0x0000, 0x2965, 0x0000, 0xD73D, 0xD71D, 0xD71D,
    0xD71D, 0xD73D, 0x0000, 0x0000, 0xD73D, 0xD73D, 0xD73D, 0xD73D, 0xD73D, 0xD73D, 0xD71C, 0x0000,
    0x31A6, 0x0000, 0x0000, 0x0000, 0x0000, 0x0000, 0x0000, 0x4AAC, 0x8D17, 0x84B5, 0x84B5, 0x8CF6,
    0xADD9, 0xAE19, 0xADF9, 0xADD9, 0xADF9, 0xADF9, 0xADF9, 0xB619, 0xB619, 0xAE19, 0xADF9, 0xAE19,
    0xAE19, 0xAE19, 0xADF9, 0xAE19, 0xAE19, 0xAE19, 0xADF9, 0xADF9, 0xADF9, 0xADF9, 0xADF9, 0xAE19,
    0xA5B7, 0x9D76, 0xADF9, 0xA5D8, 0xA5D8, 0x9557, 0x2125, 0x0000, 0x0000, 0x0000, 0x0000, 0x0000,
    0x0000, 0x0000, 0x0000, 0x0000, 0x0000, 0x0000, 0x0000, 0x0000, 0x0000, 0x0000, 0x0000, 0x0000,
    0x0000, 0x0000, 0x0000, 0x0000, 0x0000, 0x0000, 0x0000, 0x0000, 0x0000, 0x10C3, 0x8D16, 0xADD8,
    0xA5D8, 0xA5D8, 0xADD9, 0xADF9, 0xADD8, 0xADF9, 0xA5D8, 0xADF9, 0xADF9, 0xADF9, 0xADF9, 0xADF9,
    0xADF9, 0xADF9, 0xADF9, 0xAE19, 0xAE19, 0xB619, 0xB619, 0xADF9, 0xADF9, 0x9D98, 0x9537, 0x8D17,
    0x8CF6, 0x84F6, 0x8CF6, 0x9537, 0x9536, 0x84B5, 0x84D6, 0x84B5, 0x8D37, 0x6390, 0x0000, 0x0000,
    0x0000, 0x0000, 0x0000, 0x0000, 0xC69A, 0xD73D, 0xD71C, 0xD71D, 0xD71C, 0xD71C, 0xD71D, 0xD71C,
    0xD71C, 0xD71C, 0xD71D, 0xD71D, 0xD71D, 0xD71D, 0xD71D, 0xC6BB, 0x10A2, 0x0000, 0x0000, 0x0000,
    0x0000, 0x0000, 0x5B2E, 0x8D17, 0x84B5, 0x84B5, 0x84B5, 0x8D16, 0x9537, 0x8CF6, 0x84D6, 0x84D6,
    0x8D16, 0x9537, 0x9D78, 0xA5D9, 0xADF9, 0xADF9, 0xADF9, 0xADF9, 0xADF9, 0xADF9, 0xAE19, 0xADF9,
    0xAE19, 0xAE19, 0xADF9, 0xADF9, 0xADF9, 0xADF9, 0xADF9, 0xADD8, 0xADF9, 0xADF9, 0xADF9, 0xA5D9,
    0xA5D8, 0x9537, 0x2125, 0x0000, 0x0000, 0x0000, 0x0000, 0x0000, 0x0000, 0x0000, 0x0000, 0x0000,
    0x0000, 0x0000, 0x0000, 0x0000, 0x0000, 0x0000, 0x0000, 0x0000, 0x0000, 0x0000, 0x0000, 0x0000,
    0x0000, 0x0000, 0x0000, 0x0000, 0x0000, 0x10C3, 0x8D16, 0xADF8, 0xADD8, 0xADD8, 0xA5D8, 0xADD8,
    0xADD8, 0xADF9, 0xA5D8, 0xADD9, 0xADF9, 0xADF9, 0xADF9, 0xADF9, 0xADF9, 0xADF9, 0xADF9, 0xADF9,
    0xB619, 0xAE1A, 0x9557, 0x7412, 0x5B4F, 0x530D, 0x5B4E, 0x6BF1, 0x84B4, 0x8CF6, 0x84B5, 0x7C95,
    0x84D6, 0x84D6, 0x84B5, 0x84D6, 0x84B5, 0x8D17, 0x7432, 0x1904, 0x0000, 0x0000, 0x0000, 0x2965,
    0xD71D, 0xCF1D, 0xCEFC, 0xCEFC, 0xCF1C, 0xD71C, 0xD71C, 0xCF1C, 0xCF1C, 0xCF1C, 0xCF1C, 0xCF1C,
    0xCF1C, 0xCEFC, 0xCEFC, 0xD73D, 0x3186, 0x0000, 0x0000, 0x0000, 0x1904, 0x6BF2, 0x8D17, 0x84B5,
    0x84B5, 0x84B5, 0x84B5, 0x84D6, 0x7C95, 0x7C95, 0x8CF6, 0x84B4, 0x6BD1, 0x5B2E, 0x52ED, 0x5B2F,
    0x7412, 0x9557, 0xADF9, 0xB5F9, 0xADF9, 0xADF9, 0xB619, 0xAE19, 0xADF9, 0xADF9, 0xADF9, 0xADF9,
    0xADF9, 0xADF9, 0xADF9, 0xADF9, 0xADD8, 0xADF9, 0xADD9, 0xA5D9, 0xADD9, 0x9536, 0x2125, 0x0000,
    0x0000, 0x0000, 0x0000, 0x0000, 0x0000, 0x0000, 0x0000, 0x0000, 0x0000, 0x0000, 0x0000, 0x0000,
    0x0000, 0x0000, 0x0000, 0x0000, 0x0000, 0x0000, 0x0000, 0x0000, 0x0000, 0x0000, 0x0000, 0x0000,
    0x0000, 0x10C3, 0x8CF5, 0xADD8, 0xADD8, 0xADD8, 0xA5D8, 0xA5D8, 0xADD8, 0xADD8, 0xADD8, 0xADF9,
    0xADF9, 0xADD9, 0xADF9, 0xADF9, 0xADF9, 0xADF9, 0xADF8, 0xB61A, 0x9557, 0x52ED, 0x39E8, 0x52CB,
    0x8451, 0xA576, 0xBE39, 0x0000, 0x0000, 0x0000, 0xC67A, 0x9D37, 0x7433, 0x84D6, 0x8CF6, 0x84B5,
    0x84D6, 0x84B5, 0x8CF6, 0x84D5, 0x52CD, 0x2145, 0x2146, 0x9535, 0xD75E, 0xCEFC, 0xCF1C, 0xCEFC,
    0xCEFC, 0xCEFC, 0xCEFC, 0xCEFC, 0xCEFC, 0xCEFC, 0xCF1C, 0xCF1C, 0xCEFC, 0xCEFC, 0xCEDC, 0xD73D,
    0x9D76, 0x2146, 0x2146, 0x52CD, 0x84D6, 0x8D16, 0x84B5, 0x84D6, 0x84B5, 0x84D6, 0x84D6, 0x7433,
    0x94F5, 0xBE3A, 0x0000, 0x0000, 0x0000, 0xBE38, 0xA575, 0x8451, 0x52CC, 0x3A09, 0x530E, 0x9537,
    0xB61A, 0xB5F9, 0xADF9, 0xAE19, 0xAE19, 0xADF9, 0xADF9, 0xADF9, 0xADF9, 0xADF9, 0xADF9, 0xADF9,
    0xADD8, 0xADD8, 0xA5D8, 0xA5D8, 0xA5D8, 0x8D16, 0x1905, 0x0000, 0x0000, 0x0000, 0x0000, 0x0000,
    0x0000, 0x0000, 0x0000, 0x0000, 0x0000, 0x0000, 0x0000, 0x0000, 0x0000, 0x0000, 0x0000, 0x0000,
    0x0000, 0x0000, 0x0000, 0x0000, 0x0000, 0x0000, 0x0000, 0x0000, 0x0000, 0x10A3, 0x8CD5, 0xADD8,
    0xADD8, 0xA5D8, 0xA5D8, 0xADD8, 0xADD8, 0xADD8, 0xADF9, 0xADD8, 0xADD8, 0xADD9, 0xADF9, 0xADF9,
    0xADD8, 0xADF9, 0xB63A, 0x6BF1, 0x2967, 0x634D, 0xB639, 0x0000, 0x0000, 0x0000, 0x0000, 0x0000,
    0x0000, 0x0000, 0x0000, 0x0000, 0xA515, 0x630E, 0x7C53, 0x8D17, 0x84D5, 0x84D6, 0x84D5, 0x84D6,
    0x8D17, 0x8CF6, 0x8CF6, 0x9537, 0xCEFC, 0xD71C, 0xCF1C, 0xCF1C, 0xCEFC, 0xCEFC, 0xCEFC, 0xCEFC,
    0xCEFC, 0xCEFC, 0xCEFC, 0xCEFC, 0xCEFC, 0xCEFC, 0xCEFC, 0xCEFC, 0x9D98, 0x8CF6, 0x8CF6, 0x8D17,
    0x84D6, 0x84D5, 0x84D6, 0x84B5, 0x8D17, 0x7453, 0x632E, 0xA516, 0xD6FC, 0x0000, 0x0000, 0x0000,
    0x0000, 0x0000, 0x0000, 0x0000, 0x0000, 0xBE38, 0x634D, 0x2146, 0x63B0, 0xB61A, 0xB619, 0xADF9,
    0xADF9, 0xADF9, 0xADF9, 0xADF9, 0xADF9, 0xADF9, 0xADF9, 0xADF9, 0xADD8, 0xADD9, 0xA5D8, 0xADD9,
    0xA5B8, 0x8CF6, 0x18E4, 0x0000, 0x0000, 0x0000, 0x0000, 0x0000, 0x0000, 0x0000, 0x0000, 0x0000,
    0x0000, 0x0000, 0x0000, 0x0000, 0x0000, 0x0000, 0x0000, 0x0000, 0x0000, 0x0000, 0x0000, 0x0000,
    0x0000, 0x0000, 0x0000, 0x0000, 0x0000, 0x0882, 0x8495, 0xA5B8, 0xADF8, 0xA5D8, 0xADD8, 0xADD8,
    0xA5D8, 0xADF8, 0xADF9, 0xADF9, 0xADD8, 0xADD8, 0xADF9, 0xADF9, 0xADF9, 0xB61A, 0x52ED, 0x39A8,
    0xAD97, 0x0000, 0xCEBB, 0x0000, 0x83F1, 0x5ACC, 0x4A4A, 0x4A2A, 0x5AAB, 0x7BB0, 0x0000, 0xCE9B,
    0x0000, 0xB597, 0x528B, 0x6390, 0x8D37, 0x84D5, 0x84D6, 0x84D6, 0x84B5, 0x84B5, 0x84D6, 0x7C94,
    0x9D56, 0xD73D, 0xCEFC, 0xCEFC, 0xCEFC, 0xCEFC, 0xCEFC, 0xCEFC, 0xCEFC, 0xCEFC, 0xCEFC, 0xCEDC,
    0xCEFC, 0xCEFC, 0xD73D, 0xA5B8, 0x7C74, 0x84D6, 0x84D6, 0x84B5, 0x84D6, 0x84D6, 0x84B5, 0x8D37,
    0x6390, 0x526B, 0x0000, 0x0000, 0xD6DC, 0xB597, 0x8411, 0x5ACC, 0x4A29, 0x4209, 0x528B, 0x7BB0,
    0xA515, 0xCE9B, 0x0000, 0xAD97, 0x39A7, 0x42AC, 0xADF9, 0xB619, 0xADF9, 0xADF9, 0xADF9, 0xADF9,
    0xADF9, 0xADF9, 0xADF9, 0xADF9, 0xADF9, 0xADD9, 0xADD9, 0xADD9, 0xA5B8, 0x84B5, 0x10C3, 0x0000,
    0x0000, 0x0000, 0x0000, 0x0000, 0x0000, 0x0000, 0x0000, 0x0000, 0x0000, 0x0000, 0x0000, 0x0000,
    0x0000, 0x0000, 0x0000, 0x0000, 0x0000, 0x0000, 0x0000, 0x0000, 0x0000, 0x0000, 0x0000, 0x0000,
    0x0000, 0x0000, 0x7C53, 0xA598, 0xADD8, 0xA5D8, 0xADD8, 0xADD8, 0xA5B8, 0xADD8, 0xADF9, 0xADF9,
    0xADD8, 0xADD8, 0xADD8, 0xADF9, 0xB63A, 0x4ACC, 0x4A2A, 0xC65A, 0xCE7B, 0x83D1, 0x3146, 0x0000,
    0x0000, 0x0000, 0x0000, 0x0000, 0x0000, 0x0000, 0x0000, 0x2925, 0x8C11, 0xD6BC, 0xBDB9, 0x4A2A,
    0x532E, 0x8D37, 0x84D5, 0x84D6, 0x84D6, 0x84D6, 0x84D6, 0x8CF6, 0x6BF1, 0xBE59, 0xD73D, 0xCEFC,
    0xCEFC, 0xCEFC, 0xCEFC, 0xCEFC, 0xCEFC, 0xCEDC, 0xCEDC, 0xCEFC, 0xCEFC, 0xD71D, 0xC69B, 0x73F1,
    0x8CF6, 0x84D6, 0x84D6, 0x84D6, 0x84D6, 0x84B5, 0x8D38, 0x5B4F, 0x4A09, 0xBD98, 0x0000, 0x9CD4,
    0x41E8, 0x0000, 0x0000, 0x0000, 0x0000, 0x0000, 0x0000, 0x0000, 0x0000, 0x2105, 0x738F, 0xC63A,
    0xC65A, 0x524A, 0x426B, 0xB63A, 0xAE19, 0xADF9, 0xADF9, 0xADF9, 0xADF8, 0xADD9, 0xADD8, 0xADD8,
    0xADD8, 0xADD9, 0xADD9, 0xADD8, 0x9D98, 0x7C94, 0x0882, 0x0000, 0x0000, 0x0000, 0x0000, 0x0000,
    0x0000, 0x0000, 0x0000, 0x0000, 0x0000, 0x0000, 0x0000, 0x0000, 0x0000, 0x0000, 0x0000, 0x0000,
    0x0000, 0x0000, 0x0000, 0x0000, 0x0000, 0x0000, 0x0000, 0x0000, 0x0000, 0x0000, 0x7412, 0x9D78,
    0xADF8, 0xADD8, 0xADF8, 0xADD8, 0xADD8, 0xA5D8, 0xADD8, 0xADD8, 0xADD8, 0xADD8, 0xADD8, 0xBE5A,
    0x6BAF, 0x526B, 0xBDD9, 0x9CD5, 0x3167, 0x0000, 0x0000, 0x5248, 0x83CE, 0xACD2, 0xC5B5, 0xBD74,
    0xAD13, 0x9470, 0x62CA, 0x0000, 0x0000, 0x39C8, 0x0000, 0x0000, 0x41E9, 0x6390, 0x8D17, 0x84B5,
    0x84D6, 0x84D6, 0x84D6, 0x8CF6, 0x7453, 0x7C31, 0x0000, 0xCEFC, 0xCEFC, 0xCEFC, 0xCEFC, 0xCEDC,
    0xCEFC, 0xCEFC, 0xCEFC, 0xCEFC, 0xCEDB, 0x0000, 0x8472, 0x7412, 0x8D17, 0x84D6, 0x84D6, 0x84D6,
    0x84D5, 0x8D17, 0x6BD1, 0x39C8, 0x0000, 0x0000, 0x528B, 0x0000, 0x0000, 0x5268, 0x942F, 0xACF2,
    0xBD74, 0xCDD6, 0xBD54, 0x8C0F, 0x5A89, 0x1081, 0x0000, 0x20E4, 0x8C33, 0x0000, 0x526B, 0x5B2D,
    0xBE7B, 0xADF9, 0xADF9, 0xADF9, 0xADF9, 0xADF9, 0xADF9, 0xADD8, 0xA5D8, 0xADF9, 0xA5D8, 0xADD9,
    0x9D77, 0x7453, 0x0000, 0x0000, 0x0000, 0x0000, 0x0000, 0x0000, 0x0000, 0x0000, 0x0000, 0x0000,
    0x0000, 0x0000, 0x0000, 0x0000, 0x0000, 0x0000, 0x0000, 0x0000, 0x0000, 0x0000, 0x0000, 0x0000,
    0x0000, 0x0000, 0x0000, 0x0000, 0x0000, 0x0000, 0x63D1, 0x9557, 0xADD8, 0xA5B8, 0x9515, 0xB619,
    0xADD8, 0xADD8, 0xADD9, 0xADF9, 0xADD9, 0xADD8, 0xB63A, 0x8CF4, 0x526B, 0x0000, 0x7BB0, 0x0000,
    0x0000, 0x5A89, 0xB533, 0xDE37, 0xF73A, 0xCE57, 0x736C, 0x49E7, 0x41C6, 0x5269, 0x8C0F, 0x0000,
    0x5AAA, 0x0000, 0x18A3, 0x9453, 0x0000, 0x31A7, 0x7C74, 0x84F6, 0x84B5, 0x84D6, 0x84D6, 0x84B5,
    0x8D17, 0x530D, 0xB639, 0xD73D, 0xCEDC, 0xCEFC, 0xCEFC, 0xCEFC, 0xCEFC, 0xCEFC, 0xCEFC, 0xCEFC,
    0xCF1D, 0xBE7A, 0x52CC, 0x8D16, 0x84D6, 0x84D6, 0x84D6, 0x84D6, 0x84F6, 0x7CB5, 0x31A7, 0xA495,
    0xA495, 0x2925, 0x0000, 0x4207, 0xB533, 0x9450, 0x5AAA, 0x49E7, 0x4A07, 0x734C, 0xCE16, 0xF73A,
    0xD637, 0xBD54, 0x732C, 0x0000, 0x0000, 0x62ED, 0x0000, 0x526B, 0x8493, 0xBE5A, 0xADF9, 0xADF9,
    0xADF9, 0xADF9, 0xADF9, 0xADD8, 0xAE19, 0x9515, 0xA5B8, 0xADF9, 0x9537, 0x7412, 0x0000, 0x0000,
    0x0000, 0x0000, 0x0000, 0x0000, 0x0000, 0x0000, 0x0000, 0x0000, 0x0000, 0x0000, 0x0000, 0x0000,
    0x0000, 0x0000, 0x0000, 0x0000, 0x0000, 0x0000, 0x0000, 0x0000, 0x0000, 0x0000, 0x0000, 0x0000,
    0x0000, 0x0000, 0x5B4F, 0x8D17, 0xA5B8, 0xB63A, 0x7C52, 0x84B3, 0xB65A, 0xA5B8, 0xADF9, 0xADF9,
    0xADD9, 0xADD9, 0xADF9, 0x634E, 0x9CB5, 0x736F, 0x0000, 0x10A2, 0x9C70, 0xDE57, 0xE6D8, 0x0000,
    0xB574, 0x2903, 0x30C2, 0x4123, 0x4143, 0x38E2, 0x1820, 0x41C6, 0xCDF6, 0x942F, 0x0000, 0x0000,
    0x9C53, 0x83B1, 0x424A, 0x8D17, 0x84B5, 0x84D6, 0x84D6, 0x84B5, 0x8D17, 0x5B70, 0x7C10, 0x0000,
    0xC6DC, 0xCEFC, 0xCEFC, 0xCEFC, 0xCEFC, 0xCF1C, 0xCEFC, 0xCEDC, 0x0000, 0x8472, 0x5B2E, 0x8D17,
    0x84B5, 0x84D6, 0x84D6, 0x84B5, 0x8D37, 0x426B, 0x7370, 0x0000, 0x18C3, 0x0000, 0x7B8D, 0xCDF6,
    0x5269, 0x2081, 0x3902, 0x4143, 0x4123, 0x2060, 0x20A1, 0xA512, 0x0000, 0xE6D8, 0xDE57, 0xAD13,
    0x3165, 0x0000, 0x528C, 0xA4B5, 0x5AED, 0xADD8, 0xADF9, 0xADF9, 0xADF9, 0xADF9, 0xADD8, 0xB65A,
    0x8CD4, 0x7411, 0xB619, 0xA5B8, 0x8D17, 0x63B0, 0x0000, 0x0000, 0x0000, 0x0000, 0x0000, 0x0000,
    0x0000, 0x0000, 0x0000, 0x0000, 0x0000, 0x0000, 0x0000, 0x0000, 0x0000, 0x0000, 0x0000, 0x0000,
    0x0000, 0x0000, 0x0000, 0x0000, 0x0000, 0x0000, 0x0000, 0x0000, 0x0000, 0x0000, 0x4ACC, 0x8D17,
    0x9557, 0xB619, 0xADD9, 0x426B, 0x9515, 0xB65A, 0xADD8, 0xADD9, 0xADD8, 0xB639, 0x94D4, 0x8C13,
    0x7B90, 0x0000, 0x2104, 0xB533, 0xDE98, 0xEF3A, 0x0000, 0xCE16, 0x20A1, 0x4943, 0x51C4, 0x51A4,
    0x4963, 0x6247, 0x8BCE, 0x30E2, 0x4A07, 0xEEF9, 0x9C70, 0x0000, 0x1082, 0xA4B5, 0x528C, 0x6C12,
    0x8CF6, 0x84D5, 0x84B5, 0x9536, 0xA5B8, 0x7C95, 0x4A8B, 0xCEFC, 0xCEFC, 0xCEFC, 0xD71C, 0xD71C,
    0xD71C, 0xD71C, 0xCF1C, 0xCEFC, 0xD73D, 0x52CC, 0x7453, 0xA5B8, 0x9536, 0x84B5, 0x84D5, 0x8CF6,
    0x7412, 0x4A2A, 0x0000, 0x2125, 0x0000, 0x8BEF, 0xEEFA, 0x62EA, 0x2881, 0x59C4, 0x51C4, 0x5184,
    0x4984, 0x8BCD, 0x6A88, 0x1840, 0xB5B4, 0x0000, 0xEF3A, 0xDE97, 0xC595, 0x41E7, 0x0000, 0x5AAC,
    0x8C34, 0x8CB4, 0xB63A, 0xADF9, 0xADF9, 0xADD8, 0xBE5B, 0x9515, 0x424A, 0xA5B8, 0xB619, 0x9557,
    0x8CF6, 0x532E, 0x0000, 0x0000, 0x0000, 0x0000, 0x0000, 0x0000, 0x0000, 0x0000, 0x0000, 0x0000,
    0x0000, 0x0000, 0x0000, 0x0000, 0x0000, 0x0000, 0x0000, 0x0000, 0x0000, 0x0000, 0x0000, 0x0000,
    0x0000, 0x0000, 0x0000, 0x0000, 0x0000, 0x0000, 0x3A09, 0x8D17, 0x7CB5, 0x9D77, 0xBE7B, 0x9D56,
    0x29A7, 0x8493, 0xB63A, 0xADD8, 0xADF8, 0xA5B8, 0x94D5, 0x83D2, 0x0000, 0x18C3, 0xB533, 0xDE78,
    0xF75A, 0xF75A, 0x0000, 0x5269, 0x30C1, 0x51A4, 0x4143, 0x1881, 0x0000, 0xD699, 0x0000, 0xACB1,
    0x1000, 0xA4F2, 0xF73A, 0x940F, 0x0000, 0x3186, 0x8BF2, 0x530D, 0x8D17, 0x84B5, 0x84D6, 0xADD8,
    0xB619, 0xA5D9, 0x426B, 0xAD96, 0x0000, 0xCEFC, 0xD71C, 0xD71C, 0xD71C, 0xD71C, 0xCF1C, 0xD73D,
    0xB618, 0x424A, 0x9D98, 0xAE19, 0xA5D8, 0x84D6, 0x84B5, 0x8D17, 0x52ED, 0x8C13, 0x4A09, 0x0000,
    0x7B6D, 0xEEF9, 0xBDD5, 0x20A1, 0x51A4, 0x4984, 0x3103, 0x0000, 0x7BAE, 0x0000, 0x0000, 0x4102,
    0x41E6, 0x0000, 0xF75A, 0xF77A, 0xDE97, 0xC595, 0x39A6, 0x0000, 0x630E, 0x94F6, 0xA5B8, 0xADF9,
    0xADF8, 0xB63A, 0x8473, 0x29A7, 0x9536, 0xB65A, 0x9557, 0x84B5, 0x8D17, 0x424A, 0x0000, 0x0000,
    0x0000, 0x0000, 0x0000, 0x0000, 0x0000, 0x0000, 0x0000, 0x0000, 0x0000, 0x0000, 0x0000, 0x0000,
    0x0000, 0x0000, 0x0000, 0x0000, 0x0000, 0x0000, 0x0000, 0x0000, 0x0000, 0x0000, 0x0000, 0x0000,
    0x0000, 0x0000, 0x2146, 0x8CF6, 0x84B5, 0x7C74, 0x6BF1, 0x84B4, 0x7412, 0x2125, 0x636F, 0x9D78,
    0x9537, 0x8CF6, 0x8C95, 0x18C3, 0x0000, 0xACD2, 0xDE77, 0xF75A, 0xF75A, 0x0000, 0xDEB8, 0x2903,
    0x4963, 0x4963, 0x0000, 0x0000, 0x0000, 0x9492, 0x0000, 0x838C, 0x2880, 0x62CA, 0x0000, 0xDE77,
    0x6B0B, 0x0000, 0x524B, 0x634F, 0x7C95, 0x84D5, 0x9557, 0xB619, 0xADF8, 0xBE5A, 0x5B6F, 0x7C10,
    0x0000, 0xD6FC, 0xD71D, 0xD71D, 0xD73D, 0xD71D, 0xD6FC, 0x0000, 0x8472, 0x52ED, 0xB65A, 0xADD8,
    0xB619, 0x9557, 0x84B5, 0x7CB5, 0x634F, 0x6B0E, 0x0000, 0x5A89, 0xDE37, 0x0000, 0x7BCD, 0x30C1,
    0x59C4, 0x28E2, 0x0000, 0x0000, 0x4208, 0x0000, 0xB574, 0x4963, 0x28C2, 0xCE16, 0x0000, 0xF75A,
    0xF77A, 0xDE57, 0xBD53, 0x2104, 0x0000, 0x7C33, 0x8CF6, 0x8CF6, 0x9558, 0x5B4E, 0x1925, 0x6BF1,
    0x8494, 0x7412, 0x7C94, 0x84B5, 0x8CF6, 0x29A7, 0x0000, 0x0000, 0x0000, 0x0000, 0x0000, 0x0000,
    0x0000, 0x0000, 0x0000, 0x0000, 0x0000, 0x0000, 0x0000, 0x0000, 0x0000, 0x0000, 0x0000, 0x0000,
    0x0000, 0x0000, 0x0000, 0x0000, 0x0000, 0x0000, 0x0000, 0x0000, 0x0000, 0x0000, 0x10C3, 0x84B5,
    0x9517, 0xA5B8, 0x84B3, 0x636F, 0x52ED, 0x3A29, 0x0000, 0x29A8, 0x7453, 0x8CF6, 0x2166, 0x0000,
    0x7BAE, 0xE678, 0xE6B8, 0x0000, 0xEF3A, 0x0000, 0xCE36, 0x28E2, 0x51A4, 0x4143, 0x0000, 0x0000,
    0x0000, 0x0000, 0x18A2, 0x4963, 0x3902, 0x4A27, 0x0000, 0xEF3A, 0xCDF6, 0x3145, 0x0000, 0x6B4F,
    0x7C53, 0x84F6, 0xA5B8, 0xAE19, 0xADF9, 0xBE5A, 0x8CB4, 0x52EB, 0x0000, 0xD71C, 0xD73D, 0xD73D,
    0xD73D, 0xD71D, 0xD6FC, 0x0000, 0x5B2D, 0x7C32, 0xB65A, 0xADF9, 0xB619, 0xA5B8, 0x84D6, 0x7454,
    0x7370, 0x1082, 0x18C3, 0xC5B5, 0xEF19, 0x0000, 0x62EA, 0x38E2, 0x59C4, 0x1881, 0x0000, 0x0000,
    0x0000, 0x0000, 0x30E2, 0x51A4, 0x28A1, 0xAD53, 0x0000, 0xEF3A, 0x0000, 0xE6F9, 0xDE16, 0xA4B2,
    0x0000, 0x18C3, 0x84B5, 0x7C54, 0x29A7, 0x0000, 0x31C8, 0x4ACC, 0x638F, 0x8CB4, 0xA5B8, 0x9536,
    0x84B5, 0x1904, 0x0000, 0x0000, 0x0000, 0x0000, 0x0000, 0x0000, 0x0000, 0x0000, 0x0000, 0x0000,
    0x0000, 0x0000, 0x0000, 0x0000, 0x0000, 0x0000, 0x0000, 0x0000, 0x0000, 0x0000, 0x0000, 0x0000,
    0x0000, 0x0000, 0x0000, 0x0000, 0x0000, 0x0000, 0x0000, 0x7C53, 0x9D57, 0xB63A, 0xADF9, 0x8CF5,
    0x636F, 0x424A, 0x31C8, 0x18E4, 0x4AED, 0x7C74, 0x3187, 0x0000, 0x1081, 0x734C, 0xCDF6, 0xF73A,
    0x0000, 0x0000, 0xD677, 0x3123, 0x7245, 0x6225, 0x0000, 0x0000, 0x0000, 0x0000, 0x20C1, 0x7A86,
    0x4963, 0x5A89, 0x0000, 0xF75A, 0xE6D9, 0x9C50, 0x0000, 0x31A7, 0x8495, 0x8CF6, 0xADF9, 0xADF9,
    0xAE19, 0xB619, 0xA5D8, 0x4A8B, 0xD71C, 0xD73D, 0xD73D, 0x0000, 0x0000, 0xD71D, 0xD71C, 0xD73D,
    0x4AAB, 0x9D77, 0xB639, 0xADF9, 0xADF9, 0xADF9, 0x8CF6, 0x84B5, 0x422A, 0x0000, 0x8BEF, 0xE6B8,
    0xEF5A, 0x0000, 0x734C, 0x4942, 0x7A86, 0x3923, 0x0000, 0x0000, 0x0000, 0x0000, 0x59C4, 0x7245,
    0x28E2, 0xBDB4, 0x0000, 0xF75A, 0xF75A, 0xD657, 0x8C0F, 0x2103, 0x0000, 0x2105, 0x8CB5, 0x6390,
    0x2125, 0x31C8, 0x424A, 0x5B4F, 0x8CF5, 0xADF9, 0xB65A, 0x9D98, 0x7C94, 0x10A3, 0x0000, 0x0000,
    0x0000, 0x0000, 0x0000, 0x0000, 0x0000, 0x0000, 0x0000, 0x0000, 0x0000, 0x0000, 0x0000, 0x0000,
    0x0000, 0x0000, 0x0000, 0x0000, 0x0000, 0x0000, 0x0000, 0x0000, 0x0000, 0x0000, 0x0000, 0x0000,
    0x0000, 0x0000, 0x0000, 0x7C53, 0x8CF6, 0x73F1, 0x4A8B, 0x4ACD, 0x6370, 0x5B4F, 0x6390, 0x8D16,
    0x9557, 0x84D5, 0x8C95, 0x7370, 0x2105, 0x0000, 0x18A2, 0x7BAE, 0xD637, 0x0000, 0x0000, 0x4A27,
    0x61E4, 0x7A86, 0x4984, 0x0000, 0x0000, 0x1881, 0x6205, 0x82A6, 0x4122, 0x9470, 0x0000, 0x0000,
    0xE6B8, 0xD617, 0x4207, 0x0000, 0x7413, 0x9D77, 0xB619, 0xAE19, 0xAE19, 0xADF9, 0xB65A, 0x52CC,
    0xBE59, 0x0000, 0xD73D, 0x0000, 0x0000, 0xD73D, 0x0000, 0xC6BB, 0x4AAB, 0xB619, 0xADF9, 0xADF9,
    0xADF9, 0xB619, 0x9557, 0x8495, 0x0000, 0x3165, 0xD5F6, 0xE698, 0x0000, 0x0000, 0xAD53, 0x3902,
    0x7A86, 0x6A25, 0x20C2, 0x0000, 0x0000, 0x4143, 0x7A86, 0x6A25, 0x41A5, 0xF75A, 0x0000, 0xDE98,
    0x9450, 0x3165, 0x0000, 0x1082, 0x62ED, 0x94D5, 0xADF9, 0xB61A, 0x9D77, 0x6BD1, 0x5B4F, 0x5B4F,
    0x52ED, 0x4ACD, 0x6BD1, 0x84D5, 0x7C74, 0x0882, 0x0000, 0x0000, 0x0000, 0x0000, 0x0000, 0x0000,
    0x0000, 0x0000, 0x0000, 0x0000, 0x0000, 0x0000, 0x0000, 0x0000, 0x0000, 0x0000, 0x0000, 0x0000,
    0x0000, 0x0000, 0x0000, 0x0000, 0x0000, 0x0000, 0x0000, 0x0000, 0x0000, 0x0000, 0x0000, 0x7C74,
    0x7C54, 0x6BF2, 0x8CF6, 0x7453, 0x5B2E, 0x7411, 0xADD8, 0xCEDB, 0xCEFC, 0xCEDC, 0xBE5A, 0x8C74,
    0x9475, 0x7BF0, 0x2145, 0x0000, 0x0000, 0x5269, 0xB533, 0x8C30, 0x3923, 0x82A6, 0x82A6, 0x7286,
    0x6A45, 0x7AA6, 0x82A6, 0x6A25, 0x41A5, 0xD657, 0xBDB4, 0x8BEE, 0x5269, 0x2924, 0x0000, 0x0000,
    0x4AAC, 0xB61A, 0xADF9, 0xAE19, 0xB619, 0xADF9, 0xBE7B, 0x634D, 0xADB7, 0x0000, 0xD73C, 0x0000,
    0x0000, 0xD73C, 0x0000, 0xB618, 0x5AEC, 0xBE5A, 0xADF9, 0xADF9, 0xADF9, 0xADF9, 0xAE1A, 0x5B4F,
    0x0000, 0x0000, 0x2103, 0x4A28, 0x7BAD, 0xAD33, 0xD678, 0x4A07, 0x6204, 0x82C6, 0x82A6, 0x6A45,
    0x7266, 0x82A6, 0x82A6, 0x4143, 0x840F, 0xC5D5, 0x6B2C, 0x20E3, 0x0000, 0x0000, 0x630D, 0x9C95,
    0x9CD5, 0xC69B, 0xCEFC, 0xCEFC, 0xCEFC, 0xB619, 0x7C31, 0x5B2E, 0x7412, 0x84F6, 0x6C12, 0x7433,
    0x84B5, 0x10A3, 0x0000, 0x0000, 0x0000, 0x0000, 0x0000, 0x0000, 0x0000, 0x0000, 0x0000, 0x0000,
    0x0000, 0x0000, 0x0000, 0x0000, 0x0000, 0x0000, 0x0000, 0x0000, 0x0000, 0x0000, 0x0000, 0x0000,
    0x0000, 0x0000, 0x0000, 0x0000, 0x0000, 0x0000, 0x18E4, 0x84B5, 0x84F6, 0x84D6, 0x530E, 0x636E,
    0xB5F8, 0xD73D, 0xD71D, 0xCEFC, 0xCEFC, 0xCEFC, 0xD73D, 0xBE59, 0x6B2E, 0x9C95, 0xC5F9, 0x8CB3,
    0x3A08, 0x0000, 0x0000, 0x0000, 0x0000, 0x20A1, 0x3102, 0x3943, 0x4143, 0x3102, 0x28E2, 0x0000,
    0x0000, 0x0000, 0x0000, 0x0000, 0x0000, 0x2945, 0x4A09, 0x738F, 0xB639, 0xBE5A, 0xADF9, 0xB619,
    0xB619, 0xADF9, 0xBE7B, 0x73D0, 0x9D55, 0x0000, 0xD73C, 0x0000, 0x0000, 0x0000, 0x0000, 0xADB7,
    0x636E, 0xBE7B, 0xADF9, 0xAE19, 0xAE19, 0xADD8, 0xBE7A, 0xBE5A, 0x73B0, 0x4A09, 0x2925, 0x0000,
    0x0000, 0x0000, 0x0000, 0x0000, 0x0000, 0x30E2, 0x3902, 0x4143, 0x4143, 0x3122, 0x20A1, 0x0000,
    0x0000, 0x0000, 0x0000, 0x2144, 0x73CF, 0xB598, 0xA4B6, 0x6B2E, 0xBE39, 0xD73D, 0xCEFC, 0xCEFC,
    0xCEFC, 0xD73D, 0xD73D, 0xBE39, 0x73F0, 0x530D, 0x7C95, 0x84F6, 0x84D6, 0x2125, 0x0000, 0x0000,
    0x0000, 0x0000, 0x0000, 0x0000, 0x0000, 0x0000, 0x0000, 0x0000, 0x0000, 0x0000, 0x0000, 0x0000,
    0x0000, 0x0000, 0x0000, 0x0000, 0x0000, 0x0000, 0x0000, 0x0000, 0x0000, 0x0000, 0x0000, 0x0000,
    0x0000, 0x0000, 0x31C8, 0x8D17, 0x7453, 0x636F, 0xA576, 0xD73D, 0xCEFC, 0xC6BB, 0xCEDC, 0xCEFC,
    0xCEFC, 0xCEFC, 0xCEFC, 0x0000, 0xBE39, 0x4A6B, 0x7350, 0xBD99, 0xCE5A, 0xBE18, 0x8CB2, 0x5AEB,
    0x31C7, 0x18C3, 0x0000, 0x0000, 0x0000, 0x0000, 0x0882, 0x2124, 0x39C7, 0x52AB, 0x7BF0, 0xA4F5,
    0x0000, 0x9453, 0xA536, 0xD71D, 0xD73D, 0xCEDC, 0xB619, 0xAE19, 0xAE19, 0xADF9, 0xBE7A, 0x7C52,
    0x9D14, 0x0000, 0xD71C, 0x0000, 0x0000, 0x0000, 0x0000, 0xA576, 0x73F0, 0xBE7B, 0xADF9, 0xAE19,
    0xADF9, 0xB639, 0xCEFC, 0xD73D, 0x0000, 0x0000, 0x9432, 0x0000, 0x9CD4, 0x7BF0, 0x52CB, 0x39E7,
    0x2145, 0x10A2, 0x0000, 0x0000, 0x0000, 0x0000, 0x10A2, 0x2965, 0x4249, 0x73EF, 0xA576, 0xC63A,
    0xC5D9, 0x7B70, 0x526B, 0xB618, 0x0000, 0xCEFC, 0xD71C, 0xD6FC, 0xD6FC, 0xCEFC, 0xCEDC, 0xCF1D,
    0xD75E, 0xB5F8, 0x6BAF, 0x7412, 0x8D17, 0x3A09, 0x0000, 0x0000, 0x0000, 0x0000, 0x0000, 0x0000,
    0x0000, 0x0000, 0x0000, 0x0000, 0x0000, 0x0000, 0x0000, 0x0000, 0x0000, 0x0000, 0x0000, 0x0000,
    0x0000, 0x0000, 0x0000, 0x0000, 0x0000, 0x0000, 0x0000, 0x0000, 0x0000, 0x0000, 0x5B2E, 0x84D6,
    0x7C53, 0xBE7A, 0xCF1D, 0xC6BB, 0xC6DB, 0xCEDC, 0xCEFC, 0xCEFC, 0xCEFC, 0xCEFC, 0xD71C, 0xD6FC,
    0x0000, 0xC6BB, 0x52CB, 0x41C9, 0x83D2, 0x0000, 0xC61A, 0xD69B, 0xCE9B, 0xCE5A, 0xC639, 0xBDF8,
    0xBDF8, 0xBE18, 0xC639, 0xC63A, 0xCE5A, 0xCE3A, 0x0000, 0x83B1, 0x5ACC, 0x8CD3, 0xCEFC, 0xCF1C,
    0xCEFC, 0xCF1C, 0xC6BB, 0xAE19, 0xB619, 0xAE19, 0xBE5A, 0x8CD4, 0x9D14, 0x0000, 0xD73C, 0x0000,
    0x0000, 0x0000, 0x0000, 0xAD96, 0x8493, 0xBE7A, 0xAE19, 0xB619, 0xADF9, 0xC69B, 0xCF1C, 0xCEFC,
    0xCEFC, 0xD6FC, 0x94F4, 0x62ED, 0x83B1, 0x0000, 0xD63B, 0xD67B, 0xCE7A, 0xC659, 0xBE38, 0xBE18,
    0xBE18, 0xBE39, 0xC67A, 0xCE9B, 0xCE9B, 0xCE3B, 0xBD98, 0x8BF2, 0x41C9, 0x5AEB, 0xCEBB, 0x0000,
    0xD6FC, 0xD71C, 0xD71C, 0xD71C, 0xD71C, 0xD71C, 0xCEFC, 0xCEFC, 0xCEDC, 0xD71D, 0xC6BB, 0x84B4,
    0x84D6, 0x5B6F, 0x0000, 0x0000, 0x0000, 0x0000, 0x0000, 0x0000, 0x0000, 0x0000, 0x0000, 0x0000,
    0x0000, 0x0000, 0x0000, 0x0000, 0x0000, 0x0000, 0x0000, 0x0000, 0x0000, 0x0000, 0x0000, 0x0000,
    0x0000, 0x0000, 0x0000, 0x0000, 0x0000, 0x0000, 0x7C54, 0x9516, 0xBE5A, 0xC6DC, 0xC6BB, 0xC6DC,
    0xCEDC, 0xCEDC, 0xCEDC, 0xD6FC, 0xD73D, 0x0000, 0x0000, 0x0000, 0x0000, 0x0000, 0x0000, 0x8CB2,
    0x31A6, 0x39A7, 0x6AEE, 0x9413, 0x0000, 0x0000, 0x0000, 0xBD98, 0xBD98, 0x0000, 0x0000, 0x9C74,
    0x7B6F, 0x524A, 0x41E8, 0x636D, 0xBE59, 0x0000, 0xD71C, 0xD6FC, 0xD71C, 0xCEFC, 0xCEFC, 0xB63A,
    0xAE19, 0xB619, 0xB65A, 0x9535, 0x9D55, 0x0000, 0xD73D, 0x0000, 0x0000, 0x0000, 0x0000, 0xADB7,
    0x94F4, 0xBE5A, 0xB619, 0xB619, 0xB639, 0xCEFC, 0xCF1C, 0xCF1C, 0xD6FC, 0xD71C, 0x0000, 0xC67A,
    0x6BAE, 0x41E8, 0x524A, 0x7B70, 0x9C74, 0x0000, 0xBD98, 0xC5B9, 0xBDB9, 0xBD78, 0x0000, 0x0000,
    0x9433, 0x6B0E, 0x39A7, 0x39E7, 0x94F3, 0x0000, 0x0000, 0x0000, 0x0000, 0x0000, 0x0000, 0x0000,
    0xD71C, 0xD6FC, 0xCEFC, 0xCEFC, 0xCEFC, 0xC6DB, 0xC6DC, 0xC69B, 0x9D57, 0x7C74, 0x1082, 0x0000,
    0x0000, 0x0000, 0x0000, 0x0000, 0x0000, 0x0000, 0x0000, 0x0000, 0x0000, 0x0000, 0x0000, 0x0000,
    0x0000, 0x0000, 0x0000, 0x0000, 0x0000, 0x0000, 0x0000, 0x0000, 0x0000, 0x0000, 0x0000, 0x0000,
    0x0000, 0x29A7, 0x9537, 0xADD8, 0xC69B, 0xC6BB, 0xC6DB, 0xCEDC, 0xCEDC, 0xCEFC, 0xD75D, 0x0000,
    0x0000, 0x0000, 0x0000, 0x0000, 0x0000, 0x0000, 0x0000, 0x0000, 0x0000, 0x8C92, 0x4228, 0x2125,
    0x2945, 0x3987, 0x49E9, 0x4A2A, 0x49E9, 0x39A8, 0x3166, 0x3166, 0x4249, 0x7C50, 0xC69A, 0x0000,
    0x0000, 0xD71C, 0xD71D, 0xD71C, 0xD71C, 0xCEFC, 0xCF1C, 0xBE7A, 0xAE19, 0xB619, 0xB63A, 0x9D76,
    0xADB7, 0x0000, 0x0000, 0x0000, 0x0000, 0x0000, 0x0000, 0xB5F8, 0x9D56, 0xB65A, 0xB619, 0xB619,
    0xBE5A, 0xCF1C, 0xCEFC, 0xD71C, 0xD71C, 0xD71C, 0xD71C, 0x0000, 0x0000, 0xC69A, 0x8451, 0x4A69,
    0x3166, 0x3166, 0x41C8, 0x4A09, 0x4A2A, 0x4A09, 0x39A7, 0x2946, 0x2945, 0x4249, 0x94D3, 0x0000,
    0x0000, 0x0000, 0x0000, 0x0000, 0x0000, 0x0000, 0x0000, 0x0000, 0x0000, 0x0000, 0xD71C, 0xCEFC,
    0xCEFC, 0xCEDC, 0xC6DC, 0xC6BB, 0xAE19, 0x9558, 0x31E9, 0x0000, 0x0000, 0x0000, 0x0000, 0x0000,
    0x0000, 0x0000, 0x0000, 0x0000, 0x0000, 0x0000, 0x0000, 0x0000, 0x0000, 0x0000, 0x0000, 0x0000,
    0x0000, 0x0000, 0x0000, 0x0000, 0x0000, 0x0000, 0x0000, 0x0000, 0x0000, 0x5B2E, 0xA5B9, 0xB63A,
    0xC6BB, 0xC6BB, 0xC6DB, 0xC6DC, 0xCF1C, 0x0000, 0xDDF8, 0x0000, 0xDC94, 0xDC53, 0xDC32, 0xDC53,
    0xDCB4, 0x0000, 0xE65A, 0x0000, 0x0000, 0x0000, 0x0000, 0xCEBA, 0xA575, 0x8451, 0x6BAE, 0x6B8E,
    0x73CF, 0x8471, 0xA576, 0xCEBA, 0x0000, 0x0000, 0x0000, 0xD73C, 0xD73C, 0xD73C, 0xD73C, 0xD71D,
    0xD71C, 0xD71C, 0xD71C, 0xC6BB, 0xAE19, 0xB619, 0xB63A, 0xA5B7, 0xB618, 0x0000, 0x0000, 0x0000,
    0x0000, 0x0000, 0x0000, 0xBE39, 0xA597, 0xB63A, 0xB619, 0xB619, 0xC69B, 0xD71D, 0xD71C, 0xD71C,
    0xD71C, 0xD71C, 0xD73D, 0xD73D, 0xD71C, 0x0000, 0x0000, 0x0000, 0xCEBB, 0xAD96, 0x8C92, 0x73CF,
    0x6B8E, 0x73AE, 0x8451, 0xA575, 0xCEDB, 0x0000, 0x0000, 0x0000, 0x0000, 0xE639, 0x0000, 0xDC94,
    0xDC53, 0xD432, 0xDC53, 0xDC93, 0x0000, 0xDE39, 0x0000, 0xD73D, 0xCEFC, 0xCEDC, 0xC6DB, 0xC6DC,
    0xBE7A, 0xA5D9, 0x6370, 0x0000, 0x0000, 0x0000, 0x0000, 0x0000, 0x0000, 0x0000, 0x0000, 0x0000,
    0x0000, 0x0000, 0x0000, 0x0000, 0x0000, 0x0000, 0x0000, 0x0000, 0x0000, 0x0000, 0x0000, 0x0000,
    0x0000, 0x0000, 0x0000, 0x0000, 0x0000, 0x8474, 0xADF9, 0xBE9B, 0xC6BB, 0xC6BB, 0xC6DC, 0xCEFC,
    0xD5D8, 0xD432, 0xD3B1, 0xD3D1, 0xDBF2, 0xDC12, 0xDC12, 0xDC53, 0xDC52, 0xDBF1, 0xD3F1, 0xDCB4,
    0xDE5A, 0x0000, 0x0000, 0x0000, 0x0000, 0x0000, 0x0000, 0x0000, 0x0000, 0x0000, 0x0000, 0x0000,
    0x0000, 0x0000, 0x0000, 0x0000, 0x0000, 0x0000, 0xD73C, 0xD73D, 0xD71D, 0xD71C, 0xD71C, 0xC6DB,
    0xB619, 0xB619, 0xB639, 0xADD8, 0xC67A, 0x0000, 0x0000, 0x0000, 0x0000, 0x0000, 0x0000, 0xC6BB,
    0xADD8, 0xB639, 0xB619, 0xB619, 0xC6BB, 0xD71C, 0xD71C, 0xD71D, 0xD73D, 0xD73D, 0xD73C, 0xD75D,
    0x0000, 0x0000, 0x0000, 0x0000, 0x0000, 0x0000, 0x0000, 0x0000, 0x0000, 0x0000, 0x0000, 0x0000,
    0x0000, 0x0000, 0x0000, 0xE659, 0xDCB3, 0xDBF1, 0xD3F1, 0xDC52, 0xDC52, 0xDC11, 0xDC12, 0xDC12,
    0xDBF1, 0xD3F1, 0xD473, 0xD619, 0xCF1D, 0xCEFC, 0xCEDC, 0xC6DC, 0xC6BB, 0xAE19, 0x84D5, 0x0862,
    0x0000, 0x0000, 0x0000, 0x0000, 0x0000, 0x0000, 0x0000, 0x0000, 0x0000, 0x0000, 0x0000, 0x0000,
    0x0000, 0x0000, 0x0000, 0x0000, 0x0000, 0x0000, 0x0000, 0x0000, 0x0000, 0x0000, 0x0000, 0x0000,
    0x1925, 0x9557, 0xAE19, 0xC6BB, 0xC6BB, 0xC6DC, 0xCEDC, 0x0000, 0xCB90, 0xD3B1, 0xDC12, 0xDC12,
    0xDC12, 0xDC12, 0x0000, 0xEE19, 0xF639, 0xE597, 0xDC53, 0xDBF1, 0xD3F1, 0x0000, 0x0000, 0x0000,
    0x0000, 0x0000, 0x0000, 0x0000, 0x0000, 0x0000, 0x0000, 0x0000, 0x0000, 0x0000, 0x0000, 0x0000,
    0x0000, 0x0000, 0x0000, 0xD73C, 0xD73D, 0xD71C, 0xD71D, 0xCEDC, 0xB619, 0xB619, 0xB619, 0xADF9,
    0xCEDC, 0x0000, 0x0000, 0x0000, 0x0000, 0x0000, 0x0000, 0xD6FC, 0xADF9, 0xB619, 0xB639, 0xB619,
    0xC6DB, 0xD71C, 0xD71C, 0xD71D, 0xD73D, 0xD73D, 0x0000, 0x0000, 0x0000, 0x0000, 0x0000, 0x0000,
    0x0000, 0x0000, 0x0000, 0x0000, 0x0000, 0x0000, 0x0000, 0x0000, 0x0000, 0x0000, 0xDD76, 0xDC11,
    0xDC11, 0xDC73, 0xEDB7, 0xF659, 0xEE19, 0x0000, 0xDC32, 0xDC32, 0xDC32, 0xDC32, 0xDBF1, 0xD3B1,
    0x0000, 0xCEFC, 0xCEDC, 0xC6DB, 0xC6DC, 0xB619, 0x9D98, 0x2166, 0x0000, 0x0000, 0x0000, 0x0000,
    0x0000, 0x0000, 0x0000, 0x0000, 0x0000, 0x0000, 0x0000, 0x0000, 0x0000, 0x0000, 0x0000, 0x0000,
    0x0000, 0x0000, 0x0000, 0x0000, 0x0000, 0x0000, 0x0000, 0x0000, 0x3A09, 0xA5B8, 0xB619, 0xC6BB,
    0xC6BB, 0xC6DC, 0x0000, 0xCB6F, 0xD3D1, 0xD3F1, 0xDBF2, 0xDC12, 0xDC12, 0xDC53, 0xEE18, 0xF69A,
    0xF67A, 0xF69B, 0xED97, 0xDC32, 0xDC32, 0xDBF1, 0x0000, 0x0000, 0x0000, 0x0000, 0x0000, 0x0000,
    0x0000, 0x0000, 0x0000, 0x0000, 0x0000, 0x0000, 0x0000, 0x0000, 0x0000, 0x0000, 0x0000, 0xD73C,
    0xD73C, 0xD71C, 0xD71C, 0xCEDC, 0xB619, 0xB619, 0xB619, 0xB619, 0xD71C, 0x0000, 0x0000, 0x0000,
    0x0000, 0x0000, 0x0000, 0xD71C, 0xB619, 0xB619, 0xB619, 0xB619, 0xC6BB, 0xD71C, 0xD71C, 0xD71D,
    0xD71D, 0xD73D, 0xD73D, 0x0000, 0x0000, 0x0000, 0x0000, 0x0000, 0x0000, 0x0000, 0x0000, 0x0000,
    0x0000, 0x0000, 0x0000, 0x0000, 0x0000, 0x0000, 0xDBF1, 0xDC32, 0xDC32, 0xEDD7, 0x0000, 0xF69B,
    0xF6BB, 0xEE18, 0xDC52, 0xDC12, 0xDC12, 0xDC12, 0xDC12, 0xD3F1, 0xD390, 0x0000, 0xCEFC, 0xC6DC,
    0xC6DC, 0xB639, 0xADF9, 0x426B, 0x0000, 0x0000, 0x0000, 0x0000, 0x0000, 0x0000, 0x0000, 0x0000,
    0x0000, 0x0000, 0x0000, 0x0000, 0x0000, 0x0000, 0x0000, 0x0000, 0x0000, 0x0000, 0x0000, 0x0000,
    0x0000, 0x0000, 0x0000, 0x0000, 0x52ED, 0xADD9, 0xB619, 0xC69B, 0xC6DC, 0x0000, 0xC32F, 0xCBB0,
    0xD3D1, 0xD3F1, 0xDBF2, 0xDC12, 0xDC12, 0xDC32, 0xEDD8, 0xF69A, 0xF67A, 0xF69A, 0xEE18, 0xDC73,
    0xDC32, 0xDC52, 0xDBF1, 0xDD97, 0x0000, 0x0000, 0x0000, 0x0000, 0x0000, 0x0000, 0x0000, 0x0000,
    0x0000, 0x0000, 0x0000, 0x0000, 0x0000, 0x0000, 0x0000, 0xD73C, 0xD73C, 0xD71D, 0xD71C, 0xCEDB,
    0xB619, 0xB619, 0xB619, 0xB619, 0xD71C, 0x0000, 0x0000, 0x0000, 0x0000, 0x0000, 0x0000, 0xD71C,
    0xB619, 0xB619, 0xB619, 0xB619, 0xC6BB, 0xD71C, 0xD71C, 0xD71D, 0xD71D, 0xD73D, 0x0000, 0x0000,
    0x0000, 0x0000, 0x0000, 0x0000, 0x0000, 0x0000, 0x0000, 0x0000, 0x0000, 0x0000, 0x0000, 0x0000,
    0xDDB7, 0xDBF1, 0xDC52, 0xDC32, 0xDC73, 0xEE19, 0xF69B, 0xF69A, 0xF6BB, 0xEDB7, 0xDC32, 0xDC12,
    0xDC12, 0xDC12, 0xDC12, 0xD3F1, 0xD3D1, 0xCB4F, 0x0000, 0xCEFC, 0xC6BB, 0xB65A, 0xAE19, 0x5B4F,
    0x0000, 0x0000, 0x0000, 0x0000, 0x0000, 0x0000, 0x0000, 0x0000, 0x0000, 0x0000, 0x0000, 0x0000,
    0x0000, 0x0000, 0x0000, 0x0000, 0x0000, 0x0000, 0x0000, 0x0000, 0x0000, 0x0000, 0x0000, 0x0000,
    0x6370, 0xADF9, 0xB619, 0xBEBB, 0xC67A, 0xC3B1, 0xCB6F, 0xCB90, 0xD3D1, 0xD3F1, 0xDC12, 0xDC12,
    0xDC12, 0xDC12, 0xDCB4, 0xEDD8, 0xF67A, 0xF659, 0x0000, 0xDC53, 0xDC32, 0xDC52, 0xDC52, 0xDC12,
    0xE6BB, 0x0000, 0x0000, 0x0000, 0x0000, 0x0000, 0x0000, 0x0000, 0x0000, 0x0000, 0x0000, 0x0000,
    0x0000, 0x0000, 0x0000, 0xD73C, 0xD73D, 0xD71D, 0xD71D, 0xC6BB, 0xAE19, 0xB619, 0xB619, 0xB639,
    0xD71C, 0x0000, 0x0000, 0x0000, 0x0000, 0x0000, 0x0000, 0xD71C, 0xB63A, 0xB619, 0xB639, 0xAE19,
    0xC69B, 0xD71D, 0xD71C, 0xD71D, 0xD73D, 0xD73D, 0x0000, 0x0000, 0x0000, 0x0000, 0x0000, 0x0000,
    0x0000, 0x0000, 0x0000, 0x0000, 0x0000, 0x0000, 0x0000, 0xE6BB, 0xDC12, 0xDC32, 0xDC32, 0xDC32,
    0xDC52, 0xE597, 0xF65A, 0xF67A, 0xEDF8, 0xDCB3, 0xDC12, 0xDC12, 0xDC12, 0xDC12, 0xDC12, 0xD3F1,
    0xD3D1, 0xCB90, 0xC390, 0xC65A, 0xC6DC, 0xB65A, 0xADF9, 0x6BD1, 0x0000, 0x0000, 0x0000, 0x0000,
    0x0000, 0x0000, 0x0000, 0x0000, 0x0000, 0x0000, 0x0000, 0x0000, 0x0000, 0x0000, 0x0000, 0x0000,
    0x0000, 0x0000, 0x0000, 0x0000, 0x0000, 0x0000, 0x0000, 0x0000, 0x63B0, 0xADF9, 0xB619, 0xC6FC,
    0x0000, 0xC32F, 0xCB90, 0xCB90, 0xD3B1, 0xD3D1, 0xDBF2, 0xDC12, 0xDC12, 0xDC32, 0xDC12, 0xDC52,
    0xE4D4, 0xE4D4, 0xDC52, 0xDC32, 0xDC32, 0xDC32, 0xDC52, 0xDC11, 0x0000, 0x0000, 0x0000, 0x0000,
    0x0000, 0x0000, 0x0000, 0x0000, 0x0000, 0x0000, 0x0000, 0x0000, 0x0000, 0x0000, 0x0000, 0x0000,
    0xD73D, 0xD71D, 0xD71D, 0xBE9A, 0xAE19, 0xB619, 0xB619, 0xB639, 0xD73D, 0x0000, 0x0000, 0x0000,
    0x0000, 0x0000, 0x0000, 0xD73D, 0xB63A, 0xB619, 0xB639, 0xB619, 0xBE7A, 0xD71D, 0xD71C, 0xD71C,
    0xD73D, 0x0000, 0x0000, 0x0000, 0x0000, 0x0000, 0x0000, 0x0000, 0x0000, 0x0000, 0x0000, 0x0000,
    0x0000, 0x0000, 0x0000, 0x0000, 0xDBF1, 0xDC32, 0xDC32, 0xDC32, 0xDC12, 0xDC73, 0x0000, 0x0000,
    0xDC52, 0xDC11, 0xDC32, 0xDC12, 0xDC12, 0xDC12, 0xD3F1, 0xD3D1, 0xCBB0, 0xCB90, 0xC32F, 0x0000,
    0xC71C, 0xB63A, 0xADF9, 0x7432, 0x0000, 0x0000, 0x0000, 0x0000, 0x0000, 0x0000, 0x0000, 0x0000,
    0x0000, 0x0000, 0x0000, 0x0000, 0x0000, 0x0000, 0x0000, 0x0000, 0x0000, 0x0000, 0x0000, 0x0000,
    0x0000, 0x0000, 0x0000, 0x0000, 0x63B0, 0xADD9, 0xB619, 0xC6FC, 0xC493, 0xC32F, 0xC390, 0xCB90,
    0xD3B0, 0xD3D1, 0xDBF1, 0xDC12, 0xDC12, 0xDC12, 0xDC32, 0xDC12, 0xDBF1, 0xDC11, 0xDC12, 0xDC32,
    0xDC32, 0xDC32, 0xDC32, 0xDC32, 0xDC52, 0x0000, 0x0000, 0x0000, 0x0000, 0x0000, 0x0000, 0x0000,
    0x0000, 0x0000, 0x0000, 0x0000, 0x0000, 0x0000, 0x0000, 0xD73D, 0xD73D, 0xD71D, 0xD71D, 0xB65A,
    0xB619, 0xB619, 0xB619, 0xBE5A, 0x0000, 0x0000, 0x0000, 0x0000, 0x0000, 0x0000, 0x0000, 0x0000,
    0xBE5A, 0xAE19, 0xB619, 0xB619, 0xB65A, 0xD71C, 0xD71C, 0xD71D, 0xD73D, 0xD73D, 0xD73C, 0x0000,
    0x0000, 0x0000, 0x0000, 0x0000, 0x0000, 0x0000, 0x0000, 0x0000, 0x0000, 0x0000, 0x0000, 0xDC53,
    0xDC32, 0xDC32, 0xDC32, 0xDC32, 0xDC32, 0xDC32, 0xDC12, 0xDC12, 0xDC12, 0xDC12, 0xDC12, 0xDC12,
    0xDC12, 0xDC12, 0xD3F1, 0xD3B1, 0xCB90, 0xC390, 0xC32F, 0xC453, 0xC6FC, 0xB619, 0xADF9, 0x7432,
    0x0000, 0x0000, 0x0000, 0x0000, 0x0000, 0x0000, 0x0000, 0x0000, 0x0000, 0x0000, 0x0000, 0x0000,
    0x0000, 0x0000, 0x0000, 0x0000, 0x0000, 0x0000, 0x0000, 0x0000, 0x0000, 0x0000, 0x0000, 0x0000,
    0x5B6F, 0xADD9, 0xADF9, 0xC6BB, 0xC432, 0xC34F, 0xC390, 0xCB90, 0xCB90, 0xD3B1, 0xD3F1, 0xDBF2,
    0xDC12, 0xDC12, 0xDC12, 0xDC32, 0xDC32, 0xDC32, 0xDC32, 0xDC32, 0xDC12, 0xDC32, 0xDC32, 0xDC32,
    0xD3F1, 0xE65A, 0x0000, 0x0000, 0x0000, 0x0000, 0x0000, 0x0000, 0x0000, 0x0000, 0x0000, 0x0000,
    0x0000, 0x0000, 0xD73D, 0xD73D, 0xD71C, 0xD71D, 0xCEDC, 0xB639, 0xB639, 0xB619, 0xB619, 0xB619,
    0x0000, 0x0000, 0x0000, 0x0000, 0x0000, 0x0000, 0x0000, 0x0000, 0xBE59, 0xAE19, 0xB619, 0xB619,
    0xB639, 0xCEFC, 0xD73D, 0xD71D, 0xD73D, 0xD73D, 0x0000, 0x0000, 0x0000, 0x0000, 0x0000, 0x0000,
    0x0000, 0x0000, 0x0000, 0x0000, 0x0000, 0x0000, 0xE69A, 0xD3F1, 0xDC12, 0xDC12, 0xDC12, 0xDC12,
    0xDC32, 0xDC32, 0xDC32, 0xDC32, 0xDC32, 0xDC12, 0xDC12, 0xDC11, 0xDC11, 0xDBF1, 0xD3D1, 0xCBB0,
    0xCB90, 0xC370, 0xC32F, 0xC412, 0xC6BB, 0xADF9, 0xADD9, 0x6BD1, 0x0000, 0x0000, 0x0000, 0x0000,
    0x0000, 0x0000, 0x0000, 0x0000, 0x0000, 0x0000, 0x0000, 0x0000, 0x0000, 0x0000, 0x0000, 0x0000,
    0x0000, 0x0000, 0x0000, 0x0000, 0x0000, 0x0000, 0x0000, 0x0000, 0x4AED, 0xA5D9, 0xADD8, 0xBE9B,
    0xC453, 0xC34F, 0xC370, 0xC370, 0xCB90, 0xCBB0, 0xD3D1, 0xDBF1, 0xDC12, 0xDC12, 0xDC12, 0xDC12,
    0xDC32, 0xDC32, 0xDC12, 0xDC32, 0xEC73, 0xE453, 0xDC32, 0xE473, 0xE432, 0xDDF8, 0x0000, 0x0000,
    0x0000, 0x0000, 0x0000, 0x0000, 0x0000, 0x0000, 0x0000, 0x0000, 0x0000, 0xD73C, 0xD73D, 0xD71D,
    0xD6FC, 0xD6FC, 0xBE7A, 0xAE19, 0xB619, 0xB639, 0xADF8, 0xA555, 0x0000, 0x0000, 0x0000, 0x0000,
    0x0000, 0x0000, 0x0000, 0x0000, 0xA596, 0xADD8, 0xB619, 0xB619, 0xAE19, 0xBE7A, 0xD71C, 0xD6FC,
    0xD71D, 0xD73D, 0xD73D, 0x0000, 0x0000, 0x0000, 0x0000, 0x0000, 0x0000, 0x0000, 0x0000, 0x0000,
    0x0000, 0x0000, 0xDE39, 0xE412, 0xE453, 0xDC32, 0xE453, 0xEC73, 0xDC32, 0xDC32, 0xDC32, 0xDC32,
    0xDC12, 0xDC12, 0xDC12, 0xDC11, 0xDBF1, 0xD3D1, 0xD3B1, 0xCB90, 0xC370, 0xC370, 0xC32F, 0xC432,
    0xBE9B, 0xA5D8, 0xA5D9, 0x5B4E, 0x0000, 0x0000, 0x0000, 0x0000, 0x0000, 0x0000, 0x0000, 0x0000,
    0x0000, 0x0000, 0x0000, 0x0000, 0x0000, 0x0000, 0x0000, 0x0000, 0x0000, 0x0000, 0x0000, 0x0000,
    0x0000, 0x0000, 0x0000, 0x0000, 0x3A09, 0x9D98, 0xA5D8, 0xB65A, 0xC4B4, 0xC32F, 0xC370, 0xC370,
    0xCB70, 0xCB90, 0xD3B0, 0xD3D1, 0xDBF1, 0xDBF1, 0xDC11, 0xDC12, 0xDC12, 0xDC11, 0xE432, 0xDC32,
    0x826A, 0x3904, 0x18A2, 0x3925, 0x92AB, 0xEE5A, 0x0000, 0x0000, 0x0000, 0x0000, 0x0000, 0x0000,
    0x0000, 0x0000, 0x0000, 0x0000, 0x0000, 0xD73D, 0xD71C, 0xD71C, 0x0000, 0x0000, 0xBE7B, 0xBE7B,
    0xB639, 0xBE5A, 0x9515, 0xA555, 0x0000, 0x0000, 0x0000, 0x0000, 0x0000, 0x0000, 0x0000, 0x0000,
    0xA596, 0x9515, 0xB65A, 0xB619, 0xBE7B, 0xBE5A, 0x0000, 0x0000, 0xD73D, 0xD71D, 0xD73D, 0xD73D,
    0x0000, 0x0000, 0x0000, 0x0000, 0x0000, 0x0000, 0x0000, 0x0000, 0x0000, 0x0000, 0xE67A, 0x928B,
    0x3925, 0x20A2, 0x3925, 0x828B, 0xDC32, 0xE452, 0xDC32, 0xDC32, 0xDC12, 0xDC12, 0xDBF1, 0xD3F1,
    0xD3D1, 0xD3B1, 0xCB90, 0xCB70, 0xC370, 0xC370, 0xC30F, 0xC4B4, 0xB65A, 0xA5B8, 0x9D98, 0x426B,
    0x0000, 0x0000, 0x0000, 0x0000, 0x0000, 0x0000, 0x0000, 0x0000, 0x0000, 0x0000, 0x0000, 0x0000,
    0x0000, 0x0000, 0x0000, 0x0000, 0x0000, 0x0000, 0x0000, 0x0000, 0x0000, 0x0000, 0x0000, 0x0000,
    0x18E4, 0x8CF6, 0xA5D8, 0xAE19, 0x0000, 0xC34F, 0xC370, 0xC36F, 0xC370, 0xCB70, 0xCB90, 0xD3B0,
    0xD3D1, 0xD3D1, 0xDBF1, 0xDC12, 0xDBF1, 0xDC12, 0xCBF1, 0x30E4, 0x0000, 0x0000, 0x1061, 0x0000,
    0x0000, 0x5AEC, 0x0000, 0x0000, 0x0000, 0x0000, 0x0000, 0x0000, 0x0000, 0x0000, 0x0000, 0xD73D,
    0xD73D, 0xD71C, 0x0000, 0x0000, 0x9D35, 0x4229, 0x39E8, 0x6BAF, 0xADB8, 0xBE7B, 0x7C31, 0xBE59,
    0x0000, 0x0000, 0x0000, 0x0000, 0x0000, 0x0000, 0x0000, 0x0000, 0xC679, 0x7C31, 0xBE7A, 0xADD8,
    0x6B8F, 0x31C7, 0x39E8, 0x94F4, 0x0000, 0x0000, 0xD71C, 0xD73D, 0xD73D, 0x0000, 0x0000, 0x0000,
    0x0000, 0x0000, 0x0000, 0x0000, 0x0000, 0x0000, 0x632C, 0x0000, 0x0000, 0x1061, 0x0000, 0x0000,
    0x30E4, 0xCBF1, 0xE432, 0xDC12, 0xDC12, 0xDBF1, 0xD3F1, 0xD3D1, 0xD3B0, 0xCB90, 0xCB90, 0xC370,
    0xC350, 0xC370, 0xC32F, 0x0000, 0xAE19, 0xA5B8, 0x8D16, 0x2125, 0x0000, 0x0000, 0x0000, 0x0000,
    0x0000, 0x0000, 0x0000, 0x0000, 0x0000, 0x0000, 0x0000, 0x0000, 0x0000, 0x0000, 0x0000, 0x0000,
    0x0000, 0x0000, 0x0000, 0x0000, 0x0000, 0x0000, 0x0000, 0x0000, 0x0000, 0x6BF1, 0x9D98, 0xADF9,
    0xADB8, 0xC3B1, 0xC34F, 0xC36F, 0xC370, 0xC370, 0xCB70, 0xCB90, 0xD3B0, 0xD3B1, 0xD3D1, 0xD3F1,
    0xD3F1, 0xE432, 0x4946, 0x0000, 0x30E4, 0xAB4E, 0xCBD0, 0xC38F, 0x4986, 0x0000, 0x94D3, 0x0000,
    0xD73C, 0x0000, 0x0000, 0x0000, 0xD73C, 0xD73D, 0xD71D, 0xD71D, 0xD73D, 0x0000, 0xBE7A, 0x4A8A,
    0x0000, 0x52EC, 0xADD7, 0x9D56, 0xA576, 0xB619, 0x7C51, 0xD73C, 0x0000, 0x0000, 0x0000, 0x0000,
    0x0000, 0x0000, 0x0000, 0xD73D, 0x0000, 0x7C10, 0xADF9, 0xA576, 0x9D35, 0xADD8, 0x5B0C, 0x0000,
    0x3A08, 0xB618, 0x0000, 0xD73D, 0xD73D, 0xD73D, 0xD73D, 0x0000, 0x0000, 0x0000, 0x0000, 0xD73C,
    0x0000, 0xA555, 0x0000, 0x4186, 0xC3B0, 0xD3F1, 0xB36F, 0x3925, 0x0000, 0x4145, 0xDC32, 0xD3F1,
    0xD3F1, 0xD3D1, 0xD3B1, 0xCBB0, 0xCB90, 0xCB90, 0xC370, 0xC370, 0xC350, 0xC32F, 0xBBB1, 0xADB8,
    0xADF9, 0x9D98, 0x7412, 0x0000, 0x0000, 0x0000, 0x0000, 0x0000, 0x0000, 0x0000, 0x0000, 0x0000,
    0x0000, 0x0000, 0x0000, 0x0000, 0x0000, 0x0000, 0x0000, 0x0000, 0x0000, 0x0000, 0x0000, 0x0000,
    0x0000, 0x0000, 0x0000, 0x0000, 0x0000, 0x3A09, 0x9557, 0xA598, 0xADF9, 0x0000, 0xC32F, 0xC350,
    0xC34F, 0xC36F, 0xC36F, 0xCB70, 0xCB90, 0xCB90, 0xCBB1, 0xCBB1, 0xDBF2, 0xA30D, 0x0000, 0x1061,
    0xC38F, 0xDC12, 0xD3B0, 0xD3D1, 0xD619, 0x10A2, 0x39E7, 0x0000, 0xD71C, 0xD73C, 0xD73C, 0xD71C,
    0xD71C, 0xD71D, 0xD71C, 0xD71C, 0xCEFD, 0x7C73, 0x18E4, 0x0000, 0x6BAF, 0x0000, 0xD75D, 0x0000,
    0x0000, 0xB618, 0x9D55, 0x0000, 0x0000, 0x0000, 0x0000, 0x0000, 0x0000, 0x0000, 0x0000, 0xD71C,
    0x0000, 0x9D35, 0xADD8, 0x0000, 0x0000, 0x0000, 0x0000, 0x73F0, 0x0000, 0x0882, 0x73F0, 0xCEFD,
    0xD71C, 0xD71C, 0xD73D, 0xD73D, 0xD73C, 0xD71C, 0xD73C, 0xD71C, 0x0000, 0x4A8A, 0x0000, 0xCDF8,
    0xDC12, 0xDBD1, 0xE432, 0xCBF1, 0x20A2, 0x0000, 0x9AED, 0xDC12, 0xCBB0, 0xCBB0, 0xCB90, 0xCB90,
    0xCB70, 0xC370, 0xC34F, 0xC34F, 0xC350, 0xC32F, 0x0000, 0xAE19, 0xA5B8, 0x9537, 0x426A, 0x0000,
    0x0000, 0x0000, 0x0000, 0x0000, 0x0000, 0x0000, 0x0000, 0x0000, 0x0000, 0x0000, 0x0000, 0x0000,
    0x0000, 0x0000, 0x0000, 0x0000, 0x0000, 0x0000, 0x0000, 0x0000, 0x0000, 0x0000, 0x0000, 0x0000,
    0x0000, 0x0000, 0x7C53, 0x9537, 0xA5D8, 0xADF9, 0xB494, 0xC32F, 0xC34F, 0xC370, 0xC350, 0xC34F,
    0xCB6F, 0xCB70, 0xCB90, 0xCB90, 0xDBF1, 0x61C8, 0x0000, 0x5987, 0xDBF1, 0xC36F, 0xB32E, 0xDDD8,
    0x0000, 0x2965, 0x2145, 0x0000, 0xD71C, 0xD71D, 0xD71C, 0xCF1C, 0xCEDC, 0xC69B, 0xBE9B, 0xA598,
    0x3A2A, 0x10C4, 0x31E8, 0x2145, 0xCEFC, 0xCF1C, 0xCEFC, 0xCEFC, 0xD71D, 0xC69A, 0xC69A, 0xD73D,
    0x0000, 0x0000, 0x0000, 0x0000, 0x0000, 0x0000, 0x0000, 0x0000, 0x0000, 0xCEBB, 0xC67A, 0xD71D,
    0xCEFC, 0xCEFC, 0xD71C, 0xD71D, 0x2986, 0x3A09, 0x18E4, 0x31E8, 0x9D98, 0xBE9B, 0xC6BB, 0xCEFC,
    0xD71C, 0xD71C, 0xD71D, 0xD6FC, 0x0000, 0x31C7, 0x1904, 0x0000, 0xDDF8, 0xBB6F, 0xC390, 0xDC32,
    0x69E8, 0x0000, 0x59A7, 0xDBF1, 0xCB90, 0xCB90, 0xC370, 0xC370, 0xC370, 0xC34F, 0xC370, 0xC34F,
    0xC32F, 0x0000, 0xAE19, 0xADD8, 0x8D36, 0x7C53, 0x0000, 0x0000, 0x0000, 0x0000, 0x0000, 0x0000,
    0x0000, 0x0000, 0x0000, 0x0000, 0x0000, 0x0000, 0x0000, 0x0000, 0x0000, 0x0000, 0x0000, 0x0000,
    0x0000, 0x0000, 0x0000, 0x0000, 0x0000, 0x0000, 0x0000, 0x0000, 0x0000, 0x0000, 0x29A7, 0x8D37,
    0x8D16, 0xADD9, 0xADF9, 0x0000, 0xC36F, 0xC32F, 0xC350, 0xC350, 0xC370, 0xC370, 0xC370, 0xC36F,
    0xD3B1, 0x4125, 0x0000, 0x7209, 0xD390, 0xCBB0, 0x5A29, 0x9514, 0x9D56, 0x0000, 0x634D, 0x0000,
    0xCEDB, 0xC6BB, 0xC69B, 0xBE5A, 0xAE19, 0xA5D9, 0x7412, 0x10C4, 0x2126, 0xA5D9, 0x3A08, 0x5B0D,
    0x0000, 0xCEFC, 0xD71C, 0xD71D, 0xD71D, 0xD71C, 0xD71D, 0xD73D, 0x0000, 0x0000, 0x0000, 0x0000,
    0x0000, 0x0000, 0x0000, 0x0000, 0xD73D, 0xD73D, 0xD71C, 0xD71C, 0xD71D, 0xD71C, 0xD6FC, 0x0000,
    0x636E, 0x39E8, 0xADF9, 0x2166, 0x10C3, 0x7412, 0xADF9, 0xB619, 0xBE5A, 0xBE7A, 0xC6BB, 0xC6BB,
    0x0000, 0x73F0, 0x0000, 0x94F3, 0x9D35, 0x5A49, 0xCBD1, 0xD3B0, 0x7A4A, 0x0000, 0x3904, 0xCBB1,
    0xC370, 0xC370, 0xC370, 0xC370, 0xC350, 0xC34F, 0xC32F, 0xC34F, 0x0000, 0xAE19, 0xADF8, 0x8D16,
    0x8D37, 0x31E8, 0x0000, 0x0000, 0x0000, 0x0000, 0x0000, 0x0000, 0x0000, 0x0000, 0x0000, 0x0000,
    0x0000, 0x0000, 0x0000, 0x0000, 0x0000, 0x0000, 0x0000, 0x0000, 0x0000, 0x0000, 0x0000, 0x0000,
    0x0000, 0x0000, 0x0000, 0x0000, 0x0000, 0x0000, 0x0000, 0x52ED, 0x8D37, 0x8CF6, 0xA5B8, 0xAE19,
    0x0000, 0xBC12, 0xC34F, 0xC32F, 0xC32F, 0xC34F, 0xC34F, 0xC34F, 0xCB70, 0x3904, 0x0000, 0x69E8,
    0xCC52, 0xCE19, 0xA597, 0x18E4, 0x0000, 0x31C7, 0xB619, 0xBE5A, 0xB639, 0xADF9, 0xA5B8, 0x9DB8,
    0x8CF6, 0x3A2A, 0x0000, 0x428B, 0xADFA, 0x0000, 0x2124, 0x7411, 0xD75E, 0xD6FC, 0xD6FC, 0xD71C,
    0xD71C, 0xD6FC, 0xD73D, 0xD71D, 0x0000, 0x0000, 0x0000, 0x0000, 0x0000, 0x0000, 0x0000, 0xD73C,
    0xD73D, 0x0000, 0xD71C, 0xD71C, 0xD71C, 0xCF1C, 0xD6FC, 0x0000, 0x8493, 0x1904, 0xD73D, 0xB63A,
    0x52ED, 0x0862, 0x3A29, 0x8CF6, 0xA5B9, 0xA5B8, 0xADF9, 0xB619, 0xB63A, 0xB65A, 0x4229, 0x0000,
    0x1082, 0x9515, 0xCE19, 0xCC32, 0x7209, 0x0000, 0x30C4, 0xCB70, 0xC34F, 0xC34F, 0xC34F, 0xC32F,
    0xC32F, 0xC34F, 0xBC12, 0x0000, 0xAE19, 0xA5D8, 0x8D16, 0x8D37, 0x5B2E, 0x0000, 0x0000, 0x0000,
    0x0000, 0x0000, 0x0000, 0x0000, 0x0000, 0x0000, 0x0000, 0x0000, 0x0000, 0x0000, 0x0000, 0x0000,
    0x0000, 0x0000, 0x0000, 0x0000, 0x0000, 0x0000, 0x0000, 0x0000, 0x0000, 0x0000, 0x0000, 0x0000,
    0x0000, 0x0000, 0x0000, 0x0000, 0x5B4F, 0x9538, 0x84D5, 0x9D57, 0xA5F9, 0xAE19, 0x0000, 0xBC94,
    0xBBF1, 0xBB90, 0xBB70, 0xBB70, 0xCBF2, 0x49A7, 0x0000, 0x41E8, 0xBE5A, 0xADF9, 0xB63A, 0xADD8,
    0x9D35, 0xB639, 0xAE19, 0xA5B8, 0x9D98, 0x9D78, 0x8CF6, 0x530E, 0x10A3, 0x2146, 0x7412, 0xB63B,
    0xD71C, 0x0000, 0x2945, 0x638F, 0xCEFC, 0xD71C, 0xD73D, 0x0000, 0x0000, 0xCEDB, 0xB5F8, 0x0000,
    0xD71C, 0x0000, 0x0000, 0x0000, 0x0000, 0x0000, 0x0000, 0xD71C, 0x0000, 0xB618, 0xCEBB, 0x0000,
    0x0000, 0xD73D, 0xD71C, 0xCEFC, 0x7431, 0x2124, 0xD71C, 0xD71C, 0xB63A, 0x7453, 0x2986, 0x10A3,
    0x530D, 0x8D16, 0x9D78, 0x9D98, 0xA5B8, 0xADF9, 0xB63A, 0x9D35, 0xA5B7, 0xB63A, 0xADF9, 0xBE5A,
    0x4A29, 0x0000, 0x4146, 0xCBF2, 0xC370, 0xC390, 0xBBB1, 0xBC12, 0xB4B4, 0xB577, 0xAE19, 0xADF9,
    0x9D77, 0x84D6, 0x9558, 0x6BB0, 0x0000, 0x0000, 0x0000, 0x0000, 0x0000, 0x0000, 0x0000, 0x0000,
    0x0000, 0x0000, 0x0000, 0x0000, 0x0000, 0x0000, 0x0000, 0x0000, 0x0000, 0x0000, 0x0000, 0x0000,
    0x0000, 0x0000, 0x0000, 0x0000, 0x0000, 0x0000, 0x0000, 0x0000, 0x0000, 0x0000, 0x0000, 0x0000,
    0x0000, 0x4AAC, 0x8D17, 0x84D6, 0x8CD5, 0x9D57, 0xA5D9, 0xAE19, 0xADF9, 0xADD8, 0xADB8, 0xADB8,
    0xBE5A, 0x6BAF, 0x0000, 0x0000, 0x9D56, 0xB61A, 0xA5D8, 0xA5D8, 0xA5B8, 0x9557, 0x9557, 0x9557,
    0x84B5, 0x530D, 0x18E4, 0x10C3, 0x530E, 0x8D17, 0xB65A, 0xD71C, 0xCEFC, 0x0000, 0x5B0C, 0x2966,
    0xBE7B, 0xB63A, 0x9D56, 0x8CD4, 0xADD8, 0xD71D, 0x9514, 0xC67A, 0x0000, 0xD71C, 0x0000, 0x0000,
    0x0000, 0x0000, 0xD73D, 0x0000, 0xC69A, 0x9D35, 0xCEFD, 0xA5B7, 0x8CD4, 0x9D56, 0xB619, 0xBEBC,
    0x31E8, 0x4AAB, 0x0000, 0xCEDC, 0xCF1C, 0xBE5A, 0x9537, 0x5B2E, 0x18C4, 0x18E4, 0x530D, 0x84D5,
    0x9558, 0x9557, 0x9557, 0xA5D8, 0xADD8, 0xADD8, 0xB619, 0xA597, 0x10A2, 0x0000, 0x5B2D, 0xBE5A,
    0xADB8, 0xB5D8, 0xADD8, 0xAE19, 0xAE19, 0xA5F9, 0x9D77, 0x8CF6, 0x8CF6, 0x9558, 0x5B2E, 0x0000,
    0x0000, 0x0000, 0x0000, 0x0000, 0x0000, 0x0000, 0x0000, 0x0000, 0x0000, 0x0000, 0x0000, 0x0000,
    0x0000, 0x0000, 0x0000, 0x0000, 0x0000, 0x0000, 0x0000, 0x0000, 0x0000, 0x0000, 0x0000, 0x0000,
    0x0000, 0x0000, 0x0000, 0x0000, 0x0000, 0x0000, 0x0000, 0x0000, 0x426A, 0x2966, 0x2987, 0x7412,
    0x8CF7, 0x84D6, 0x84D6, 0x8CF6, 0x9536, 0x9557, 0x9577, 0x9D77, 0x9DB8, 0x8CF5, 0x0000, 0x0000,
    0x39E8, 0x9D98, 0x9537, 0x8D37, 0x8D17, 0x84D5, 0x6BD1, 0x3A09, 0x0882, 0x10A3, 0x4ACD, 0x84B5,
    0x9D78, 0xBE9B, 0xD71C, 0xCEFC, 0xCEFC, 0xD73D, 0xB619, 0x10A3, 0x634E, 0xA598, 0x0000, 0x0000,
    0x0000, 0x4AAB, 0x9D77, 0x9D35, 0xD73D, 0xD71D, 0xD73D, 0x0000, 0x0000, 0xD73C, 0xD73D, 0xD73D,
    0x9D35, 0xA577, 0x4A8B, 0x0000, 0x0000, 0x0000, 0xADD9, 0x6BAF, 0x0883, 0xADF9, 0xD73D, 0xCEFC,
    0xCEFC, 0xD71C, 0xC6BB, 0x9D98, 0x84B5, 0x52ED, 0x10C3, 0x1082, 0x3A29, 0x6BF1, 0x84D6, 0x8D37,
    0x8D37, 0x8D37, 0x9D98, 0x424A, 0x0000, 0x0000, 0x8473, 0xA5B8, 0x9D77, 0x9D97, 0x9577, 0x9537,
    0x8D16, 0x84D6, 0x84D6, 0x8D17, 0x7C94, 0x3A09, 0x2145, 0x4AAC, 0x0000, 0x0000, 0x0000, 0x0000,
    0x0000, 0x0000, 0x0000, 0x0000, 0x0000, 0x0000, 0x0000, 0x0000, 0x0000, 0x0000, 0x0000, 0x0000,
    0x0000, 0x0000, 0x0000, 0x0000, 0x0000, 0x0000, 0x0000, 0x0000, 0x0000, 0x0000, 0x0000, 0x0000,
    0x0000, 0x0000, 0x0000, 0x0000, 0x31E8, 0x9558, 0x5B2E, 0x31C8, 0x52ED, 0x7C54, 0x84D6, 0x84D6,
    0x84F6, 0x8D17, 0x8D17, 0x8D37, 0x8D37, 0x9D99, 0x4A8B, 0x0000, 0x0000, 0x4A8B, 0x7C53, 0x52ED,
    0x31A7, 0x10A3, 0x0000, 0x2146, 0x5B4E, 0x84B5, 0x8D37, 0xA5D8, 0xCEDC, 0xD71C, 0xCEFC, 0xCEFC,
    0xCEFC, 0xCF1C, 0xD71D, 0x8CF5, 0x31C8, 0x52ED, 0x52ED, 0x2966, 0x0000, 0x0000, 0x18E3, 0x9515,
    0xC6BC, 0xD71C, 0xD73D, 0x0000, 0x0000, 0x0000, 0xD73C, 0xC69B, 0x94F5, 0x2104, 0x0000, 0x10A3,
    0x2987, 0x5B4E, 0x5B2E, 0x29A7, 0x84B5, 0xD73D, 0xCEFC, 0xCF1C, 0xD71C, 0xCEFC, 0xD71C, 0xD6FC,
    0xADF9, 0x8D37, 0x84B5, 0x5B4F, 0x2166, 0x0000, 0x10A3, 0x31A7, 0x52ED, 0x7432, 0x4ACC, 0x0000,
    0x0000, 0x3A29, 0x9578, 0x8D37, 0x9537, 0x8D17, 0x8D17, 0x84F6, 0x84D5, 0x84D5, 0x7C74, 0x5B2E,
    0x3A29, 0x530D, 0x9537, 0x4AAC, 0x0000, 0x0000, 0x0000, 0x0000, 0x0000, 0x0000, 0x0000, 0x0000,
    0x0000, 0x0000, 0x0000, 0x0000, 0x0000, 0x0000, 0x0000, 0x0000, 0x0000, 0x0000, 0x0000, 0x0000,
    0x0000, 0x0000, 0x0000, 0x0000, 0x0000, 0x0000, 0x0000, 0x0000, 0x0000, 0x0000, 0x0000, 0x0000,
    0x1082, 0x8494, 0x8D17, 0x8CF6, 0x7412, 0x6BD1, 0x7C74, 0x84D5, 0x6BD1, 0x52ED, 0x4ACC, 0x424A,
    0x3A2A, 0x31E8, 0x2125, 0x0000, 0x0000, 0x0000, 0x0000, 0x1082, 0x31C8, 0x52ED, 0x7433, 0x84F6,
    0x8D17, 0x9D98, 0xBE7A, 0xD71C, 0xCEFC, 0xCEFC, 0xCEFC, 0xCEFC, 0xCEFC, 0xCEFC, 0xD71C, 0xBE7B,
    0x8D16, 0x7433, 0x7C94, 0x8D16, 0x8495, 0x7432, 0x31C8, 0x0000, 0x8493, 0xBE9B, 0xC6BB, 0xCEDC,
    0xCEFC, 0xCEDC, 0xBE9C, 0x8473, 0x0000, 0x29A7, 0x7C53, 0x84B5, 0x8D17, 0x84B5, 0x7433, 0x8D16,
    0xC69B, 0xD71C, 0xCEFC, 0xD6FC, 0xD71C, 0xD71C, 0xCEFC, 0xD6FC, 0xD73D, 0xC6BB, 0xA5B8, 0x8D37,
    0x84F6, 0x7433, 0x530E, 0x3A09, 0x10C3, 0x0000, 0x0000, 0x0000, 0x0000, 0x1925, 0x31E8, 0x3A09,
    0x3A2A, 0x4A8B, 0x4AAC, 0x6390, 0x84B5, 0x7C74, 0x6BD1, 0x6BF2, 0x84D6, 0x8D17, 0x84D6, 0x1904,
    0x0000, 0x0000, 0x0000, 0x0000, 0x0000, 0x0000, 0x0000, 0x0000, 0x0000, 0x0000, 0x0000, 0x0000,
    0x0000, 0x0000, 0x0000, 0x0000, 0x0000, 0x0000, 0x0000, 0x0000, 0x0000, 0x0000, 0x0000, 0x0000,
    0x0000, 0x0000, 0x0000, 0x0000, 0x0000, 0x0000, 0x0000, 0x0000, 0x0000, 0x6BB1, 0x84D6, 0x84B5,
    0x84D6, 0x84D5, 0x84B5, 0x84B5, 0x84D5, 0x2966, 0x0000, 0x2966, 0x2166, 0x2987, 0x3A09, 0x4AAC,
    0x0862, 0x0000, 0x0000, 0x2125, 0x6BF2, 0x9558, 0x9D78, 0xADF9, 0xBE9B, 0xCEFC, 0xCEDC, 0xCEDC,
    0xCEDC, 0xCEFC, 0xCEFC, 0xCEFC, 0xCEFB, 0xCEFC, 0xCEDC, 0xD6FC, 0xB619, 0x8CF6, 0x84D6, 0x8CF6,
    0x9537, 0x9558, 0x9DB9, 0x5B0E, 0x0000, 0x4A6A, 0x8CF5, 0xA5B8, 0xA5B8, 0x94F5, 0x4A8B, 0x0000,
    0x52ED, 0x9578, 0x9558, 0x8D37, 0x8CF6, 0x84D6, 0x84D6, 0xB639, 0xCF1C, 0xCEDC, 0xCEFC, 0xCEFC,
    0xCEFC, 0xCEFC, 0xCEFC, 0xCEFC, 0xCEDC, 0xCEFC, 0xCF1C, 0xC6BB, 0xAE1A, 0x9D99, 0x8D17, 0x6BD1,
    0x2125, 0x0000, 0x0000, 0x0000, 0x4AAB, 0x3A4A, 0x31A8, 0x2987, 0x2987, 0x0000, 0x2966, 0x84D5,
    0x84D5, 0x84D5, 0x84D6, 0x84F6, 0x84B5, 0x84D6, 0x7433, 0x0000, 0x0000, 0x0000, 0x0000, 0x0000,
    0x0000, 0x0000, 0x0000, 0x0000, 0x0000, 0x0000, 0x0000, 0x0000, 0x0000, 0x0000, 0x0000, 0x0000,
    0x0000, 0x0000, 0x0000, 0x0000, 0x0000, 0x0000, 0x0000, 0x0000, 0x0000, 0x0000, 0x0000, 0x0000,
    0x0000, 0x0000, 0x0000, 0x0000, 0x0000, 0x4A8B, 0x8D17, 0x7C95, 0x9537, 0x9557, 0x8CF6, 0x84B5,
    0x9537, 0x4AAC, 0x0000, 0x8D16, 0x9557, 0x8D37, 0x8D17, 0x9558, 0x7C73, 0x18E4, 0x0000, 0x0000,
    0x0000, 0x2145, 0x7410, 0xB639, 0xD71C, 0x0000, 0x0000, 0x0000, 0xD75E, 0xD73D, 0xD73D, 0xD73D,
    0xD75D, 0x0000, 0x0000, 0x0000, 0x0000, 0xCEFC, 0x8D16, 0x7412, 0x532E, 0x3A2A, 0x3A09, 0x7412,
    0x7412, 0x2125, 0x0000, 0x10A3, 0x10C3, 0x0000, 0x1925, 0x7412, 0x6BF2, 0x31E8, 0x424A, 0x5B2E,
    0x6BF2, 0x84D5, 0xC6BB, 0x0000, 0x0000, 0x0000, 0x0000, 0xD75D, 0xD75D, 0xD75D, 0x0000, 0x0000,
    0x0000, 0x0000, 0x0000, 0xD71C, 0xB639, 0x73F0, 0x1904, 0x0000, 0x0000, 0x0000, 0x10A3, 0x7411,
    0x9557, 0x8CF6, 0x8D17, 0x9537, 0x8D16, 0x0000, 0x4A8B, 0x9537, 0x84D5, 0x8D16, 0x9537, 0x9557,
    0x84B5, 0x8D17, 0x530E, 0x0000, 0x0000, 0x0000, 0x0000, 0x0000, 0x0000, 0x0000, 0x0000, 0x0000,
    0x0000, 0x0000, 0x0000, 0x0000, 0x0000, 0x0000, 0x0000, 0x0000, 0x0000, 0x0000, 0x0000, 0x0000,
    0x0000, 0x0000, 0x0000, 0x0000, 0x0000, 0x0000, 0x0000, 0x0000, 0x0000, 0x0000, 0x0000, 0x0000,
    0x0000, 0x2166, 0x8CF6, 0x7C95, 0x9557, 0xADF9, 0xADD8, 0xA5D8, 0xA5D8, 0x5B2E, 0x0000, 0x7C73,
    0x84F6, 0x8D16, 0xB63A, 0xBE7A, 0xADF8, 0x9515, 0x31A6, 0x0000, 0x0000, 0x0000, 0x0000, 0x0000,
    0x2965, 0x52AB, 0x73CF, 0x8CB3, 0x9D55, 0xADB7, 0xADD7, 0xADD7, 0xA596, 0x9D55, 0x8CB3, 0x73F0,
    0x52EC, 0x3A08, 0x18E3, 0x0000, 0x0000, 0x0000, 0x0000, 0x0000, 0x7432, 0x9537, 0x7432, 0x5B4F,
    0x5B4F, 0x7412, 0x8D37, 0x7C94, 0x0000, 0x0000, 0x0000, 0x0000, 0x0000, 0x10A3, 0x39E7, 0x5AEC,
    0x7410, 0x8CD3, 0x9D55, 0xADB7, 0xADD7, 0xADB7, 0xA596, 0x9D35, 0x8492, 0x6B8E, 0x4A6A, 0x2125,
    0x0000, 0x0000, 0x0000, 0x0000, 0x0000, 0x2966, 0x94F4, 0xADF8, 0xC67A, 0xB639, 0x84D5, 0x84D5,
    0x7C73, 0x0000, 0x530D, 0xA5D9, 0xA5B8, 0xA5D8, 0xADF8, 0x9D78, 0x84B5, 0x8D17, 0x31C8, 0x0000,
    0x0000, 0x0000, 0x0000, 0x0000, 0x0000, 0x0000, 0x0000, 0x0000, 0x0000, 0x0000, 0x0000, 0x0000,
    0x0000, 0x0000, 0x0000, 0x0000, 0x0000, 0x0000, 0x0000, 0x0000, 0x0000, 0x0000, 0x0000, 0x0000,
    0x0000, 0x0000, 0x0000, 0x0000, 0x0000, 0x0000, 0x0000, 0x0000, 0x0000, 0x0000, 0x7C74, 0x84D6,
    0x8D16, 0xADD8, 0xA5D8, 0xADD8, 0xADF9, 0x6BF1, 0x0000, 0x6BF1, 0x8CF6, 0xA598, 0xD73D, 0x5AEC,
    0x0000, 0x2145, 0x9D14, 0x94F3, 0x2986, 0x0000, 0x0000, 0x0000, 0x0000, 0x0000, 0x0000, 0x0000,
    0x0000, 0x0000, 0x0000, 0x0000, 0x0000, 0x0000, 0x0000, 0x0000, 0x0000, 0x0000, 0x0000, 0x0000,
    0x0000, 0x0000, 0x0000, 0x0000, 0x6390, 0x8CF6, 0x84D6, 0x8D17, 0x8D17, 0x84F6, 0x84F6, 0x7412,
    0x0000, 0x0000, 0x0000, 0x0000, 0x0000, 0x0000, 0x0000, 0x0000, 0x0000, 0x0000, 0x0000, 0x0000,
    0x0000, 0x0000, 0x0000, 0x0000, 0x0000, 0x0000, 0x0000, 0x0000, 0x0000, 0x0000, 0x0000, 0x2945,
    0x8CB3, 0x9D35, 0x2945, 0x0000, 0x4229, 0xCEDB, 0x9D77, 0x84F6, 0x6BF1, 0x0000, 0x6BD1, 0xADD9,
    0xA5B8, 0xA5D8, 0xA5D8, 0x9537, 0x84D6, 0x84B5, 0x10A2, 0x0000, 0x0000, 0x0000, 0x0000, 0x0000,
    0x0000, 0x0000, 0x0000, 0x0000, 0x0000, 0x0000, 0x0000, 0x0000, 0x0000, 0x0000, 0x0000, 0x0000,
    0x0000, 0x0000, 0x0000, 0x0000, 0x0000, 0x0000, 0x0000, 0x0000, 0x0000, 0x0000, 0x0000, 0x0000,
    0x0000, 0x0000, 0x0000, 0x0000, 0x0000, 0x0000, 0x636F, 0x8D17, 0x84D5, 0xA5D8, 0xA5D8, 0xA5B8,
    0xA5D8, 0x84D5, 0x0000, 0x5B2E, 0x8D17, 0xADF9, 0xA576, 0x0000, 0x0000, 0x18C3, 0x73EF, 0xC6BB,
    0x0000, 0xADB7, 0x52EB, 0x10A2, 0x0000, 0x0000, 0x0000, 0x0000, 0x0000, 0x0000, 0x0000, 0x0000,
    0x0000, 0x0000, 0x0000, 0x0000, 0x0000, 0x0000, 0x0000, 0x0000, 0x0000, 0x0000, 0x0000, 0x1905,
    0x84B5, 0x84B5, 0x84B5, 0x84B5, 0x84B5, 0x84D6, 0x84B5, 0x84D6, 0x2966, 0x0000, 0x0000, 0x0000,
    0x0000, 0x0000, 0x0000, 0x0000, 0x0000, 0x0000, 0x0000, 0x0000, 0x0000, 0x0000, 0x0000, 0x0000,
    0x0000, 0x0000, 0x0000, 0x0000, 0x1082, 0x4A8A, 0xA576, 0x0000, 0xCEFC, 0x73F0, 0x18C3, 0x0000,
    0x0000, 0x8CB3, 0xA5D9, 0x8CF6, 0x5B2E, 0x0000, 0x84B4, 0xADD8, 0xA5B8, 0xA5B8, 0xA5D8, 0x8CF6,
    0x8D17, 0x63D1, 0x0000, 0x0000, 0x0000, 0x0000, 0x0000, 0x0000, 0x0000, 0x0000, 0x0000, 0x0000,
    0x0000, 0x0000, 0x0000, 0x0000, 0x0000, 0x0000, 0x0000, 0x0000, 0x0000, 0x0000, 0x0000, 0x0000,
    0x0000, 0x0000, 0x0000, 0x0000, 0x0000, 0x0000, 0x0000, 0x0000, 0x0000, 0x0000, 0x0000, 0x0000,
    0x0000, 0x0000, 0x3A09, 0x8D17, 0x84B5, 0xA5B8, 0xA5B8, 0xA5B8, 0xADD8, 0x9D57, 0x18E4, 0x3A09,
    0x8D17, 0xAE1A, 0x8492, 0x0000, 0x526A, 0x0000, 0x0000, 0x0000, 0x4A8A, 0x9D35, 0xCEFC, 0xCEFC,
    0xADB6, 0x73F0, 0x4A69, 0x2124, 0x0000, 0x0000, 0x0000, 0x0000, 0x0000, 0x0000, 0x0000, 0x0000,
    0x0000, 0x0000, 0x0000, 0x0000, 0x0000, 0x0000, 0x0000, 0xADB7, 0xA5D9, 0x7C95, 0x7C95, 0x7C95,
    0x7C95, 0x7C95, 0x7CB5, 0xA5B8, 0xB618, 0x1082, 0x0000, 0x0000, 0x0000, 0x0000, 0x0000, 0x0000,
    0x0000, 0x0000, 0x0000, 0x0000, 0x0000, 0x0000, 0x0000, 0x0000, 0x2104, 0x4229, 0x73AF, 0xA576,
    0xC6BB, 0xCEDB, 0xA575, 0x52CB, 0x1082, 0x0000, 0x0000, 0x41E8, 0x0000, 0x73EF, 0xADD9, 0x8D16,
    0x3A29, 0x10A3, 0x9D57, 0xADD8, 0xA5B8, 0xA5B8, 0xA5B8, 0x84D5, 0x8D37, 0x426B, 0x0000, 0x0000,
    0x0000, 0x0000, 0x0000, 0x0000, 0x0000, 0x0000, 0x0000, 0x0000, 0x0000, 0x0000, 0x0000, 0x0000,
    0x0000, 0x0000, 0x0000, 0x0000, 0x0000, 0x0000, 0x0000, 0x0000, 0x0000, 0x0000, 0x0000, 0x0000,
    0x0000, 0x0000, 0x0000, 0x0000, 0x0000, 0x0000, 0x0000, 0x0000, 0x0000, 0x0000, 0x10A3, 0x84B5,
    0x84B5, 0x9D57, 0xADD8, 0xA5B8, 0xADD8, 0xA5D9, 0x3A09, 0x18E4, 0x8D16, 0xA5D9, 0x9D55, 0x10A2,
    0xBDF8, 0x3105, 0x0000, 0x0000, 0x0000, 0x0000, 0x0000, 0x39E7, 0x6B8E, 0x9514, 0xB618, 0xBE59,
    0xBE59, 0xB5F8, 0xA576, 0x94D3, 0x7C31, 0x73CF, 0x6B6E, 0x632D, 0x5B0C, 0x5B0C, 0x5B0C, 0x5B2C,
    0x5B2C, 0x6B6E, 0xBE59, 0x0000, 0xD71D, 0xBE7B, 0xA5B8, 0x9557, 0x9557, 0xA5B8, 0xBE7B, 0xD71D,
    0x0000, 0xC67A, 0x6B8E, 0x632D, 0x632D, 0x632D, 0x5B2C, 0x632D, 0x636D, 0x6BAE, 0x73F0, 0x8472,
    0x94D4, 0xA556, 0xADD8, 0xBE39, 0xB618, 0xADB7, 0x94F4, 0x6B8E, 0x39E7, 0x0000, 0x0000, 0x0000,
    0x0000, 0x0000, 0x1841, 0xBDB8, 0x2966, 0x8C92, 0xA5B8, 0x8CF6, 0x1904, 0x31E8, 0xA5D9, 0xADD8,
    0xA5B8, 0xA5D8, 0x9D77, 0x84B5, 0x8CF6, 0x1904, 0x0000, 0x0000, 0x0000, 0x0000, 0x0000, 0x0000,
    0x0000, 0x0000, 0x0000, 0x0000, 0x0000, 0x0000, 0x0000, 0x0000, 0x0000, 0x0000, 0x0000, 0x0000,
    0x0000, 0x0000, 0x0000, 0x0000, 0x0000, 0x0000, 0x0000, 0x0000, 0x0000, 0x0000, 0x0000, 0x0000,
    0x0000, 0x0000, 0x0000, 0x0000, 0x0000, 0x0000, 0x0000, 0x6BD1, 0x84F6, 0x8D16, 0xADD8, 0xA5B8,
    0xA5D8, 0xADF9, 0x6390, 0x0000, 0x7C94, 0x9578, 0xC69B, 0x3A08, 0xBE7A, 0x93D1, 0x0000, 0x0000,
    0x0000, 0x0000, 0x0000, 0x0000, 0x0000, 0x0000, 0x0000, 0x2104, 0x39C7, 0x4A69, 0x5B4D, 0x7410,
    0x84B2, 0x9514, 0x9D75, 0xA596, 0xA596, 0xA596, 0x9D35, 0x8CD3, 0x7C51, 0x73F0, 0x7410, 0x9514,
    0xCEFC, 0x0000, 0xD73C, 0xD71C, 0xD71C, 0xD71C, 0x0000, 0xD71C, 0x9D55, 0x7410, 0x73EF, 0x7C51,
    0x8CD3, 0x9D35, 0xA596, 0xA596, 0xA596, 0xA575, 0x9534, 0x84B2, 0x73F0, 0x5B2D, 0x4A6A, 0x31A6,
    0x20E3, 0x0000, 0x0000, 0x0000, 0x0000, 0x0000, 0x0000, 0x0000, 0x0000, 0x0000, 0x72CC, 0xD6FC,
    0x4A8A, 0xB618, 0x9557, 0x7C94, 0x0000, 0x636F, 0xADF9, 0xA5B8, 0xA5D8, 0xA5D8, 0x9536, 0x84F6,
    0x7412, 0x0000, 0x0000, 0x0000, 0x0000, 0x0000, 0x0000, 0x0000, 0x0000, 0x0000, 0x0000, 0x0000,
    0x0000, 0x0000, 0x0000, 0x0000, 0x0000, 0x0000, 0x0000, 0x0000, 0x0000, 0x0000, 0x0000, 0x0000,
    0x0000, 0x0000, 0x0000, 0x0000, 0x0000, 0x0000, 0x0000, 0x0000, 0x0000, 0x0000, 0x0000, 0x0000,
    0x0000, 0x0000, 0x0000, 0x426B, 0x8D17, 0x84D5, 0xA5B8, 0xA5D8, 0xA5D8, 0xADD9, 0x8CF6, 0x0000,
    0x5B4F, 0x9558, 0xC69B, 0x9D56, 0xB639, 0xCE5A, 0x5167, 0x0000, 0x0000, 0x0000, 0x0000, 0x0000,
    0x0000, 0x0000, 0x0000, 0x0000, 0x2883, 0x38A4, 0x38A4, 0x3083, 0x2842, 0x2021, 0x1821, 0x1821,
    0x1821, 0x1821, 0x1821, 0x2021, 0x2842, 0x3063, 0x2863, 0x1841, 0x2145, 0x8CD3, 0x0000, 0xD71C,
    0xD71C, 0x0000, 0x8CD3, 0x2965, 0x1862, 0x3063, 0x3063, 0x2842, 0x2021, 0x1821, 0x1821, 0x1821,
    0x1821, 0x1821, 0x2041, 0x2862, 0x38A4, 0x48C5, 0x40C4, 0x2883, 0x1001, 0x0000, 0x0000, 0x0000,
    0x0000, 0x0000, 0x0000, 0x0000, 0x0000, 0x40E5, 0xC5B8, 0xC6BB, 0xA596, 0xBE9B, 0x8D16, 0x636F,
    0x0000, 0x84D5, 0xADD9, 0xA5B8, 0xA5B8, 0xA5B8, 0x8CF5, 0x8D17, 0x4AAC, 0x0000, 0x0000, 0x0000,
    0x0000, 0x0000, 0x0000, 0x0000, 0x0000, 0x0000, 0x0000, 0x0000, 0x0000, 0x0000, 0x0000, 0x0000,
    0x0000, 0x0000, 0x0000, 0x0000, 0x0000, 0x0000, 0x0000, 0x0000, 0x0000, 0x0000, 0x0000, 0x0000,
    0x0000, 0x0000, 0x0000, 0x0000, 0x0000, 0x0000, 0x0000, 0x0000, 0x0000, 0x0000, 0x0000, 0x18E4,
    0x84D6, 0x84B5, 0x9D77, 0xADD9, 0xA5B8, 0xA5D8, 0xA5B9, 0x29A7, 0x31C8, 0x9558, 0xB639, 0xCEFC,
    0xC69B, 0xCF1C, 0xA412, 0x2042, 0x0000, 0x0000, 0x0000, 0x0000, 0x0000, 0x0000, 0x18C2, 0x5289,
    0x18C3, 0x1061, 0x2062, 0x40E5, 0x6988, 0x8A0B, 0x9A4C, 0x9A4C, 0x9A4C, 0x922C, 0x922C, 0x922C,
    0x922C, 0x922C, 0x922C, 0x8A0B, 0x5947, 0x1021, 0x4A8A, 0xD71C, 0xD71C, 0x4AAA, 0x1841, 0x5947,
    0x8A0B, 0x922C, 0x920C, 0x920C, 0x920C, 0x922B, 0x922C, 0x924C, 0x9A4C, 0x924C, 0x820B, 0x69A9,
    0x4905, 0x2082, 0x1041, 0x10A2, 0x5269, 0x2103, 0x0000, 0x0000, 0x0000, 0x0000, 0x0000, 0x0000,
    0x1821, 0x9B70, 0xCEFC, 0xC6BB, 0xCEFC, 0xB619, 0x8D17, 0x31E8, 0x2166, 0xA5B9, 0xA5B8, 0xA5D8,
    0xA5B8, 0x9D77, 0x84B5, 0x8CF6, 0x2125, 0x0000, 0x0000, 0x0000, 0x0000, 0x0000, 0x0000, 0x0000,
    0x0000, 0x0000, 0x0000, 0x0000, 0x0000, 0x0000, 0x0000, 0x0000, 0x0000, 0x0000, 0x0000, 0x0000,
    0x0000, 0x0000, 0x0000, 0x0000, 0x0000, 0x0000, 0x0000, 0x0000, 0x0000, 0x0000, 0x0000, 0x0000,
    0x0000, 0x0000, 0x0000, 0x0000, 0x0000, 0x0000, 0x0000, 0x0000, 0x6BD1, 0x84F6, 0x8D16, 0xADD8,
    0xA5D8, 0xA5D8, 0xADF9, 0x5B6F, 0x0882, 0x84B5, 0xADF9, 0xC6DB, 0xC6BB, 0xC6DC, 0xC639, 0x79EA,
    0x0000, 0x0000, 0x0000, 0x0000, 0x0000, 0x0000, 0x0000, 0xA4B1, 0xD616, 0x4207, 0x4A68, 0x3185,
    0x0000, 0x0000, 0x1021, 0x3083, 0x5126, 0x6989, 0x81EA, 0x8A0B, 0x922C, 0x922C, 0x922C, 0x922C,
    0x9A4C, 0x922C, 0x40A4, 0x39A7, 0x39C7, 0x40C4, 0x924C, 0x9A4C, 0x920C, 0x920B, 0x920B, 0x920B,
    0x8A0B, 0x81EA, 0x69A8, 0x5126, 0x30A3, 0x1021, 0x0000, 0x0000, 0x2144, 0x5269, 0x39A6, 0xC595,
    0xB533, 0x0000, 0x0000, 0x0000, 0x0000, 0x0000, 0x0000, 0x0000, 0x69A9, 0xC5D8, 0xCEFC, 0xC6BB,
    0xCEDC, 0xA5D8, 0x84B5, 0x1082, 0x5B2E, 0xADF9, 0xA5D8, 0xA5B8, 0xA5B8, 0x9536, 0x84D6, 0x7412,
    0x0000, 0x0000, 0x0000, 0x0000, 0x0000, 0x0000, 0x0000, 0x0000, 0x0000, 0x0000, 0x0000, 0x0000,
    0x0000, 0x0000, 0x0000, 0x0000, 0x0000, 0x0000, 0x0000, 0x0000, 0x0000, 0x0000, 0x0000, 0x0000,
    0x0000, 0x0000, 0x0000, 0x0000, 0x0000, 0x0000, 0x0000, 0x0000, 0x0000, 0x0000, 0x0000, 0x0000,
    0x0000, 0x0000, 0x0000, 0x0000, 0x3A2A, 0x8D17, 0x84D5, 0xA5B8, 0xA5D8, 0xA5B8, 0xADD8, 0x8D16,
    0x0882, 0x5B4E, 0xA5D9, 0xC6BB, 0xC6BB, 0xC6BB, 0xC6FC, 0xAC53, 0x5106, 0x0000, 0x0000, 0x0000,
    0x0000, 0x0000, 0x0000, 0x2924, 0xE678, 0x6B2B, 0x8C0F, 0xE678, 0xBD74, 0x4A48, 0x5289, 0x39A6,
    0x10A2, 0x0000, 0x0000, 0x1001, 0x2042, 0x30A4, 0x40E5, 0x5946, 0x6168, 0x6989, 0x79EA, 0x4906,
    0x4906, 0x820A, 0x71A9, 0x6188, 0x5947, 0x4905, 0x38A4, 0x2062, 0x1021, 0x0000, 0x0000, 0x0000,
    0x2965, 0x52A9, 0x39C7, 0xAD13, 0xD637, 0xA4D2, 0x5AAA, 0xE698, 0x41E7, 0x0000, 0x0000, 0x0000,
    0x0000, 0x0000, 0x0000, 0x48E5, 0xA3B1, 0xCEFC, 0xC6BB, 0xC6BB, 0xC6BB, 0x9D98, 0x6390, 0x0862,
    0x8CF6, 0xADD8, 0xA5B8, 0xA5B8, 0xA5B8, 0x84D5, 0x8D17, 0x428B, 0x0000, 0x0000, 0x0000, 0x0000,
    0x0000, 0x0000, 0x0000, 0x0000, 0x0000, 0x0000, 0x0000, 0x0000, 0x0000, 0x0000, 0x0000, 0x0000,
    0x0000, 0x0000, 0x0000, 0x0000, 0x0000, 0x0000, 0x0000, 0x0000, 0x0000, 0x0000, 0x0000, 0x0000,
    0x0000, 0x0000, 0x0000, 0x0000, 0x0000, 0x0000, 0x0000, 0x0000, 0x0000, 0x0000, 0x0000, 0x0000,
    0x1082, 0x84B5, 0x84D6, 0x9D77, 0xADD8, 0xA5B8, 0xA5B8, 0xA5D9, 0x3A29, 0x2146, 0x9D78, 0xBE9B,
    0xC6BB, 0xC6BB, 0xC6DB, 0xC67A, 0x928D, 0x30A3, 0x0000, 0x0000, 0x0000, 0x0000, 0x0000, 0x0000,
    0x62EB, 0x9450, 0x41C7, 0xE698, 0x0000, 0x736C, 0xA4D2, 0xE6B9, 0xC5B5, 0xACD2, 0x8BEF, 0x6B0B,
    0x4A48, 0x3185, 0x18E3, 0x1082, 0x0000, 0x0000, 0x0000, 0x0000, 0x0000, 0x0000, 0x0000, 0x0000,
    0x0000, 0x18E3, 0x2965, 0x4227, 0x62EB, 0x83CE, 0xA4B2, 0xC594, 0xDE57, 0xBD74, 0x5AAA, 0xEEF9,
    0xDE98, 0x5269, 0x83AE, 0x7B6D, 0x0000, 0x0000, 0x0000, 0x0000, 0x0000, 0x0000, 0x2083, 0x8A2B,
    0xBDF9, 0xCEFC, 0xC6BB, 0xCEDC, 0xBE7A, 0x9557, 0x31A7, 0x31E8, 0xA5D9, 0xA5D8, 0xA5B8, 0xA5B8,
    0x9D77, 0x84D5, 0x84D6, 0x18E4, 0x0000, 0x0000, 0x0000, 0x0000, 0x0000, 0x0000, 0x0000, 0x0000,
    0x0000, 0x0000, 0x0000, 0x0000, 0x0000, 0x0000, 0x0000, 0x0000, 0x0000, 0x0000, 0x0000, 0x0000,
    0x0000, 0x0000, 0x0000, 0x0000, 0x0000, 0x0000, 0x0000, 0x0000, 0x0000, 0x0000, 0x0000, 0x0000,
    0x0000, 0x0000, 0x0000, 0x0000, 0x0000, 0x0000, 0x0000, 0x0000, 0x0000, 0x5B4F, 0x8D17, 0x8D16,
    0xA5D8, 0xA5D8, 0xA5B8, 0xADF9, 0x7C53, 0x0000, 0x7433, 0xB65A, 0xC6DB, 0xC6DB, 0xC6BB, 0xCF1C,
    0x0000, 0x7989, 0x1041, 0x0000, 0x0000, 0x0000, 0x0000, 0x0000, 0x0000, 0x18A2, 0x0000, 0x8C0F,
    0x0000, 0xA4F2, 0x6AEB, 0x0000, 0xEF19, 0xEEF9, 0xEEF9, 0xEED9, 0xE698, 0xDE57, 0xCDF6, 0xC574,
    0xB533, 0xACF2, 0xA4B1, 0x9C70, 0x9C91, 0xA491, 0xA4B1, 0xB513, 0xBD74, 0xCDD6, 0xD637, 0xE698,
    0xE6D9, 0xEEF9, 0xEF19, 0xEF19, 0x0000, 0x83AD, 0x738D, 0x0000, 0x9CB1, 0x0000, 0x1082, 0x0000,
    0x0000, 0x0000, 0x0000, 0x0000, 0x0000, 0x0000, 0x7188, 0xAC12, 0xCF1C, 0xC6BB, 0xC6DB, 0xCEFC,
    0xB63A, 0x7C74, 0x0882, 0x7412, 0xADF9, 0xA5D8, 0xA5D8, 0xADD8, 0x8D16, 0x8CF6, 0x6BD1, 0x0000,
    0x0000, 0x0000, 0x0000, 0x0000, 0x0000, 0x0000, 0x0000, 0x0000, 0x0000, 0x0000, 0x0000, 0x0000,
    0x0000, 0x0000, 0x0000, 0x0000, 0x0000, 0x0000, 0x0000, 0x0000, 0x0000, 0x0000, 0x0000, 0x0000,
    0x0000, 0x0000, 0x0000, 0x0000, 0x0000, 0x0000, 0x0000, 0x0000, 0x0000, 0x0000, 0x0000, 0x0000,
    0x0000, 0x0000, 0x0000, 0x0000, 0x0000, 0x2966, 0x8D16, 0x84D5, 0xA5B8, 0xA5D8, 0xA5D8, 0xADD8,
    0xA5B9, 0x2987, 0x3A2A, 0xAE1A, 0xC6DB, 0xC6DC, 0xC6DB, 0xC6BB, 0xC6BB, 0x9AEE, 0x6148, 0x0000,
    0x0000, 0x0000, 0x0000, 0x0000, 0x0000, 0x0000, 0x0000, 0x0000, 0x4A68, 0x7BCD, 0x2904, 0xDE78,
    0x0000, 0x0000, 0xEF3A, 0xEF3A, 0xF75A, 0xEF3A, 0xEF3A, 0xEF19, 0xEF1A, 0xEF19, 0xEF19, 0xEF19,
    0xEF1A, 0xEF1A, 0xEF19, 0xEF1A, 0xEF3A, 0xEF3A, 0xEF3A, 0xEF3A, 0xF75A, 0xF75A, 0x0000, 0x0000,
    0xF73A, 0x3986, 0x630B, 0x5ACA, 0x0000, 0x0000, 0x0000, 0x0000, 0x0000, 0x0000, 0x0000, 0x0000,
    0x0000, 0x5947, 0x926C, 0xC65A, 0xC6FC, 0xC6BB, 0xC6BB, 0xC6DC, 0xA5D9, 0x4AAC, 0x2145, 0xA598,
    0xADD8, 0xA5D8, 0xADD8, 0xA5D8, 0x84D5, 0x8D17, 0x31E8, 0x0000, 0x0000, 0x0000, 0x0000, 0x0000,
    0x0000, 0x0000, 0x0000, 0x0000, 0x0000, 0x0000, 0x0000, 0x0000, 0x0000, 0x0000, 0x0000, 0x0000,
    0x0000, 0x0000, 0x0000, 0x0000, 0x0000, 0x0000, 0x0000, 0x0000, 0x0000, 0x0000, 0x0000, 0x0000,
    0x0000, 0x0000, 0x0000, 0x0000, 0x0000, 0x0000, 0x0000, 0x0000, 0x0000, 0x0000, 0x0000, 0x0000,
    0x0000, 0x0000, 0x7432, 0x84D6, 0x9557, 0xADD8, 0xA5D8, 0xA5D8, 0xADF9, 0x6BF2, 0x10A3, 0x8D16,
    0xC6BB, 0xC6BB, 0xC6BB, 0xC6BB, 0xCEFC, 0x0000, 0x89EB, 0x4926, 0x0000, 0x0000, 0x0000, 0x0000,
    0x0000, 0x0000, 0x0000, 0x0000, 0x0000, 0x0000, 0x0000, 0x3185, 0x8C50, 0xCE16, 0xA4F2, 0xA4F2,
    0x0000, 0x0000, 0x0000, 0x0000, 0x0000, 0x0000, 0x0000, 0x0000, 0x0000, 0x0000, 0x0000, 0x0000,
    0x0000, 0x0000, 0x0000, 0x0000, 0xBDB5, 0x9450, 0xCE37, 0x9CB1, 0x4A28, 0x0000, 0x0000, 0x0000,
    0x0000, 0x0000, 0x0000, 0x0000, 0x0000, 0x0000, 0x0000, 0x0000, 0x38E4, 0x89EA, 0xAC93, 0xCF1D,
    0xC6BB, 0xC6DB, 0xC6DC, 0xC69B, 0x8D16, 0x18E4, 0x6390, 0xADF9, 0xA5D8, 0xA5D8, 0xADD9, 0x9D77,
    0x84D6, 0x7C54, 0x0000, 0x0000, 0x0000, 0x0000, 0x0000, 0x0000, 0x0000, 0x0000, 0x0000, 0x0000,
    0x0000, 0x0000, 0x0000, 0x0000, 0x0000, 0x0000, 0x0000, 0x0000, 0x0000, 0x0000, 0x0000, 0x0000,
    0x0000, 0x0000, 0x0000, 0x0000, 0x0000, 0x0000, 0x0000, 0x0000, 0x0000, 0x0000, 0x0000, 0x0000,
    0x0000, 0x0000, 0x0000, 0x0000, 0x0000, 0x0000, 0x0000, 0x0000, 0x0000, 0x0000, 0x3A4A, 0x8D17,
    0x84D5, 0xA5D8, 0xADD9, 0xADD8, 0xADD8, 0xA598, 0x2146, 0x4AAC, 0xBE9B, 0xC6DB, 0xC6BB, 0xC6DC,
    0xC6BB, 0xCEFC, 0x9B70, 0x89EA, 0x28A3, 0x0000, 0x0000, 0x0000, 0x0000, 0x0000, 0x0000, 0x0000,
    0x0000, 0x0000, 0x0000, 0x0000, 0x0000, 0x0000, 0x0000, 0x0000, 0x4A69, 0x736C, 0x8C50, 0xA512,
    0xBD94, 0xC5F5, 0xCE36, 0xD677, 0xD677, 0xD677, 0xCE36, 0xBDB4, 0xAD33, 0x9490, 0x7BAD, 0x5AAA,
    0x18C2, 0x0000, 0x0000, 0x0000, 0x0000, 0x0000, 0x0000, 0x0000, 0x0000, 0x0000, 0x0000, 0x0000,
    0x0000, 0x0000, 0x0000, 0x1862, 0x81EA, 0x92AD, 0xC6BB, 0xC6DC, 0xC6DB, 0xC6DB, 0xCEFC, 0xBE7B,
    0x5B2E, 0x1905, 0x9D78, 0xADD8, 0xA5D8, 0xA5D8, 0xADD8, 0x8CF6, 0x8D17, 0x4AAC, 0x0000, 0x0000,
    0x0000, 0x0000, 0x0000, 0x0000, 0x0000, 0x0000, 0x0000, 0x0000, 0x0000, 0x0000, 0x0000, 0x0000,
    0x0000, 0x0000, 0x0000, 0x0000, 0x0000, 0x0000, 0x0000, 0x0000, 0x0000, 0x0000, 0x0000, 0x0000,
    0x0000, 0x0000, 0x0000, 0x0000, 0x0000, 0x0000, 0x0000, 0x0000, 0x0000, 0x0000, 0x0000, 0x0000,
    0x0000, 0x0000, 0x0000, 0x0000, 0x0000, 0x0000, 0x0862, 0x8494, 0x84D6, 0x9D57, 0xADD8, 0xA5D8,
    0xA5B8, 0xA5D9, 0x6BD1, 0x10A3, 0x9D77, 0xC6DB, 0xC6BB, 0xC6DC, 0xC6BB, 0xCEFC, 0xBDD8, 0x8A0B,
    0x820B, 0x1041, 0x0000, 0x0000, 0x0000, 0x0000, 0x0000, 0x0000, 0x0000, 0x0000, 0x0000, 0x0000,
    0x0000, 0x0000, 0x0000, 0x0000, 0x0000, 0x0000, 0x0000, 0x0000, 0x0000, 0x0000, 0x0000, 0x0000,
    0x0000, 0x0000, 0x0000, 0x0000, 0x0000, 0x0000, 0x0000, 0x0000, 0x0000, 0x0000, 0x0000, 0x0000,
    0x0000, 0x0000, 0x0000, 0x0000, 0x0000, 0x0000, 0x0000, 0x0000, 0x0000, 0x0000, 0x0000, 0x71C9,
    0x81CA, 0x0000, 0xCF1C, 0xC6BB, 0xC6DC, 0xC6DC, 0xCEDC, 0xA5B8, 0x1925, 0x636F, 0xAE19, 0xA5D8,
    0xADD8, 0xADF9, 0x9D97, 0x84D5, 0x84D6, 0x10C3, 0x0000, 0x0000, 0x0000, 0x0000, 0x0000, 0x0000,
    0x0000, 0x0000, 0x0000, 0x0000, 0x0000, 0x0000, 0x0000, 0x0000, 0x0000, 0x0000, 0x0000, 0x0000,
    0x0000, 0x0000, 0x0000, 0x0000, 0x0000, 0x0000, 0x0000, 0x0000, 0x0000, 0x0000, 0x0000, 0x0000,
    0x0000, 0x0000, 0x0000, 0x0000, 0x0000, 0x0000, 0x0000, 0x0000, 0x0000, 0x0000, 0x0000, 0x0000,
    0x0000, 0x0000, 0x0000, 0x4ACC, 0x8D17, 0x84F5, 0xA5D8, 0xADD9, 0xADD8, 0xA5B8, 0x9DB8, 0x2966,
    0x52ED, 0xC6DC, 0xC6BB, 0xC6BB, 0xC6DB, 0xC6BB, 0xCF1D, 0x8B90, 0x89CA, 0x71C9, 0x0000, 0x0000,
    0x0000, 0x0000, 0x0000, 0x0000, 0x0000, 0x0000, 0x0000, 0x0000, 0x0000, 0x0000, 0x0000, 0x0000,
    0x0000, 0x0000, 0x0000, 0x0000, 0x0000, 0x0000, 0x0000, 0x0000, 0x0000, 0x0000, 0x0000, 0x0000,
    0x0000, 0x0000, 0x0000, 0x0000, 0x0000, 0x0000, 0x0000, 0x0000, 0x0000, 0x0000, 0x0000, 0x0000,
    0x0000, 0x0000, 0x0000, 0x0000, 0x0000, 0x0000, 0x6188, 0x89EB, 0x82CD, 0xC6FC, 0xC6DB, 0xCEDC,
    0xC6DC, 0xCEDC, 0xC6DC, 0x636F, 0x2145, 0xA598, 0xADD8, 0xA5D8, 0xADD8, 0xADF9, 0x8D16, 0x8D17,
    0x5B4F, 0x0000, 0x0000, 0x0000, 0x0000, 0x0000, 0x0000, 0x0000, 0x0000, 0x0000, 0x0000, 0x0000,
    0x0000, 0x0000, 0x0000, 0x0000, 0x0000, 0x0000, 0x0000, 0x0000, 0x0000, 0x0000, 0x0000, 0x0000,
    0x0000, 0x0000, 0x0000, 0x0000, 0x0000, 0x0000, 0x0000, 0x0000, 0x0000, 0x0000, 0x0000, 0x0000,
    0x0000, 0x0000, 0x0000, 0x0000, 0x0000, 0x0000, 0x0000, 0x0000, 0x0000, 0x0000, 0x0000, 0x10A2,
    0x84B5, 0x84D5, 0x9D97, 0xADD8, 0xA5B8, 0xA5B8, 0xADF9, 0x7432, 0x10C4, 0xA5D8, 0xCEFC, 0xC6DC,
    0xC6DB, 0xC6BB, 0xCEFC, 0xADF8, 0x69A9, 0x922C, 0x5968, 0x0000, 0x0000, 0x0000, 0x0000, 0x0000,
    0x0000, 0x0000, 0x0000, 0x0000, 0x0000, 0x0000, 0x0000, 0x0000, 0x0000, 0x0000, 0x0000, 0x0000,
    0x0000, 0x0000, 0x0000, 0x0000, 0x0000, 0x0000, 0x0000, 0x0000, 0x0000, 0x0000, 0x0000, 0x0000,
    0x0000, 0x0000, 0x0000, 0x0000, 0x0000, 0x0000, 0x0000, 0x0000, 0x0000, 0x0000, 0x0000, 0x0000,
    0x0000, 0x5146, 0x9A4C, 0x7189, 0xA535, 0xD71D, 0xC6BB, 0xCEDC, 0xC6DC, 0xCEFC, 0xAE1A, 0x2125,
    0x73F1, 0xAE19, 0xA5D8, 0xA5D8, 0xADD9, 0xA5B8, 0x84D5, 0x8CF6, 0x1905, 0x0000, 0x0000, 0x0000,
    0x0000, 0x0000, 0x0000, 0x0000, 0x0000, 0x0000, 0x0000, 0x0000, 0x0000, 0x0000, 0x0000, 0x0000,
    0x0000, 0x0000, 0x0000, 0x0000, 0x0000, 0x0000, 0x0000, 0x0000, 0x0000, 0x0000, 0x0000, 0x0000,
    0x0000, 0x0000, 0x0000, 0x0000, 0x0000, 0x0000, 0x0000, 0x0000, 0x0000, 0x0000, 0x0000, 0x0000,
    0x0000, 0x0000, 0x0000, 0x0000, 0x0000, 0x0000, 0x0000, 0x0000, 0x4ACC, 0x8D17, 0x8CF6, 0xADD8,
    0xA5D8, 0xADD8, 0xADD8, 0xA5F9, 0x31E8, 0x52CC, 0xCF1D, 0xC6BB, 0xC6DC, 0xC6BB, 0xC6BB, 0xD73D,
    0x73AF, 0x7168, 0x924C, 0x5147, 0x0000, 0x0000, 0x0000, 0x0000, 0x0000, 0x0000, 0x0000, 0x0000,
    0x0000, 0x0000, 0x0000, 0x0000, 0x0000, 0x0000, 0x0000, 0x0000, 0x0000, 0x0000, 0x0000, 0x0000,
    0x0000, 0x0000, 0x0000, 0x0000, 0x0000, 0x0000, 0x0000, 0x0000, 0x0000, 0x0000, 0x0000, 0x0000,
    0x0000, 0x0000, 0x0000, 0x0000, 0x0000, 0x0000, 0x0000, 0x0000, 0x4105, 0x9A4C, 0x79A9, 0x6ACC,
    0xCF3D, 0xC6DB, 0xC6DC, 0xCEDC, 0xC6BB, 0xCF1D, 0x5B4F, 0x31C8, 0xADF9, 0xA5D8, 0xADD8, 0xADD8,
    0xADF9, 0x8D16, 0x8D17, 0x636F, 0x0000, 0x0000, 0x0000, 0x0000, 0x0000, 0x0000, 0x0000, 0x0000,
    0x0000, 0x0000, 0x0000, 0x0000, 0x0000, 0x0000, 0x0000, 0x0000, 0x0000, 0x0000, 0x0000, 0x0000,
    0x0000, 0x0000, 0x0000, 0x0000, 0x0000, 0x0000, 0x0000, 0x0000, 0x0000, 0x0000, 0x0000, 0x0000,
    0x0000, 0x0000, 0x0000, 0x0000, 0x0000, 0x0000, 0x0000, 0x0000, 0x0000, 0x0000, 0x0000, 0x0000,
    0x0000, 0x0000, 0x0000, 0x0000, 0x10A3, 0x84B5, 0x84D5, 0x9D77, 0xADD8, 0xA5B8, 0xA5D8, 0xADF9,
    0x8CD5, 0x18E4, 0xA5B8, 0xCEFC, 0xC6BB, 0xC6DC, 0xC6DB, 0xCEFC, 0xBE7A, 0x51A8, 0x89EB, 0x922C,
    0x4926, 0x0000, 0x0000, 0x0000, 0x0000, 0x0000, 0x0000, 0x0000, 0x0000, 0x0000, 0x0000, 0x0000,
    0x0000, 0x0000, 0x0000, 0x0000, 0x0000, 0x0000, 0x0000, 0x0000, 0x0000, 0x0000, 0x0000, 0x0000,
    0x0000, 0x0000, 0x0000, 0x0000, 0x0000, 0x0000, 0x0000, 0x0000, 0x0000, 0x0000, 0x0000, 0x0000,
    0x0000, 0x0000, 0x0000, 0x4105, 0x8A0B, 0x8A0B, 0x4926, 0xA5D7, 0xCF1D, 0xC6DC, 0xC6DC, 0xC6BB,
    0xCEFC, 0xADD9, 0x1905, 0x84B4, 0xAE19, 0xA5D8, 0xA5D8, 0xADF8, 0xA5B8, 0x84D5, 0x8CF6, 0x2125,
    0x0000, 0x0000, 0x0000, 0x0000, 0x0000, 0x0000, 0x0000, 0x0000, 0x0000, 0x0000, 0x0000, 0x0000,
    0x0000, 0x0000, 0x0000, 0x0000, 0x0000, 0x0000, 0x0000, 0x0000, 0x0000, 0x0000, 0x0000, 0x0000,
    0x0000, 0x0000, 0x0000, 0x0000, 0x0000, 0x0000, 0x0000, 0x0000, 0x0000, 0x0000, 0x0000, 0x0000,
    0x0000, 0x0000, 0x0000, 0x0000, 0x0000, 0x0000, 0x0000, 0x0000, 0x0000, 0x0000, 0x0000, 0x0000,
    0x0000, 0x4AAC, 0x8D17, 0x8CF6, 0xADD8, 0xA5B8, 0xA5D8, 0xA5D8, 0xAE1A, 0x52ED, 0x428B, 0xCF1D,
    0xC6BB, 0xC6DC, 0xC6DC, 0xC6BB, 0xD75E, 0x8472, 0x5106, 0x922C, 0x922C, 0x4926, 0x0000, 0x0000,
    0x62CA, 0x5AAA, 0x0000, 0x0000, 0x0000, 0x0000, 0x0000, 0x0000, 0x0000, 0x0000, 0x0000, 0x0000,
    0x0000, 0x0000, 0x0000, 0x0000, 0x0000, 0x0000, 0x0000, 0x0000, 0x0000, 0x0000, 0x0000, 0x0000,
    0x0000, 0x0000, 0x0000, 0x0000, 0x0000, 0x0000, 0x4A28, 0x6B0B, 0x0000, 0x0000, 0x4105, 0x922C,
    0x922C, 0x50E6, 0x638E, 0x0000, 0xC6BB, 0xCEDC, 0xCEDC, 0xC6BB, 0xCF3D, 0x4ACC, 0x4ACC, 0xB63A,
    0xA5D8, 0xA5D8, 0xADD8, 0xADF9, 0x8D16, 0x8D17, 0x5B4F, 0x0000, 0x0000, 0x0000, 0x0000, 0x0000,
    0x0000, 0x0000, 0x0000, 0x0000, 0x0000, 0x0000, 0x0000, 0x0000, 0x0000, 0x0000, 0x0000, 0x0000,
    0x0000, 0x0000, 0x0000, 0x0000, 0x0000, 0x0000, 0x0000, 0x0000, 0x0000, 0x0000, 0x0000, 0x0000,
    0x0000, 0x0000, 0x0000, 0x0000, 0x0000, 0x0000, 0x0000, 0x0000, 0x0000, 0x0000, 0x0000, 0x0000,
    0x0000, 0x0000, 0x0000, 0x0000, 0x0000, 0x0000, 0x0000, 0x0000, 0x0000, 0x0862, 0x7C94, 0x84D6,
    0x9D77, 0xADF8, 0xADD8, 0xA5D8, 0xADD8, 0xA5B8, 0x2987, 0x9515, 0xCF1D, 0xC6BB, 0xC6DC, 0xC6DC,
    0xC6DC, 0xCF1D, 0x4229, 0x7189, 0x922C, 0xA26C, 0x6187, 0x0000, 0x4A28, 0xDE37, 0x83AD, 0x5AA9,
    0x736C, 0x2124, 0x0000, 0x0000, 0x0000, 0x0000, 0x0000, 0x0000, 0x0000, 0x0000, 0x0000, 0x0000,
    0x0000, 0x0000, 0x0000, 0x0000, 0x0000, 0x0000, 0x0000, 0x0000, 0x0000, 0x0000, 0x2104, 0x6B2B,
    0x6B4C, 0x6B2B, 0xDE57, 0x5AA9, 0x0000, 0x5146, 0x9A4C, 0x922C, 0x79A9, 0x3166, 0xC6DC, 0xCEFC,
    0xC6DC, 0xCEDC, 0xCEDC, 0xD73D, 0x9D76, 0x29A8, 0xA5B8, 0xADD8, 0xA5D8, 0xA5D8, 0xADD8, 0xA598,
    0x84D5, 0x8CF6, 0x18E4, 0x0000, 0x0000, 0x0000, 0x0000, 0x0000, 0x0000, 0x0000, 0x0000, 0x0000,
    0x0000, 0x0000, 0x0000, 0x0000, 0x0000, 0x0000, 0x0000, 0x0000, 0x0000, 0x0000, 0x0000, 0x0000,
    0x0000, 0x0000, 0x0000, 0x0000, 0x0000, 0x0000, 0x0000, 0x0000, 0x0000, 0x0000, 0x0000, 0x0000,
    0x0000, 0x0000, 0x0000, 0x0000, 0x0000, 0x0000, 0x0000, 0x0000, 0x0000, 0x0000, 0x0000, 0x0000,
    0x0000, 0x0000, 0x0000, 0x0000, 0x0000, 0x0000, 0x3A2A, 0x8D17, 0x8CF5, 0xADD8, 0xADD8, 0xA5D8,
    0xA5B8, 0xB61A, 0x7C53, 0x3A09, 0xCEFC, 0xC6BB, 0xC6DC, 0xCEDC, 0xC6DB, 0xD73D, 0xA5B7, 0x28A3,
    0x8A0B, 0x9A4C, 0xBAAD, 0x8A0A, 0x1821, 0x0000, 0x5AAA, 0xDE78, 0x0000, 0xEF3A, 0x734C, 0xA4F2,
    0x840F, 0x62EB, 0x18C2, 0x10A2, 0x2103, 0x1082, 0x0000, 0x0000, 0x0000, 0x0000, 0x1082, 0x20E3,
    0x18C3, 0x1082, 0x5ACA, 0x83EE, 0xAD12, 0x736C, 0xE6D8, 0x0000, 0xEEF9, 0x7B8D, 0x18E3, 0x0000,
    0x79C9, 0xB2AD, 0xA24C, 0x920B, 0x2883, 0x9535, 0x0000, 0xC6DC, 0xCEDC, 0xC6DC, 0xCEDB, 0xCF1D,
    0x4A8B, 0x7C73, 0xB63A, 0xA5D8, 0xADF9, 0xADD8, 0xADD9, 0x8CF6, 0x8D17, 0x4ACC, 0x0000, 0x0000,
    0x0000, 0x0000, 0x0000, 0x0000, 0x0000, 0x0000, 0x0000, 0x0000, 0x0000, 0x0000, 0x0000, 0x0000,
    0x0000, 0x0000, 0x0000, 0x0000, 0x0000, 0x0000, 0x0000, 0x0000, 0x0000, 0x0000, 0x0000, 0x0000,
    0x0000, 0x0000, 0x0000, 0x0000, 0x0000, 0x0000, 0x0000, 0x0000, 0x0000, 0x0000, 0x0000, 0x0000,
    0x0000, 0x0000, 0x0000, 0x0000, 0x0000, 0x0000, 0x0000, 0x0000, 0x0000, 0x0000, 0x0000, 0x0000,
    0x0000, 0x0000, 0x0000, 0x73F2, 0x84D6, 0x9557, 0xADF9, 0xA5D8, 0xADD8, 0xADD8, 0xB63A, 0x4ACC,
    0x7C31, 0xD75E, 0xC6BB, 0xC6DC, 0xCEDC, 0xC6BB, 0x0000, 0x638E, 0x38A4, 0x9A4C, 0xA26C, 0xBAAD,
    0xB2AD, 0x5125, 0x0000, 0x2965, 0x9C91, 0xDE77, 0xEED8, 0x0000, 0x0000, 0x0000, 0xBDB4, 0xDEB8,
    0xF75A, 0xE6D9, 0xDE98, 0xD677, 0xD677, 0xDEB8, 0xE6D9, 0xEF3A, 0xE6F9, 0xB594, 0x0000, 0x0000,
    0x0000, 0xEEB9, 0xDE77, 0xACF2, 0x39A6, 0x0000, 0x40E4, 0xA26C, 0xBAAD, 0xA24C, 0x9A4C, 0x38A4,
    0x52EB, 0x0000, 0xCEDC, 0xCEFC, 0xCEDC, 0xC6BB, 0xD75E, 0x8493, 0x530D, 0xB65A, 0xADD8, 0xA5D8,
    0xADD8, 0xADF9, 0x9D77, 0x84D5, 0x7C74, 0x0000, 0x0000, 0x0000, 0x0000, 0x0000, 0x0000, 0x0000,
    0x0000, 0x0000, 0x0000, 0x0000, 0x0000, 0x0000, 0x0000, 0x0000, 0x0000, 0x0000, 0x0000, 0x0000,
    0x0000, 0x0000, 0x0000, 0x0000, 0x0000, 0x0000, 0x0000, 0x0000, 0x0000, 0x0000, 0x0000, 0x0000,
    0x0000, 0x0000, 0x0000, 0x0000, 0x0000, 0x0000, 0x0000, 0x0000, 0x0000, 0x0000, 0x0000, 0x0000,
    0x0000, 0x0000, 0x0000, 0x0000, 0x0000, 0x0000, 0x0000, 0x0000, 0x0000, 0x0000, 0x0000, 0x2145,
    0x8CF6, 0x84D5, 0xA5B8, 0xADF8, 0xADF9, 0xADF9, 0xADF9, 0xA5D8, 0x426A, 0xB639, 0xCF1C, 0xC6DC,
    0xC6DC, 0xCEDC, 0xCEDC, 0xCF1D, 0x3186, 0x5926, 0xA24D, 0xAA6C, 0xB2AD, 0xBACE, 0x924B, 0x30A3,
    0x0000, 0x2103, 0x736C, 0xBD94, 0xE6D9, 0xF75A, 0x0000, 0x0000, 0x0000, 0x0000, 0x0000, 0x0000,
    0x0000, 0x0000, 0x0000, 0x0000, 0x0000, 0x0000, 0x0000, 0xEEF9, 0xC5D5, 0x83EE, 0x3185, 0x0000,
    0x2883, 0x8A0A, 0xBAAD, 0xB28C, 0xAA4C, 0x9A4C, 0x6147, 0x18E4, 0xC6BB, 0xCEFC, 0xCEDC, 0xCEDC,
    0xCEDC, 0xCEFC, 0xBE7A, 0x52CC, 0xA5D8, 0xADF9, 0xA5D8, 0xA5D8, 0xADD8, 0xADD8, 0x84D5, 0x8D16,
    0x31C8, 0x0000, 0x0000, 0x0000, 0x0000, 0x0000, 0x0000, 0x0000, 0x0000, 0x0000, 0x0000, 0x0000,
    0x0000, 0x0000, 0x0000, 0x0000, 0x0000, 0x0000, 0x0000, 0x0000, 0x0000, 0x0000, 0x0000, 0x0000,
    0x0000, 0x0000, 0x0000, 0x0000, 0x0000, 0x0000, 0x0000, 0x0000, 0x0000, 0x0000, 0x0000, 0x0000,
    0x0000, 0x0000, 0x0000, 0x0000, 0x0000, 0x0000, 0x0000, 0x0000, 0x0000, 0x0000, 0x0000, 0x0000,
    0x0000, 0x0000, 0x0000, 0x0000, 0x0000, 0x0000, 0x0000, 0x0000, 0x52CD, 0x8D17, 0x8D16, 0xADF9,
    0xADD8, 0xADD9, 0xA5D8, 0xB63A, 0x8CD4, 0x636E, 0xD73D, 0xC6DB, 0xCEDC, 0xCEDC, 0xCEDC, 0xD73D,
    0xADF8, 0x0000, 0x79A9, 0xA22C, 0xAA8D, 0xB28D, 0xBAAD, 0xBACE, 0x924B, 0x48E5, 0x0000, 0x0000,
    0x2944, 0x5ACA, 0x8C2F, 0xB553, 0xCE16, 0xDE98, 0xE6D9, 0xE6D9, 0xE6F9, 0xE6D9, 0xDE98, 0xD637,
    0xBD94, 0x9470, 0x630B, 0x3185, 0x0000, 0x0000, 0x38A4, 0x8A0A, 0xBACE, 0xBAAD, 0xAA8C, 0xAA6C,
    0x9A2C, 0x79EA, 0x0000, 0x9515, 0x0000, 0xCEDC, 0xCEFC, 0xCEFC, 0xCEDC, 0xD73D, 0x7411, 0x8CF5,
    0xB63A, 0xADD8, 0xADD8, 0xA5D8, 0xADF9, 0x9536, 0x8D16, 0x636F, 0x0000, 0x0000, 0x0000, 0x0000,
    0x0000, 0x0000, 0x0000, 0x0000, 0x0000, 0x0000, 0x0000, 0x0000, 0x0000, 0x0000, 0x0000, 0x0000,
    0x0000, 0x0000, 0x0000, 0x0000, 0x0000, 0x0000, 0x0000, 0x0000, 0x0000, 0x0000, 0x0000, 0x0000,
    0x0000, 0x0000, 0x0000, 0x0000, 0x0000, 0x0000, 0x0000, 0x0000, 0x0000, 0x0000, 0x0000, 0x0000,
    0x0000, 0x0000, 0x0000, 0x0000, 0x0000, 0x0000, 0x0000, 0x0000, 0x0000, 0x0000, 0x0000, 0x0000,
    0x0000, 0x0000, 0x0000, 0x0000, 0x0000, 0x7453, 0x84F6, 0x9D97, 0xADF9, 0xADD9, 0xADF9, 0xADD8,
    0xB63A, 0x7411, 0x9514, 0xD73D, 0xC6BB, 0xCEDC, 0xCEFC, 0xC6DB, 0x0000, 0x7411, 0x0000, 0x89EB,
    0xA22C, 0xAA8D, 0xB28D, 0xB26C, 0xB2AD, 0xBACE, 0xAA8C, 0x79C9, 0x40E5, 0x1821, 0x0000, 0x0000,
    0x0000, 0x18C2, 0x2124, 0x2944, 0x2144, 0x2104, 0x18C3, 0x0000, 0x0000, 0x0000, 0x1001, 0x38C4,
    0x71A8, 0xAAAC, 0xBACE, 0xBA8D, 0xB26C, 0xB28C, 0xAA6C, 0x9A2C, 0x8A0B, 0x0000, 0x5B6E, 0xD75E,
    0xCEDC, 0xCEFC, 0xCEFC, 0xCEDC, 0xD73D, 0xA597, 0x7C52, 0xB63A, 0xADD8, 0xADF9, 0xADD8, 0xADD9,
    0xA598, 0x84D6, 0x84B5, 0x10A3, 0x0000, 0x0000, 0x0000, 0x0000, 0x0000, 0x0000, 0x0000, 0x0000,
    0x0000, 0x0000, 0x0000, 0x0000, 0x0000, 0x0000, 0x0000, 0x0000, 0x0000, 0x0000, 0x0000, 0x0000,
    0x0000, 0x0000, 0x0000, 0x0000, 0x0000, 0x0000, 0x0000, 0x0000, 0x0000, 0x0000, 0x0000, 0x0000,
    0x0000, 0x0000, 0x0000, 0x0000, 0x0000, 0x0000, 0x0000, 0x0000, 0x0000, 0x0000, 0x0000, 0x0000,
    0x0000, 0x0000, 0x0000, 0x0000, 0x0000, 0x0000, 0x0000, 0x0000, 0x0000, 0x0000, 0x0000, 0x0000,
    0x0000, 0x2145, 0x8CF6, 0x84D6, 0xA5B8, 0xADD8, 0xADF9, 0xADF9, 0xADF9, 0xAE19, 0x7C32, 0xBE5A,
    0xCEFC, 0xC6DC, 0xCEDC, 0xCEDC, 0xCEDB, 0xD71D, 0x428B, 0x1000, 0x8A0B, 0x9A4C, 0xAA6C, 0xB28D,
    0xB28C, 0xB28C, 0xBA8D, 0xC2CE, 0xC2EE, 0xBACD, 0xA26C, 0x89E9, 0x7187, 0x5926, 0x5105, 0x48E5,
    0x5105, 0x5105, 0x6146, 0x7188, 0x89E9, 0xA2AD, 0xBB0E, 0xC2EE, 0xCB50, 0xF619, 0xCC53, 0xAA2B,
    0xB28D, 0xAA6C, 0x9A2B, 0x8A0B, 0x1021, 0x3A2A, 0xCEFC, 0xCEDC, 0xCEDC, 0xCEFC, 0xCEDC, 0xCEFC,
    0xC69B, 0x8CD4, 0xADF9, 0xADF8, 0xADF9, 0xADD9, 0xA5D8, 0xADF9, 0x8D16, 0x8D17, 0x31C8, 0x0000,
    0x0000, 0x0000, 0x0000, 0x0000, 0x0000, 0x0000, 0x0000, 0x0000, 0x0000, 0x0000, 0x0000, 0x0000,
    0x0000, 0x0000, 0x0000, 0x0000, 0x0000, 0x0000, 0x0000, 0x0000, 0x0000, 0x0000, 0x0000, 0x0000,
    0x0000, 0x0000, 0x0000, 0x0000, 0x0000, 0x0000, 0x0000, 0x0000, 0x0000, 0x0000, 0x0000, 0x0000,
    0x0000, 0x0000, 0x0000, 0x0000, 0x0000, 0x0000, 0x0000, 0x0000, 0x0000, 0x0000, 0x0000, 0x0000,
    0x0000, 0x0000, 0x0000, 0x0000, 0x0000, 0x0000, 0x0000, 0x0000, 0x0000, 0x0000, 0x426A, 0x8D17,
    0x8D16, 0xADF9, 0xADD8, 0xADF9, 0xADF9, 0xAE19, 0xA5D8, 0x9535, 0xCEFC, 0xCEDC, 0xCEDC, 0xCEDC,
    0xCEDC, 0xCEFC, 0xC69C, 0x3209, 0x0000, 0x79EA, 0xA24C, 0xA24C, 0xB28D, 0xB28D, 0xBA8D, 0xBACD,
    0xBAEE, 0xC30F, 0xCB2F, 0xCB4F, 0xD34F, 0xD350, 0xD350, 0xD370, 0xD370, 0xD370, 0xD350, 0xDBF2,
    0x0000, 0xEDF8, 0xF639, 0xD432, 0xC30E, 0xDCD4, 0xC390, 0xAA4C, 0xA22B, 0x9A2C, 0x81EA, 0x1021,
    0x29C8, 0xBE5B, 0xCEFC, 0xCEDC, 0xCEDC, 0xCEDC, 0xC6DB, 0xCEFC, 0xA5B8, 0xA5D8, 0xADF9, 0xADD8,
    0xADF8, 0xADD8, 0xADF9, 0x9557, 0x8D37, 0x5B2E, 0x0000, 0x0000, 0x0000, 0x0000, 0x0000, 0x0000,
    0x0000, 0x0000, 0x0000, 0x0000, 0x0000, 0x0000, 0x0000, 0x0000, 0x0000, 0x0000, 0x0000, 0x0000,
    0x0000, 0x0000, 0x0000, 0x0000, 0x0000, 0x0000, 0x0000, 0x0000, 0x0000, 0x0000, 0x0000, 0x0000,
    0x0000, 0x0000, 0x0000, 0x0000, 0x0000, 0x0000, 0x0000, 0x0000, 0x0000, 0x0000, 0x0000, 0x0000,
    0x0000, 0x0000, 0x0000, 0x0000, 0x0000, 0x0000, 0x0000, 0x0000, 0x0000, 0x0000, 0x0000, 0x0000,
    0x0000, 0x0000, 0x0000, 0x0000, 0x0000, 0x0000, 0x0000, 0x5B6F, 0x8D37, 0x9D77, 0xADF9, 0xADF9,
    0xADF9, 0xADF9, 0xADF9, 0xA5B8, 0xB639, 0xCEFC, 0xC6DB, 0xCEFC, 0xCEDC, 0xC6DC, 0xCEFC, 0xB63A,
    0x3A2A, 0x0000, 0x5967, 0x9A4C, 0xA22C, 0xAA4C, 0xB26D, 0xB2AD, 0xBACD, 0xC2EE, 0xC30F, 0xC32F,
    0xCB4F, 0xCB4F, 0xCB70, 0xCB70, 0xCB70, 0xCB70, 0xCB4F, 0xDC94, 0xF65A, 0xEE19, 0xE597, 0xC36F,
    0xB28C, 0xAA4C, 0xA22B, 0x9A2C, 0x922C, 0x6167, 0x0000, 0x3209, 0xADF9, 0xCF1C, 0xCEDC, 0xCEFC,
    0xC6DC, 0xC6DC, 0xCEFC, 0xC6BB, 0xADF9, 0xADF9, 0xADF9, 0xADF9, 0xADF9, 0xADF9, 0xA598, 0x8D17,
    0x7433, 0x0000, 0x0000, 0x0000, 0x0000, 0x0000, 0x0000, 0x0000, 0x0000, 0x0000, 0x0000, 0x0000,
    0x0000, 0x0000, 0x0000, 0x0000, 0x0000, 0x0000, 0x0000, 0x0000, 0x0000, 0x0000, 0x0000, 0x0000,
    0x0000, 0x0000, 0x0000, 0x0000, 0x0000, 0x0000, 0x0000, 0x0000, 0x0000, 0x0000, 0x0000, 0x0000,
    0x0000, 0x0000, 0x0000, 0x0000, 0x0000, 0x0000, 0x0000, 0x0000, 0x0000, 0x0000, 0x0000, 0x0000,
    0x0000, 0x0000, 0x0000, 0x0000, 0x0000, 0x0000, 0x0000, 0x0000, 0x0000, 0x0000, 0x0000, 0x0000,
    0x0000, 0x0000, 0x0000, 0x0000, 0x7433, 0x8D17, 0xA5B8, 0xADF9, 0xADF9, 0xADF9, 0xADD8, 0xADF9,
    0xB619, 0xC6DB, 0xCEDC, 0xCEDC, 0xCEDC, 0xCEDC, 0xCEDC, 0xCEFC, 0xADD9, 0x530E, 0x0000, 0x2862,
    0x71A9, 0x9A2C, 0xA24C, 0xA24C, 0xAA4C, 0xAA6D, 0xB28D, 0xB28D, 0xBAAD, 0xBACD, 0xBACD, 0xBACD,
    0xBACE, 0xC2CE, 0xC2CD, 0xBAAD, 0xBAEE, 0xB2ED, 0xAA6C, 0xA22B, 0xA24C, 0xA24D, 0x9A4C, 0x71A9,
    0x2882, 0x0000, 0x4AED, 0xA5D9, 0xCEFC, 0xCEDC, 0xCEFC, 0xCEFC, 0xCEDC, 0xCEDC, 0xCEFC, 0xB65A,
    0xADF9, 0xADF9, 0xADF9, 0xADF9, 0xADF9, 0xADD8, 0x8D17, 0x84B5, 0x10C3, 0x0000, 0x0000, 0x0000,
    0x0000, 0x0000, 0x0000, 0x0000, 0x0000, 0x0000, 0x0000, 0x0000, 0x0000, 0x0000, 0x0000, 0x0000,
    0x0000, 0x0000, 0x0000, 0x0000, 0x0000, 0x0000, 0x0000, 0x0000, 0x0000, 0x0000, 0x0000, 0x0000,
    0x0000, 0x0000, 0x0000, 0x0000, 0x0000, 0x0000, 0x0000, 0x0000, 0x0000, 0x0000, 0x0000, 0x0000,
    0x0000, 0x0000, 0x0000, 0x0000, 0x0000, 0x0000, 0x0000, 0x0000, 0x0000, 0x0000, 0x0000, 0x0000,
    0x0000, 0x0000, 0x0000, 0x0000, 0x0000, 0x0000, 0x0000, 0x0000, 0x0000, 0x0000, 0x0000, 0x0000,
    0x10C3, 0x84B5, 0x8D37, 0xADD8, 0xADF8, 0xADF8, 0xADD8, 0xADD8, 0xADD9, 0xBE7A, 0xCEFC, 0xC6DC,
    0xCEDC, 0xCEFC, 0xCEFC, 0xCEFC, 0xCEFC, 0xA5F9, 0x7453, 0x31C8, 0x0000, 0x1841, 0x5106, 0x79C9,
    0x922B, 0x9A4C, 0xA24C, 0xA24C, 0xA24D, 0xA24C, 0xAA4C, 0xAA4C, 0xAA4C, 0xAA4C, 0xAA4C, 0xA24C,
    0xA22C, 0x9A2C, 0x9A2C, 0x922B, 0x79CA, 0x5126, 0x2042, 0x0000, 0x29A7, 0x7433, 0xA5D9, 0xCEDC,
    0xCEDC, 0xCEDC, 0xCEDC, 0xCEDC, 0xC6DC, 0xCEFC, 0xBE9B, 0xADF9, 0xADF9, 0xADF9, 0xADF9, 0xADF9,
    0xADF9, 0x9537, 0x8CF6, 0x2966, 0x0000, 0x0000, 0x0000, 0x0000, 0x0000, 0x0000, 0x0000, 0x0000,
    0x0000, 0x0000, 0x0000, 0x0000, 0x0000, 0x0000, 0x0000, 0x0000, 0x0000, 0x0000, 0x0000, 0x0000,
    0x0000, 0x0000, 0x0000, 0x0000, 0x0000, 0x0000, 0x0000, 0x0000, 0x0000, 0x0000, 0x0000, 0x0000,
    0x0000, 0x0000, 0x0000, 0x0000, 0x0000, 0x0000, 0x0000, 0x0000, 0x0000, 0x0000, 0x0000, 0x0000,
    0x0000, 0x0000, 0x0000, 0x0000, 0x0000, 0x0000, 0x0000, 0x0000, 0x0000, 0x0000, 0x0000, 0x0000,
    0x0000, 0x0000, 0x0000, 0x0000, 0x0000, 0x0000, 0x0000, 0x0000, 0x0000, 0x2146, 0x8CF6, 0x9537,
    0xADF8, 0xADD9, 0xADD8, 0xADF9, 0xADF8, 0xADF9, 0xC6BB, 0xCEDC, 0xC6DC, 0xCEDC, 0xCEFC, 0xCEFC,
    0xCEFC, 0xCEFC, 0xA5D9, 0x8D16, 0x7433, 0x426A, 0x10C3, 0x0000, 0x1020, 0x2042, 0x38A4, 0x48E5,
    0x5927, 0x6168, 0x6968, 0x6988, 0x6988, 0x6968, 0x6147, 0x5926, 0x48E5, 0x38A4, 0x2042, 0x1000,
    0x0000, 0x10A3, 0x3A29, 0x6BF2, 0x8CF6, 0xA5D9, 0xCEFC, 0xCEFC, 0xCEDC, 0xCEDC, 0xCEFC, 0xCEDC,
    0xCEFC, 0xC6BB, 0xAE19, 0xADF9, 0xADF9, 0xADF9, 0xADD8, 0xADF9, 0x9557, 0x8D17, 0x31E8, 0x0000,
    0x0000, 0x0000, 0x0000, 0x0000, 0x0000, 0x0000, 0x0000, 0x0000, 0x0000, 0x0000, 0x0000, 0x0000,
    0x0000, 0x0000, 0x0000, 0x0000, 0x0000, 0x0000, 0x0000, 0x0000, 0x0000, 0x0000, 0x0000, 0x0000,
    0x0000, 0x0000, 0x0000, 0x0000, 0x0000, 0x0000, 0x0000, 0x0000, 0x0000, 0x0000, 0x0000, 0x0000,
    0x0000, 0x0000, 0x0000, 0x0000, 0x0000, 0x0000, 0x0000, 0x0000, 0x0000, 0x0000, 0x0000, 0x0000,
    0x0000, 0x0000, 0x0000, 0x0000, 0x0000, 0x0000, 0x0000, 0x0000, 0x0000, 0x0000, 0x0000, 0x0000,
    0x0000, 0x0000, 0x0000, 0x0000, 0x0000, 0x0000, 0x31A7, 0x8CF6, 0x9557, 0xADF9, 0xADD8, 0xA5D8,
    0xADF9, 0xADF9, 0xB619, 0xC6DC, 0xCEDC, 0xCEDC, 0xCEDC, 0xCEFC, 0xCEDC, 0xCEFC, 0xCEFC, 0xB61A,
    0x8D17, 0x8CF6, 0x84D5, 0x7412, 0x532E, 0x3A4A, 0x2166, 0x10E4, 0x0882, 0x0000, 0x0000, 0x0000,
    0x0000, 0x0000, 0x0000, 0x0882, 0x10C3, 0x1945, 0x3209, 0x530D, 0x7412, 0x84D5, 0x8CF6, 0x8D16,
    0xB619, 0xCF1C, 0xCEFC, 0xCEDC, 0xCEDC, 0xCEDC, 0xCEFC, 0xCEFC, 0xCEDC, 0xB619, 0xADF9, 0xADF9,
    0xADF9, 0xADF9, 0xADF9, 0x9D77, 0x8D37, 0x426B, 0x0000, 0x0000, 0x0000, 0x0000, 0x0000, 0x0000,
    0x0000, 0x0000, 0x0000, 0x0000, 0x0000, 0x0000, 0x0000, 0x0000, 0x0000, 0x0000, 0x0000, 0x0000,
    0x0000, 0x0000, 0x0000, 0x0000, 0x0000, 0x0000, 0x0000, 0x0000, 0x0000, 0x0000, 0x0000, 0x0000,
    0x0000, 0x0000, 0x0000, 0x0000, 0x0000, 0x0000, 0x0000, 0x0000, 0x0000, 0x0000, 0x0000, 0x0000,
    0x0000, 0x0000, 0x0000, 0x0000, 0x0000, 0x0000, 0x0000, 0x0000, 0x0000, 0x0000, 0x0000, 0x0000,
    0x0000, 0x0000, 0x0000, 0x0000, 0x0000, 0x0000, 0x0000, 0x0000, 0x0000, 0x0000, 0x0000, 0x0000,
    0x0000, 0x0000, 0x0000, 0x3209, 0x8D17, 0x9D77, 0xADF8, 0xA5D8, 0xA5D8, 0xADF9, 0xADF9, 0xB65A,
    0xCEDC, 0xCEDC, 0xCEDC, 0xCEFC, 0xCEDC, 0xCEFC, 0xCEDC, 0xCEFC, 0xC6BB, 0xA598, 0x84D5, 0x84B5,
    0x8D17, 0x9537, 0x9D78, 0x9537, 0x84B5, 0x7433, 0x6BD1, 0x638F, 0x5B6F, 0x6BB1, 0x7432, 0x7C94,
    0x8CF6, 0x9558, 0x8D37, 0x8CF6, 0x84B6, 0x84F6, 0xA5B8, 0xC6BB, 0xCEFC, 0xCEFC, 0xCEFC, 0xCEFC,
    0xCEFC, 0xCEDC, 0xCEDC, 0xCEFC, 0xB639, 0xADD8, 0xADF9, 0xADF9, 0xADF9, 0xADF9, 0x9D97, 0x9537,
    0x4AAC, 0x0000, 0x0000, 0x0000, 0x0000, 0x0000, 0x0000, 0x0000, 0x0000, 0x0000, 0x0000, 0x0000,
    0x0000, 0x0000, 0x0000, 0x0000, 0x0000, 0x0000, 0x0000, 0x0000, 0x0000, 0x0000, 0x0000, 0x0000,
    0x0000, 0x0000, 0x0000, 0x0000, 0x0000, 0x0000, 0x0000, 0x0000, 0x0000, 0x0000, 0x0000, 0x0000,
    0x0000, 0x0000, 0x0000, 0x0000, 0x0000, 0x0000, 0x0000, 0x0000, 0x0000, 0x0000, 0x0000, 0x0000,
    0x0000, 0x0000, 0x0000, 0x0000, 0x0000, 0x0000, 0x0000, 0x0000, 0x0000, 0x0000, 0x0000, 0x0000,
    0x0000, 0x0000, 0x0000, 0x0000, 0x0000, 0x0000, 0x0000, 0x0000, 0x0000, 0x0000, 0x0000, 0x0000,
    0x3A4A, 0x9538, 0x9D97, 0xADF9, 0xADD8, 0xADD8, 0xAE19, 0xADF9, 0xBE5A, 0xCEDC, 0xCEDC, 0xCEFC,
    0xCEFC, 0xCEDC, 0xCEDC, 0xCEDC, 0xCEFC, 0xCEFC, 0xC6BB, 0xAE19, 0x9557, 0x8CF6, 0x52ED, 0x2987,
    0x18E4, 0x0862, 0x0000, 0x0000, 0x0000, 0x0000, 0x0000, 0x10C3, 0x2145, 0x424A, 0x7C94, 0x9536,
    0xADF9, 0xC6BB, 0xCEFC, 0xCEFC, 0xCEDC, 0xCEFC, 0xCEFC, 0xCEDC, 0xCEFC, 0xCEFC, 0xCEDC, 0xBE5A,
    0xADF9, 0xADF9, 0xADF9, 0xADF9, 0xADF9, 0xA598, 0x9558, 0x52CD, 0x0000, 0x0000, 0x0000, 0x0000,
    0x0000, 0x0000, 0x0000, 0x0000, 0x0000, 0x0000, 0x0000, 0x0000, 0x0000, 0x0000, 0x0000, 0x0000,
    0x0000, 0x0000, 0x0000, 0x0000, 0x0000, 0x0000, 0x0000, 0x0000, 0x0000, 0x0000, 0x0000, 0x0000,
    0x0000, 0x0000, 0x0000, 0x0000, 0x0000, 0x0000, 0x0000, 0x0000, 0x0000, 0x0000, 0x0000, 0x0000,
    0x0000, 0x0000, 0x0000, 0x0000, 0x0000, 0x0000, 0x0000, 0x0000, 0x0000, 0x0000, 0x0000, 0x0000,
    0x0000, 0x0000, 0x0000, 0x0000, 0x0000, 0x0000, 0x0000, 0x0000, 0x0000, 0x0000, 0x0000, 0x0000,
    0x0000, 0x0000, 0x0000, 0x0000, 0x0000, 0x0000, 0x0000, 0x0000, 0x0000, 0x426B, 0x9537, 0xA598,
    0xADF9, 0xADF9, 0xADF9, 0xAE19, 0xADF9, 0xBE7A, 0xCEFC, 0xCEFC, 0xCEDC, 0xCEDC, 0xCEDC, 0xCEDC,
    0xCEFC, 0xCEFC, 0xCEFC, 0xBE5B, 0x9557, 0x7C74, 0x0882, 0x0000, 0x0000, 0x0000, 0x0000, 0x0000,
    0x0000, 0x0000, 0x0000, 0x0000, 0x0000, 0x0000, 0x7433, 0x9557, 0xB65A, 0xCEFC, 0xCEFC, 0xCEDC,
    0xCEDC, 0xCEDC, 0xCEDC, 0xCEDC, 0xCEDC, 0xCEFC, 0xBE5A, 0xADD8, 0xAE19, 0xAE19, 0xADF9, 0xADF9,
    0xA598, 0x9557, 0x52CD, 0x0000, 0x0000, 0x0000, 0x0000, 0x0000, 0x0000, 0x0000, 0x0000, 0x0000,
    0x0000, 0x0000, 0x0000, 0x0000, 0x0000, 0x0000, 0x0000, 0x0000, 0x0000, 0x0000, 0x0000, 0x0000,
    0x0000, 0x0000, 0x0000, 0x0000, 0x0000, 0x0000, 0x0000, 0x0000, 0x0000, 0x0000, 0x0000, 0x0000,
    0x0000, 0x0000, 0x0000, 0x0000, 0x0000, 0x0000, 0x0000, 0x0000, 0x0000, 0x0000, 0x0000, 0x0000,
    0x0000, 0x0000, 0x0000, 0x0000, 0x0000, 0x0000, 0x0000, 0x0000, 0x0000, 0x0000, 0x0000, 0x0000,
    0x0000, 0x0000, 0x0000, 0x0000, 0x0000, 0x0000, 0x0000, 0x0000, 0x0000, 0x0000, 0x0000, 0x0000,
    0x0000, 0x0000, 0x0000, 0x0000, 0x0000, 0x0000, 0x426B, 0x9557, 0xA5B8, 0xB619, 0xADF8, 0xADF9,
    0xAE19, 0xAE19, 0xBE5A, 0xC6DC, 0xCEFC, 0xCEFC, 0xCEDC, 0xCEDC, 0xCEDC, 0xB619, 0x84B4, 0x6BB0,
    0x5B4E, 0x636E, 0x4228, 0x0000, 0x0000, 0x0000, 0x0000, 0x0000, 0x0000, 0x0000, 0x0000, 0x0000,
    0x0000, 0x39C7, 0x6B8F, 0x5B0D, 0x5B4F, 0x7432, 0xA5D8, 0xC6DB, 0xCEDC, 0xCEDC, 0xCEDC, 0xCEFC,
    0xC6DB, 0xB65A, 0xADF9, 0xADF9, 0xADF9, 0xADF9, 0xADF9, 0xA598, 0x9557, 0x52CD, 0x0000, 0x0000,
    0x0000, 0x0000, 0x0000, 0x0000, 0x0000, 0x0000, 0x0000, 0x0000, 0x0000, 0x0000, 0x0000, 0x0000,
    0x0000, 0x0000, 0x0000, 0x0000, 0x0000, 0x0000, 0x0000, 0x0000, 0x0000, 0x0000, 0x0000, 0x0000,
    0x0000, 0x0000, 0x0000, 0x0000, 0x0000, 0x0000, 0x0000, 0x0000, 0x0000, 0x0000, 0x0000, 0x0000,
    0x0000, 0x0000, 0x0000, 0x0000, 0x0000, 0x0000, 0x0000, 0x0000, 0x0000, 0x0000, 0x0000, 0x0000,
    0x0000, 0x0000, 0x0000, 0x0000, 0x0000, 0x0000, 0x0000, 0x0000, 0x0000, 0x0000, 0x0000, 0x0000,
    0x0000, 0x0000, 0x0000, 0x0000, 0x0000, 0x0000, 0x0000, 0x0000, 0x0000, 0x0000, 0x0000, 0x0000,
    0x0000, 0x0000, 0x0000, 0x428B, 0x9558, 0xA5B8, 0xAE19, 0xADF9, 0xADF9, 0xADF9, 0xADF9, 0xB619,
    0xBE7A, 0xC69B, 0xC6DB, 0xCEFC, 0xC6BB, 0xB63A, 0xB639, 0xC6BB, 0xD73C, 0x0000, 0xCE9A, 0x0000,
    0x0000, 0x0000, 0x0000, 0x0000, 0x0000, 0x0000, 0x0000, 0x0000, 0x0000, 0xB5D7, 0x0000, 0xD71C,
    0xC69A, 0xB618, 0xB639, 0xBE9B, 0xCEDC, 0xC6BB, 0xBE9B, 0xBE7A, 0xB619, 0xADF9, 0xADF9, 0xADF9,
    0xADF9, 0xADF9, 0xA5B8, 0x9557, 0x4AED, 0x0000, 0x0000, 0x0000, 0x0000, 0x0000, 0x0000, 0x0000,
    0x0000, 0x0000, 0x0000, 0x0000, 0x0000, 0x0000, 0x0000, 0x0000, 0x0000, 0x0000, 0x0000, 0x0000,
    0x0000, 0x0000, 0x0000, 0x0000, 0x0000, 0x0000, 0x0000, 0x0000, 0x0000, 0x0000, 0x0000, 0x0000,
    0x0000, 0x0000, 0x0000, 0x0000, 0x0000, 0x0000, 0x0000, 0x0000, 0x0000, 0x0000, 0x0000, 0x0000,
    0x0000, 0x0000, 0x0000, 0x0000, 0x0000, 0x0000, 0x0000, 0x0000, 0x0000, 0x0000, 0x0000, 0x0000,
    0x0000, 0x0000, 0x0000, 0x0000, 0x0000, 0x0000, 0x0000, 0x0000, 0x0000, 0x0000, 0x0000, 0x0000,
    0x0000, 0x0000, 0x0000, 0x0000, 0x0000, 0x0000, 0x0000, 0x0000, 0x0000, 0x0000, 0x0000, 0x0000,
    0x428B, 0x9557, 0xA5B8, 0xB5F9, 0xADD9, 0xADF9, 0xADF9, 0xADF9, 0xADF9, 0xB63A, 0xC6DC, 0xCEFC,
    0xCEFC, 0xD71C, 0xD73D, 0x0000, 0x0000, 0x0000, 0x0000, 0x3A08, 0x0000, 0x0000, 0x0000, 0x0000,
    0x0000, 0x0000, 0x0000, 0x0000, 0x2104, 0x0000, 0x0000, 0x0000, 0x0000, 0x0000, 0xD73D, 0xCEFC,
    0xC6DC, 0xC6BB, 0xB639, 0xADF9, 0xADF9, 0xADF9, 0xADF9, 0xADD8, 0xADF9, 0xA5B8, 0x9537, 0x4ACC,
    0x0000, 0x0000, 0x0000, 0x0000, 0x0000, 0x0000, 0x0000, 0x0000, 0x0000, 0x0000, 0x0000, 0x0000,
    0x0000, 0x0000, 0x0000, 0x0000, 0x0000, 0x0000, 0x0000, 0x0000, 0x0000, 0x0000, 0x0000, 0x0000,
    0x0000, 0x0000, 0x0000, 0x0000, 0x0000, 0x0000, 0x0000, 0x0000, 0x0000, 0x0000, 0x0000, 0x0000,
    0x0000, 0x0000, 0x0000, 0x0000, 0x0000, 0x0000, 0x0000, 0x0000, 0x0000, 0x0000, 0x0000, 0x0000,
    0x0000, 0x0000, 0x0000, 0x0000, 0x0000, 0x0000, 0x0000, 0x0000, 0x0000, 0x0000, 0x0000, 0x0000,
    0x0000, 0x0000, 0x0000, 0x0000, 0x0000, 0x0000, 0x0000, 0x0000, 0x0000, 0x0000, 0x0000, 0x0000,
    0x0000, 0x0000, 0x0000, 0x0000, 0x0000, 0x0000, 0x0000, 0x0000, 0x0000, 0x426B, 0x9557, 0xA5B8,
    0xB619, 0xADF9, 0xADF9, 0xADF9, 0xADF9, 0xBE9B, 0xCEFC, 0xCEFC, 0xCEDC, 0xCEFC, 0xD73C, 0x0000,
    0x0000, 0x0000, 0x0000, 0x8471, 0x0000, 0x0000, 0x0000, 0x0000, 0x0000, 0x0000, 0x0000, 0x0000,
    0x632C, 0x0000, 0x0000, 0x0000, 0x0000, 0x0000, 0xCEFC, 0xC6DC, 0xCEDC, 0xCEFC, 0xC69B, 0xAE19,
    0xADF9, 0xADF9, 0xADF9, 0xADF9, 0xA598, 0x9537, 0x4AAC, 0x0000, 0x0000, 0x0000, 0x0000, 0x0000,
    0x0000, 0x0000, 0x0000, 0x0000, 0x0000, 0x0000, 0x0000, 0x0000, 0x0000, 0x0000, 0x0000, 0x0000,
    0x0000, 0x0000, 0x0000, 0x0000, 0x0000, 0x0000, 0x0000, 0x0000, 0x0000, 0x0000, 0x0000, 0x0000,
    0x0000, 0x0000, 0x0000, 0x0000, 0x0000, 0x0000, 0x0000, 0x0000, 0x0000, 0x0000, 0x0000, 0x0000,
    0x0000, 0x0000, 0x0000, 0x0000, 0x0000, 0x0000, 0x0000, 0x0000, 0x0000, 0x0000, 0x0000, 0x0000,
    0x0000, 0x0000, 0x0000, 0x0000, 0x0000, 0x0000, 0x0000, 0x0000, 0x0000, 0x0000, 0x0000, 0x0000,
    0x0000, 0x0000, 0x0000, 0x0000, 0x0000, 0x0000, 0x0000, 0x0000, 0x0000, 0x0000, 0x0000, 0x0000,
    0x0000, 0x0000, 0x0000, 0x0000, 0x0000, 0x0000, 0x426B, 0x9557, 0xA598, 0xAE19, 0xADF8, 0xAE19,
    0xADF9, 0xC69B, 0xCEFC, 0xCEDC, 0xCEFC, 0xCEFC, 0x0000, 0x0000, 0x0000, 0x0000, 0x0000, 0xC659,
    0x0000, 0x0000, 0x0000, 0x0000, 0x0000, 0x0000, 0x0000, 0x0000, 0x0000, 0x0000, 0x0000, 0x0000,
    0x0000, 0x0000, 0xCEFC, 0xCEFC, 0xC6DC, 0xC6BB, 0xC69B, 0xAE19, 0xADF9, 0xADF9, 0xADF9, 0x9D77,
    0x8D37, 0x428B, 0x0000, 0x0000, 0x0000, 0x0000, 0x0000, 0x0000, 0x0000, 0x0000, 0x0000, 0x0000,
    0x0000, 0x0000, 0x0000, 0x0000, 0x0000, 0x0000, 0x0000, 0x0000, 0x0000, 0x0000, 0x0000, 0x0000,
    0x0000, 0x0000, 0x0000, 0x0000, 0x0000, 0x0000, 0x0000, 0x0000, 0x0000, 0x0000, 0x0000, 0x0000,
    0x0000, 0x0000, 0x0000, 0x0000, 0x0000, 0x0000, 0x0000, 0x0000, 0x0000, 0x0000, 0x0000, 0x0000,
    0x0000, 0x0000, 0x0000, 0x0000, 0x0000, 0x0000, 0x0000, 0x0000, 0x0000, 0x0000, 0x0000, 0x0000,
    0x0000, 0x0000, 0x0000, 0x0000, 0x0000, 0x0000, 0x0000, 0x0000, 0x0000, 0x0000, 0x0000, 0x0000,
    0x0000, 0x0000, 0x0000, 0x0000, 0x0000, 0x0000, 0x0000, 0x0000, 0x0000, 0x0000, 0x0000, 0x0000,
    0x0000, 0x0000, 0x0000, 0x426B, 0x9537, 0x9D77, 0xADF9, 0xADF9, 0xADF9, 0xBE7A, 0xCEDC, 0xC6DC,
    0xCEFC, 0xCEFC, 0xD71C, 0x0000, 0x0000, 0x0000, 0x0000, 0x0000, 0x3186, 0x0000, 0x0000, 0x0000,
    0x0000, 0x0000, 0x0000, 0x18C3, 0x0000, 0x0000, 0x0000, 0x0000, 0x0000, 0xD71C, 0xCEFC, 0xC6DC,
    0xC6BB, 0xC6DB, 0xB65A, 0xADD8, 0xADF9, 0xADF9, 0x9D77, 0x8D37, 0x426A, 0x0000, 0x0000, 0x0000,
    0x0000, 0x0000, 0x0000, 0x0000, 0x0000, 0x0000, 0x0000, 0x0000, 0x0000, 0x0000, 0x0000, 0x0000,
    0x0000, 0x0000, 0x0000, 0x0000, 0x0000, 0x0000, 0x0000, 0x0000, 0x0000, 0x0000, 0x0000, 0x0000,
    0x0000, 0x0000, 0x0000, 0x0000, 0x0000, 0x0000, 0x0000, 0x0000, 0x0000, 0x0000, 0x0000, 0x0000,
    0x0000, 0x0000, 0x0000, 0x0000, 0x0000, 0x0000, 0x0000, 0x0000, 0x0000, 0x0000, 0x0000, 0x0000,
    0x0000, 0x0000, 0x0000, 0x0000, 0x0000, 0x0000, 0x0000, 0x0000, 0x0000, 0x0000, 0x0000, 0x0000,
    0x0000, 0x0000, 0x0000, 0x0000, 0x0000, 0x0000, 0x0000, 0x0000, 0x0000, 0x0000, 0x0000, 0x0000,
    0x0000, 0x0000, 0x0000, 0x0000, 0x0000, 0x0000, 0x0000, 0x0000, 0x0000, 0x0000, 0x0000, 0x0000,
    0x426B, 0x9537, 0x9557, 0xADF9, 0xADF9, 0xADF9, 0xC6BB, 0xCEFC, 0xCEDC, 0xCEFC, 0xD71C, 0xD73D,
    0x0000, 0x0000, 0x0000, 0x0000, 0x6B8E, 0x0000, 0x0000, 0x0000, 0x0000, 0x0000, 0x0000, 0x52AA,
    0x0000, 0x0000, 0x0000, 0x0000, 0xD71C, 0xCEFC, 0xCEFC, 0xCEFC, 0xC6DB, 0xC69B, 0xADF8, 0xADD8,
    0xA5D8, 0x9537, 0x8D17, 0x3A4A, 0x0000, 0x0000, 0x0000, 0x0000, 0x0000, 0x0000, 0x0000, 0x0000,
    0x0000, 0x0000, 0x0000, 0x0000, 0x0000, 0x0000, 0x0000, 0x0000, 0x0000, 0x0000, 0x0000, 0x0000,
    0x0000, 0x0000, 0x0000, 0x0000, 0x0000, 0x0000, 0x0000, 0x0000, 0x0000, 0x0000, 0x0000, 0x0000,
    0x0000, 0x0000, 0x0000, 0x0000, 0x0000, 0x0000, 0x0000, 0x0000, 0x0000, 0x0000, 0x0000, 0x0000,
    0x0000, 0x0000, 0x0000, 0x0000, 0x0000, 0x0000, 0x0000, 0x0000, 0x0000, 0x0000, 0x0000, 0x0000,
    0x0000, 0x0000, 0x0000, 0x0000, 0x0000, 0x0000, 0x0000, 0x0000, 0x0000, 0x0000, 0x0000, 0x0000,
    0x0000, 0x0000, 0x0000, 0x0000, 0x0000, 0x0000, 0x0000, 0x0000, 0x0000, 0x0000, 0x0000, 0x0000,
    0x0000, 0x0000, 0x0000, 0x0000, 0x0000, 0x0000, 0x0000, 0x0000, 0x0000, 0x424A, 0x9517, 0x9537,
    0xADD9, 0xB619, 0xAE19, 0xC6BB, 0xCEFC, 0xCEFC, 0xCEFC, 0xD71C, 0xD73D, 0x0000, 0x0000, 0x0000,
    0xA576, 0x0000, 0x0000, 0x0000, 0x0000, 0x0000, 0x0000, 0x8CB2, 0x0000, 0xD71C, 0xD73D, 0xD71C,
    0xCF1C, 0xCEFC, 0xCEDC, 0xCEFC, 0xC6BB, 0xAE19, 0xADF9, 0xA5B8, 0x8D16, 0x8CF6, 0x3A09, 0x0000,
    0x0000, 0x0000, 0x0000, 0x0000, 0x0000, 0x0000, 0x0000, 0x0000, 0x0000, 0x0000, 0x0000, 0x0000,
    0x0000, 0x0000, 0x0000, 0x0000, 0x0000, 0x0000, 0x0000, 0x0000, 0x0000, 0x0000, 0x0000, 0x0000,
    0x0000, 0x0000, 0x0000, 0x0000, 0x0000, 0x0000, 0x0000, 0x0000, 0x0000, 0x0000, 0x0000, 0x0000,
    0x0000, 0x0000, 0x0000, 0x0000, 0x0000, 0x0000, 0x0000, 0x0000, 0x0000, 0x0000, 0x0000, 0x0000,
    0x0000, 0x0000, 0x0000, 0x0000, 0x0000, 0x0000, 0x0000, 0x0000, 0x0000, 0x0000, 0x0000, 0x0000,
    0x0000, 0x0000, 0x0000, 0x0000, 0x0000, 0x0000, 0x0000, 0x0000, 0x0000, 0x0000, 0x0000, 0x0000,
    0x0000, 0x0000, 0x0000, 0x0000, 0x0000, 0x0000, 0x0000, 0x0000, 0x0000, 0x0000, 0x0000, 0x0000,
    0x0000, 0x0000, 0x0000, 0x0000, 0x0000, 0x0000, 0x31C8, 0x8CF6, 0x9537, 0xA5B8, 0xB619, 0xB619,
    0xBE7A, 0xCEDC, 0xCF1C, 0xCF1C, 0xD71C, 0xD71C, 0xD71C, 0x0000, 0xCEDB, 0x10A2, 0x0000, 0x0000,
    0x0000, 0x0000, 0x0000, 0xBE59, 0x0000, 0xD71C, 0xD71C, 0xD71C, 0xCEFC, 0xCEFC, 0xC6BB, 0xBE7A,
    0xB619, 0xAE19, 0x9D77, 0x8D16, 0x84D5, 0x31A7, 0x0000, 0x0000, 0x0000, 0x0000, 0x0000, 0x0000,
    0x0000, 0x0000, 0x0000, 0x0000, 0x0000, 0x0000, 0x0000, 0x0000, 0x0000, 0x0000, 0x0000, 0x0000,
    0x0000, 0x0000, 0x0000, 0x0000, 0x0000, 0x0000, 0x0000, 0x0000, 0x0000, 0x0000, 0x0000, 0x0000,
    0x0000, 0x0000, 0x0000, 0x0000, 0x0000, 0x0000, 0x0000, 0x0000, 0x0000, 0x0000, 0x0000, 0x0000,
    0x0000, 0x0000, 0x0000, 0x0000, 0x0000, 0x0000, 0x0000, 0x0000, 0x0000, 0x0000, 0x0000, 0x0000,
    0x0000, 0x0000, 0x0000, 0x0000, 0x0000, 0x0000, 0x0000, 0x0000, 0x0000, 0x0000, 0x0000, 0x0000,
    0x0000, 0x0000, 0x0000, 0x0000, 0x0000, 0x0000, 0x0000, 0x0000, 0x0000, 0x0000, 0x0000, 0x0000,
    0x0000, 0x0000, 0x0000, 0x0000, 0x0000, 0x0000, 0x0000, 0x0000, 0x0000, 0x0000, 0x0000, 0x0000,
    0x0000, 0x0000, 0x0000, 0x2146, 0x8494, 0x8D37, 0x9536, 0xADF9, 0xB619, 0xB63A, 0xC6BB, 0xCEFC,
    0xD71C, 0xD71C, 0xD71C, 0xCEFC, 0x0000, 0x4249, 0x0000, 0x0000, 0x0000, 0x0000, 0x2986, 0xD73D,
    0xCEFC, 0xCEFC, 0xCEFC, 0xCEFC, 0xCEFC, 0xC69B, 0xB639, 0xADF9, 0xA5D8, 0x9536, 0x8D17, 0x7C74,
    0x2125, 0x0000, 0x0000, 0x0000, 0x0000, 0x0000, 0x0000, 0x0000, 0x0000, 0x0000, 0x0000, 0x0000,
    0x0000, 0x0000, 0x0000, 0x0000, 0x0000, 0x0000, 0x0000, 0x0000, 0x0000, 0x0000, 0x0000, 0x0000,
    0x0000, 0x0000, 0x0000, 0x0000, 0x0000, 0x0000, 0x0000, 0x0000, 0x0000, 0x0000, 0x0000, 0x0000,
    0x0000, 0x0000, 0x0000, 0x0000, 0x0000, 0x0000, 0x0000, 0x0000, 0x0000, 0x0000, 0x0000, 0x0000,
    0x0000, 0x0000, 0x0000, 0x0000, 0x0000, 0x0000, 0x0000, 0x0000, 0x0000, 0x0000, 0x0000, 0x0000,
    0x0000, 0x0000, 0x0000, 0x0000, 0x0000, 0x0000, 0x0000, 0x0000, 0x0000, 0x0000, 0x0000, 0x0000,
    0x0000, 0x0000, 0x0000, 0x0000, 0x0000, 0x0000, 0x0000, 0x0000, 0x0000, 0x0000, 0x0000, 0x0000,
    0x0000, 0x0000, 0x0000, 0x0000, 0x0000, 0x0000, 0x0000, 0x0000, 0x0000, 0x0000, 0x0000, 0x0000,
    0x10A2, 0x6BB1, 0x8D37, 0x8CF6, 0x9D77, 0xADF9, 0xB639, 0xB65A, 0xBE7B, 0xC6DC, 0xCEFC, 0xCEDC,
    0x0000, 0x7C10, 0x0000, 0x0000, 0x0000, 0x0000, 0x5B2C, 0x0000, 0xCEDC, 0xCEDC, 0xC6BB, 0xBE7A,
    0xB639, 0xAE19, 0xADD8, 0x9557, 0x8CF6, 0x8D37, 0x6BB1, 0x1082, 0x0000, 0x0000, 0x0000, 0x0000,
    0x0000, 0x0000, 0x0000, 0x0000, 0x0000, 0x0000, 0x0000, 0x0000, 0x0000, 0x0000, 0x0000, 0x0000,
    0x0000, 0x0000, 0x0000, 0x0000, 0x0000, 0x0000, 0x0000, 0x0000, 0x0000, 0x0000, 0x0000, 0x0000,
    0x0000, 0x0000, 0x0000, 0x0000, 0x0000, 0x0000, 0x0000, 0x0000, 0x0000, 0x0000, 0x0000, 0x0000,
    0x0000, 0x0000, 0x0000, 0x0000, 0x0000, 0x0000, 0x0000, 0x0000, 0x0000, 0x0000, 0x0000, 0x0000,
    0x0000, 0x0000, 0x0000, 0x0000, 0x0000, 0x0000, 0x0000, 0x0000, 0x0000, 0x0000, 0x0000, 0x0000,
    0x0000, 0x0000, 0x0000, 0x0000, 0x0000, 0x0000, 0x0000, 0x0000, 0x0000, 0x0000, 0x0000, 0x0000,
    0x0000, 0x0000, 0x0000, 0x0000, 0x0000, 0x0000, 0x0000, 0x0000, 0x0000, 0x0000, 0x0000, 0x0000,
    0x0000, 0x0000, 0x0000, 0x0000, 0x0000, 0x0000, 0x0000, 0x0000, 0x0000, 0x0000, 0x428B, 0x84D6,
    0x8D17, 0x8CF6, 0x9557, 0xA5D8, 0xADF9, 0xB639, 0xB63A, 0xB65A, 0xC6BB, 0x9D36, 0x0000, 0x0000,
    0x0000, 0x0000, 0x8472, 0xC6BB, 0xB639, 0xB619, 0xADF9, 0xADF9, 0xA5D8, 0x9557, 0x84F6, 0x8D17,
    0x84D5, 0x426B, 0x0000, 0x0000, 0x0000, 0x0000, 0x0000, 0x0000, 0x0000, 0x0000, 0x0000, 0x0000,
    0x0000, 0x0000, 0x0000, 0x0000, 0x0000, 0x0000, 0x0000, 0x0000, 0x0000, 0x0000, 0x0000, 0x0000,
    0x0000, 0x0000, 0x0000, 0x0000, 0x0000, 0x0000, 0x0000, 0x0000, 0x0000, 0x0000, 0x0000, 0x0000,
    0x0000, 0x0000, 0x0000, 0x0000, 0x0000, 0x0000, 0x0000, 0x0000, 0x0000, 0x0000, 0x0000, 0x0000,
    0x0000, 0x0000, 0x0000, 0x0000, 0x0000, 0x0000, 0x0000, 0x0000, 0x0000, 0x0000, 0x0000, 0x0000,
    0x0000, 0x0000, 0x0000, 0x0000, 0x0000, 0x0000, 0x0000, 0x0000, 0x0000, 0x0000, 0x0000, 0x0000,
    0x0000, 0x0000, 0x0000, 0x0000, 0x0000, 0x0000, 0x0000, 0x0000, 0x0000, 0x0000, 0x0000, 0x0000,
    0x0000, 0x0000, 0x0000, 0x0000, 0x0000, 0x0000, 0x0000, 0x0000, 0x0000, 0x0000, 0x0000, 0x0000,
    0x0000, 0x0000, 0x0000, 0x0000, 0x0000, 0x0000, 0x0000, 0x18E4, 0x5B4F, 0x8CF6, 0x8D17, 0x84F6,
    0x8CF6, 0x9557, 0xA598, 0xA5D8, 0xADF9, 0xADF9, 0x10C3, 0x0000, 0x0000, 0x0000, 0xA577, 0xADF9,
    0xA5B8, 0x9D98, 0x9557, 0x8D16, 0x8CF6, 0x8D17, 0x8CD6, 0x5B4F, 0x18C3, 0x0000, 0x0000, 0x0000,
    0x0000, 0x0000, 0x0000, 0x0000, 0x0000, 0x0000, 0x0000, 0x0000, 0x0000, 0x0000, 0x0000, 0x0000,
    0x0000, 0x0000, 0x0000, 0x0000, 0x0000, 0x0000, 0x0000, 0x0000, 0x0000, 0x0000, 0x0000, 0x0000,
    0x0000, 0x0000, 0x0000, 0x0000, 0x0000, 0x0000, 0x0000, 0x0000, 0x0000, 0x0000, 0x0000, 0x0000,
    0x0000, 0x0000, 0x0000, 0x0000, 0x0000, 0x0000, 0x0000, 0x0000, 0x0000, 0x0000, 0x0000, 0x0000,
    0x0000, 0x0000, 0x0000, 0x0000, 0x0000, 0x0000, 0x0000, 0x0000, 0x0000, 0x0000, 0x0000, 0x0000,
    0x0000, 0x0000, 0x0000, 0x0000, 0x0000, 0x0000, 0x0000, 0x0000, 0x0000, 0x0000, 0x0000, 0x0000,
    0x0000, 0x0000, 0x0000, 0x0000, 0x0000, 0x0000, 0x0000, 0x0000, 0x0000, 0x0000, 0x0000, 0x0000,
    0x0000, 0x0000, 0x0000, 0x0000, 0x0000, 0x0000, 0x0000, 0x0000, 0x0000, 0x0000, 0x0000, 0x0000,
    0x0000, 0x0000, 0x0000, 0x0000, 0x0000, 0x1905, 0x530D, 0x7C94, 0x8D17, 0x8D17, 0x8CF6, 0x84F6,
    0x84F6, 0x9557, 0x2987, 0x0000, 0x0000, 0x2125, 0x9557, 0x8D16, 0x8CF6, 0x8CF6, 0x8D17, 0x8D17,
    0x8494, 0x530E, 0x1904, 0x0000, 0x0000, 0x0000, 0x0000, 0x0000, 0x0000, 0x0000, 0x0000, 0x0000,
    0x0000, 0x0000, 0x0000, 0x0000, 0x0000, 0x0000, 0x0000, 0x0000, 0x0000, 0x0000, 0x0000, 0x0000,
    0x0000, 0x0000, 0x0000, 0x0000, 0x0000, 0x0000, 0x0000, 0x0000, 0x0000, 0x0000, 0x0000, 0x0000,
    0x0000, 0x0000, 0x0000, 0x0000, 0x0000, 0x0000, 0x0000, 0x0000, 0x0000, 0x0000, 0x0000, 0x0000,
    0x0000, 0x0000, 0x0000, 0x0000, 0x0000, 0x0000, 0x0000, 0x0000, 0x0000, 0x0000, 0x0000, 0x0000,
    0x0000, 0x0000, 0x0000, 0x0000, 0x0000, 0x0000, 0x0000, 0x0000, 0x0000, 0x0000, 0x0000, 0x0000,
    0x0000, 0x0000, 0x0000, 0x0000, 0x0000, 0x0000, 0x0000, 0x0000, 0x0000, 0x0000, 0x0000, 0x0000,
    0x0000, 0x0000, 0x0000, 0x0000, 0x0000, 0x0000, 0x0000, 0x0000, 0x0000, 0x0000, 0x0000, 0x0000,
    0x0000, 0x0000, 0x0000, 0x0000, 0x0000, 0x0000, 0x0000, 0x0000, 0x0000, 0x0000, 0x0000, 0x0000,
    0x0000, 0x0000, 0x0000, 0x0000, 0x31C7, 0x530D, 0x7412, 0x7C95, 0x84D6, 0x9558, 0x52ED, 0x0000,
    0x0000, 0x428B, 0x9D99, 0x8CF6, 0x84B5, 0x7412, 0x530E, 0x31C8, 0x0000, 0x0000, 0x0000, 0x0000,
    0x0000, 0x0000, 0x0000, 0x0000, 0x0000, 0x0000, 0x0000, 0x0000, 0x0000, 0x0000, 0x0000, 0x0000,
    0x0000, 0x0000, 0x0000, 0x0000, 0x0000, 0x0000, 0x0000, 0x0000, 0x0000, 0x0000, 0x0000, 0x0000,
    0x0000, 0x0000, 0x0000, 0x0000, 0x0000, 0x0000, 0x0000, 0x0000, 0x0000, 0x0000, 0x0000, 0x0000,
    0x0000, 0x0000, 0x0000, 0x0000, 0x0000, 0x0000, 0x0000, 0x0000, 0x0000, 0x0000, 0x0000, 0x0000,
    0x0000, 0x0000, 0x0000, 0x0000, 0x0000, 0x0000, 0x0000, 0x0000, 0x0000, 0x0000, 0x0000, 0x0000,
    0x0000, 0x0000, 0x0000, 0x0000, 0x0000, 0x0000, 0x0000, 0x0000, 0x0000, 0x0000, 0x0000, 0x0000,
    0x0000, 0x0000, 0x0000, 0x0000, 0x0000, 0x0000, 0x0000, 0x0000, 0x0000, 0x0000, 0x0000, 0x0000,
    0x0000, 0x0000, 0x0000, 0x0000, 0x0000, 0x0000, 0x0000, 0x0000, 0x0000, 0x0000, 0x0000, 0x0000,
    0x0000, 0x0000, 0x0000, 0x0000, 0x0000, 0x0000, 0x0000, 0x0000, 0x0000, 0x0000, 0x0000, 0x0000,
    0x0000, 0x0000, 0x0000, 0x1082, 0x1905, 0x31A8, 0x2966, 0x0000, 0x0000, 0x2146, 0x31C8, 0x1905,
    0x1082, 0x0000, 0x0000, 0x0000, 0x0000, 0x0000, 0x0000, 0x0000, 0x0000, 0x0000, 0x0000, 0x0000,
    0x0000, 0x0000, 0x0000, 0x0000, 0x0000, 0x0000, 0x0000, 0x0000, 0x0000, 0x0000, 0x0000, 0x0000,
    0x0000, 0x0000, 0x0000, 0x0000, 0x0000, 0x0000, 0x0000, 0x0000, 0x0000, 0x0000, 0x0000, 0x0000,
    0x0000, 0x0000, 0x0000, 0x0000, 0x0000, 0x0000, 0x0000, 0x0000, 0x0000, 0x0000, 0x0000, 0x0000,
    0x0000, 0x0000, 0x0000, 0x0000, 0x0000, 0x0000, 0x0000, 0x0000, 0x0000, 0x0000, 0x0000, 0x0000,
    0x0000, 0x0000, 0x0000, 0x0000, 0x0000, 0x0000, 0x0000, 0x0000, 0x0000, 0x0000, 0x0000, 0x0000,
    0x0000, 0x0000, 0x0000, 0x0000, 0x0000, 0x0000, 0x0000, 0x0000, 0x0000, 0x0000, 0x0000, 0x0000,
    0x0000, 0x0000, 0x0000, 0x0000, 0x0000, 0x0000, 0x0000, 0x0000, 0x0000, 0x0000, 0x0000, 0x0000,
    0x0000, 0x0000, 0x0000, 0x0000, 0x0000, 0x0000, 0x0000, 0x0000, 0x0000, 0x0000, 0x0000, 0x0000,
    0x0000, 0x0000, 0x0000, 0x0000, 0x0000, 0x0000, 0x0000, 0x0000, 0x0000, 0x0000, 0x0000, 0x0000,
    0x0000, 0x0000, 0x0000, 0x0000, 0x0000, 0x0000, 0x0000, 0x0000, 0x0000, 0x0000, 0x0000, 0x0000,
    0x0000, 0x0000, 0x0000, 0x0000, 0x0000, 0x0000, 0x0000, 0x0000, 0x0000, 0x0000, 0x0000, 0x0000,
    0x0000, 0x0000, 0x0000, 0x0000, 0x0000, 0x0000, 0x0000, 0x0000, 0x0000, 0x0000, 0x0000, 0x0000,
    0x0000, 0x0000, 0x0000, 0x0000, 0x0000, 0x0000, 0x0000, 0x0000, 0x0000, 0x0000, 0x0000, 0x0000,
    0x0000, 0x0000, 0x0000, 0x0000, 0x0000, 0x0000, 0x0000, 0x0000, 0x0000, 0x0000, 0x0000, 0x0000,
    0x0000, 0x0000, 0x0000, 0x0000, 0x0000, 0x0000, 0x0000, 0x0000, 0x0000, 0x0000, 0x0000, 0x0000,
    0x0000, 0x0000, 0x0000, 0x0000, 0x0000, 0x0000, 0x0000, 0x0000, 0x0000, 0x0000, 0x0000, 0x0000,
    0x0000, 0x0000, 0x0000, 0x0000, 0x0000, 0x0000, 0x0000, 0x0000, 0x0000, 0x0000, 0x0000, 0x0000,
    0x0000, 0x0000, 0x0000, 0x0000, 0x0000, 0x0000, 0x0000, 0x0000, 0x0000, 0x0000, 0x0000, 0x0000,
    0x0000, 0x0000, 0x0000, 0x0000, 0x0000, 0x0000, 0x0000, 0x0000, 0x0000, 0x0000, 0x0000, 0x0000,
    0x0000, 0x0000, 0x0000, 0x0000, 0x0000, 0x0000, 0x0000, 0x0000, 0x0000, 0x0000, 0x0000, 0x0000,
    0x0000, 0x0000, 0x0000, 0x0000, 0x0000, 0x0000, 0x0000, 0x0000, 0x0000, 0x0000, 0x0000, 0x0000,
    0x0000, 0x0000, 0x0000, 0x0000, 0x0000, 0x0000, 0x0000, 0x0000, 0x0000, 0x0000, 0x0000, 0x0000,
    0x0000, 0x0000, 0x0000, 0x0000, 0x0000, 0x0000, 0x0000, 0x0000, 0x0000, 0x0000, 0x0000, 0x0000,
    0x0000, 0x0000, 0x0000, 0x0000, 0x0000, 0x0000, 0x0000, 0x0000, 0x0000, 0x0000, 0x0000, 0x0000,
    0x0000, 0x0000, 0x0000, 0x0000, 0x0000, 0x0000, 0x0000, 0x0000, 0x0000, 0x0000, 0x0000, 0x0000,
    0x0000, 0x0000, 0x0000, 0x0000,
  },
  { // 5 tilt
    0x0000, 0x0000, 0x0000, 0x0000, 0x0000, 0x0000, 0x0000, 0x0000, 0x0000, 0x0000, 0x0000, 0x0000,
    0x0000, 0x0000, 0x0000, 0x0000, 0x0000, 0x0000, 0x0000, 0x0000, 0x0000, 0x0000, 0x0000, 0x0000,
    0x0000, 0x0000, 0x0000, 0x0000, 0x0000, 0x0000, 0x0000, 0x0000, 0x0000, 0x0000, 0x0000, 0x0000,
    0x0000, 0x0000, 0x0000, 0x0000, 0x0000, 0x0000, 0x0000, 0x0000, 0x0000, 0x0000, 0x0000, 0x0000,
    0x0000, 0x0000, 0x0000, 0x0000, 0x0000, 0x0000, 0x0000, 0x0000, 0x0000, 0x0000, 0x0000, 0x0000,
    0x0000, 0x0000, 0x0000, 0x0000, 0x0000, 0x0000, 0x0000, 0x0000, 0x0000, 0x0000, 0x0000, 0x0000,
    0x0000, 0x0000, 0x0000, 0x0000, 0x0000, 0x0000, 0x0000, 0x0000, 0x0000, 0x0000, 0x0000, 0x0000,
    0x0000, 0x0000, 0x0000, 0x0000, 0x0000, 0x0000, 0x0000, 0x0000, 0x0000, 0x0000, 0x0000, 0x0000,
    0x0000, 0x0000, 0x0000, 0x0000, 0x0000, 0x0000, 0x0000, 0x0000, 0x0000, 0x0000, 0x0000, 0x0000,
    0x0000, 0x0000, 0x0000, 0x0000, 0x0000, 0x0000, 0x0000, 0x0000, 0x0000, 0x0000, 0x0000, 0x0000,
    0x0000, 0x0000, 0x0000, 0x0000, 0x0000, 0x0000, 0x0000, 0x0000, 0x0000, 0x0000, 0x0000, 0x0000,
    0x0000, 0x0000, 0x0000, 0x0000, 0x0000, 0x0000, 0x0000, 0x0000, 0x0000, 0x0000, 0x0000, 0x0000,
    0x0000, 0x0000, 0x0000, 0x0000, 0x0000, 0x0000, 0x0000, 0x0000, 0x0000, 0x0000, 0x0000, 0x0000,
    0x0000, 0x0000, 0x0000, 0x0000, 0x0000, 0x0000, 0x0000, 0x0000, 0x0000, 0x0000, 0x0000, 0x0000,
    0x0000, 0x0000, 0x0000, 0x0000, 0x0000, 0x0000, 0x0000, 0x0000, 0x0000, 0x0000, 0x0000, 0x0000,
    0x0000, 0x0000, 0x0000, 0x0000, 0x0000, 0x0000, 0x0000, 0x0000, 0x0000, 0x0000, 0x0000, 0x0000,
    0x0000, 0x0000, 0x0000, 0x0000, 0x0000, 0x0000, 0x0000, 0x0000, 0x0000, 0x0000, 0x0000, 0x0000,
    0x0000, 0x0000, 0x0000, 0x0000, 0x0000, 0x0000, 0x0000, 0x0000, 0x0000, 0x0000, 0x0000, 0x0000,
    0x0000, 0x0000, 0x0000, 0x0000, 0x0000, 0x0000, 0x0000, 0x0000, 0x0000, 0x0000, 0x0000, 0x0000,
    0x0000, 0x0000, 0x0000, 0x0000, 0x0000, 0x0000, 0x0000, 0x0000, 0x0000, 0x0000, 0x0000, 0x0000,
    0x0000, 0x0000, 0x0000, 0x0000, 0x0000, 0x0000, 0x0000, 0x0000, 0x0000, 0x0000, 0x0000, 0x0000,
    0x0000, 0x0000, 0x0000, 0x0000, 0x0000, 0x0000, 0x0000, 0x0000, 0x0000, 0x0000, 0x0000, 0x0000,
    0x0000, 0x0000, 0x0000, 0x0000, 0x0000, 0x0000, 0x0000, 0x0000, 0x0000, 0x0000, 0x0000, 0x0000,
    0x0000, 0x0000, 0x0000, 0x0000, 0x0000, 0x0000, 0x0000, 0x0000, 0x0000, 0x0000, 0x0000, 0x0000,
    0x0000, 0x0000, 0x0000, 0x0000, 0x0000, 0x0000, 0x0000, 0x0000, 0x0000, 0x0000, 0x0000, 0x0000,
    0x0000, 0x0000, 0x0000, 0x0000, 0x0000, 0x0000, 0x0000, 0x0000, 0x0000, 0x0000, 0x0000, 0x0000,
    0x0000, 0x0000, 0x0000, 0x0000, 0x0000, 0x0000, 0x0000, 0x0000, 0x0000, 0x0000, 0x0000, 0x0000,
    0x0000, 0x0000, 0x0000, 0x0000, 0x0000, 0x0000, 0x0000, 0x0000, 0x0000, 0x0000, 0x0000, 0x0000,
    0x0000, 0x0000, 0x0000, 0x0000, 0x0000, 0x0000, 0x0000, 0x0000, 0x0000, 0x0000, 0x0000, 0x0000,
    0x0000, 0x0000, 0x0000, 0x18E4, 0x29A7, 0x31C7, 0x29A7, 0x18E4, 0x0000, 0x0000, 0x0000, 0x0000,
    0x0000, 0x0000, 0x0000, 0x0000, 0x0000, 0x0000, 0x0000, 0x0000, 0x0000, 0x0000, 0x0000, 0x0000,
    0x0000, 0x0000, 0x0000, 0x0000, 0x0000, 0x0000, 0x0000, 0x0000, 0x0000, 0x0000, 0x0000, 0x0000,
    0x0000, 0x0000, 0x0000, 0x0000, 0x0000, 0x0000, 0x0000, 0x0000, 0x0000, 0x0000, 0x0000, 0x0000,
    0x0000, 0x0000, 0x0000, 0x0000, 0x0000, 0x0000, 0x0000, 0x0000, 0x0000, 0x0000, 0x0000, 0x0000,
    0x0000, 0x0000, 0x0000, 0x0000, 0x0000, 0x0000, 0x0000, 0x0000, 0x0000, 0x0000, 0x0000, 0x0000,
    0x0000, 0x0000, 0x0000, 0x0000, 0x0000, 0x0000, 0x0000, 0x0000, 0x0000, 0x0000, 0x0000, 0x0000,
    0x0000, 0x0000, 0x0000, 0x0000, 0x0000, 0x0000, 0x0000, 0x0000, 0x0000, 0x0000, 0x0000, 0x0000,
    0x0000, 0x0000, 0x0000, 0x0000, 0x0000, 0x0000, 0x0000, 0x0000, 0x0000, 0x0000, 0x0000, 0x0000,
    0x0000, 0x0000, 0x0000, 0x0000, 0x0000, 0x0000, 0x0000, 0x0000, 0x0000, 0x0000, 0x0000, 0x0000,
    0x0000, 0x0000, 0x0000, 0x0000, 0x0000, 0x0000, 0x0000, 0x2125, 0x52CC, 0x7C52, 0x9D56, 0xADF9,
    0xB63A, 0xB65A, 0xB63A, 0xADF9, 0x9515, 0x5B2D, 0x10C3, 0x0000, 0x0000, 0x0000, 0x0000, 0x0000,
    0x0000, 0x0000, 0x0000, 0x0000, 0x0000, 0x0000, 0x0000, 0x0000, 0x0000, 0x0000, 0x0000, 0x0000,
    0x0000, 0x0000, 0x0000, 0x0000, 0x0000, 0x0000, 0x0000, 0x0000, 0x0000, 0x0000, 0x0000, 0x0000,
    0x0000, 0x0000, 0x0000, 0x0000, 0x0000, 0x0000, 0x0000, 0x0000, 0x0000, 0x0000, 0x0000, 0x0000,
    0x0000, 0x0000, 0x0000, 0x0000, 0x0000, 0x0000, 0x0000, 0x0000, 0x0000, 0x0000, 0x0000, 0x0000,
    0x0000, 0x0000, 0x0000, 0x0000, 0x0000, 0x0000, 0x0000, 0x0000, 0x0000, 0x0000, 0x0000, 0x0000,
    0x0000, 0x0000, 0x0000, 0x0000, 0x0000, 0x0000, 0x0000, 0x0000, 0x0000, 0x0000, 0x0000, 0x0000,
    0x0000, 0x0000, 0x0000, 0x0000, 0x0000, 0x0000, 0x0000, 0x0000, 0x0000, 0x0000, 0x0000, 0x0000,
    0x0000, 0x0000, 0x0000, 0x0000, 0x0000, 0x0000, 0x0000, 0x0000, 0x0000, 0x0000, 0x0000, 0x0000,
    0x0000, 0x0000, 0x0000, 0x0000, 0x0000, 0x0000, 0x0000, 0x0000, 0x0000, 0x0000, 0x0000, 0x0000,
    0x2125, 0x634D, 0x9D35, 0xC6BB, 0xCF1D, 0xBE7B, 0xB63A, 0xB63A, 0xADF9, 0xADD9, 0xADF9, 0xADF9,
    0xADF9, 0xB63A, 0xA598, 0x4A8A, 0x0000, 0x0000, 0x0000, 0x0000, 0x0000, 0x0000, 0x0000, 0x0000,
    0x0000, 0x0000, 0x0000, 0x0000, 0x0000, 0x0000, 0x0000, 0x0000, 0x0000, 0x0000, 0x0000, 0x0000,
    0x0000, 0x0000, 0x0000, 0x0000, 0x0000, 0x0000, 0x0000, 0x0000, 0x0000, 0x0000, 0x0000, 0x0000,
    0x0000, 0x0000, 0x0000, 0x0000, 0x0000, 0x0000, 0x0000, 0x0000, 0x0000, 0x0000, 0x0000, 0x0000,
    0x0000, 0x0000, 0x0000, 0x0000, 0x0000, 0x0000, 0x0000, 0x0000, 0x0000, 0x0000, 0x0000, 0x0000,
    0x0000, 0x0000, 0x0000, 0x0000, 0x0000, 0x0000, 0x0000, 0x0000, 0x0000, 0x0000, 0x0000, 0x0000,
    0x0000, 0x0000, 0x0000, 0x0000, 0x0000, 0x0000, 0x0000, 0x0000, 0x0000, 0x0000, 0x0000, 0x0000,
    0x0000, 0x0000, 0x0000, 0x0000, 0x0000, 0x0000, 0x0000, 0x0000, 0x0000, 0x0000, 0x0000, 0x0000,
    0x0000, 0x0000, 0x0000, 0x0000, 0x0000, 0x0000, 0x0000, 0x0000, 0x0000, 0x0000, 0x0000, 0x0000,
    0x0000, 0x0000, 0x0000, 0x0000, 0x0000, 0x18C3, 0x5B0C, 0xA556, 0xD6FC, 0x0000, 0xD75E, 0xCEFC,
    0xC6DB, 0xC69B, 0xAE19, 0xADF9, 0xADF9, 0xADD9, 0xADD9, 0xA5D8, 0xA5D8, 0xA5B8, 0xADD9, 0xB63A,
    0x636E, 0x0000, 0x0000, 0x0000, 0x0000, 0x0000, 0x0000, 0x0000, 0x0000, 0x0000, 0x0000, 0x0000,
    0x0000, 0x0000, 0x0000, 0x0000, 0x0000, 0x0000, 0x0000, 0x0000, 0x0000, 0x0000, 0x0000, 0x0000,
    0x0000, 0x0000, 0x0000, 0x0000, 0x0000, 0x0000, 0x0000, 0x0000, 0x0000, 0x0000, 0x0000, 0x0000,
    0x0000, 0x0000, 0x0000, 0x0000, 0x0000, 0x0000, 0x0000, 0x0000, 0x0000, 0x0000, 0x0000, 0x0000,
    0x0000, 0x0000, 0x0000, 0x0000, 0x0000, 0x0000, 0x0000, 0x0000, 0x0000, 0x0000, 0x0000, 0x0000,
    0x0000, 0x0000, 0x0000, 0x0000, 0x0000, 0x0000, 0x0000, 0x0000, 0x0000, 0x0000, 0x0000, 0x0000,
    0x0000, 0x0000, 0x0000, 0x0000, 0x0000, 0x0000, 0x0000, 0x0000, 0x0000, 0x0000, 0x0000, 0x0000,
    0x0000, 0x0000, 0x0000, 0x0000, 0x0000, 0x0000, 0x0000, 0x0000, 0x0000, 0x0000, 0x0000, 0x0000,
    0x0000, 0x0000, 0x0000, 0x0000, 0x0000, 0x0000, 0x0000, 0x0000, 0x0000, 0x0000, 0x10A2, 0x52AA,
    0x9D14, 0xD6DB, 0x0000, 0x0000, 0xD71D, 0xD71C, 0xD71C, 0xD71D, 0xD71C, 0xCEFC, 0xC6BB, 0xB63A,
    0xB619, 0xB619, 0xADF9, 0xADF9, 0xADD9, 0xA5B8, 0xA5B8, 0xA5B8, 0xB63A, 0x5B0D, 0x0000, 0x0000,
    0x0000, 0x0000, 0x0000, 0x0000, 0x0000, 0x0000, 0x0000, 0x0000, 0x0000, 0x0000, 0x0000, 0x0000,
    0x0000, 0x0000, 0x0000, 0x0000, 0x0000, 0x0000, 0x0000, 0x0000, 0x0000, 0x0000, 0x0000, 0x0000,
    0x0000, 0x0000, 0x0000, 0x0000, 0x0000, 0x0000, 0x0000, 0x0000, 0x0000, 0x0000, 0x0000, 0x0000,
    0x0000, 0x0000, 0x0000, 0x0000, 0x0000, 0x0000, 0x0000, 0x0000, 0x0000, 0x0000, 0x0000, 0x0000,
    0x0000, 0x0000, 0x0000, 0x0000, 0x0000, 0x0000, 0x0000, 0x0000, 0x0000, 0x0000, 0x0000, 0x0000,
    0x0000, 0x0000, 0x0000, 0x0000, 0x0000, 0x0000, 0x0000, 0x0000, 0x0000, 0x0000, 0x0000, 0x0000,
    0x0000, 0x0000, 0x0000, 0x0000, 0x0000, 0x0000, 0x0000, 0x0000, 0x0000, 0x0000, 0x0000, 0x0000,
    0x0000, 0x0000, 0x0000, 0x0000, 0x0000, 0x0000, 0x0000, 0x0000, 0x0000, 0x0000, 0x0000, 0x0000,
    0x0000, 0x0000, 0x0000, 0x1082, 0x4A69, 0x94D3, 0xD6DB, 0x0000, 0x0000, 0x0000, 0xD71C, 0xD71C,
    0x0000, 0x0000, 0x0000, 0xD73D, 0xD73D, 0xD71D, 0xCEFC, 0xC6DC, 0xB65A, 0xB63A, 0xB639, 0xB619,
    0xADF9, 0xA5B8, 0xA5D8, 0xA5D8, 0xA5B8, 0xAE1A, 0x31A7, 0x0000, 0x0000, 0x0000, 0x0000, 0x0000,
    0x0000, 0x0000, 0x0000, 0x0000, 0x0000, 0x0000, 0x0000, 0x0000, 0x0000, 0x0000, 0x0000, 0x0000,
    0x0000, 0x0000, 0x0000, 0x0000, 0x0000, 0x0000, 0x0000, 0x0000, 0x0000, 0x0000, 0x0000, 0x0000,
    0x0000, 0x0000, 0x0000, 0x0000, 0x0000, 0x0000, 0x0000, 0x0000, 0x0000, 0x0000, 0x0000, 0x0000,
    0x0000, 0x0000, 0x0000, 0x0000, 0x0000, 0x0000, 0x0000, 0x0000, 0x0000, 0x0000, 0x0000, 0x0000,
    0x0000, 0x0000, 0x0000, 0x0000, 0x0000, 0x0000, 0x0000, 0x0000, 0x0000, 0x0000, 0x0000, 0x0000,
    0x0000, 0x0000, 0x0000, 0x0000, 0x0000, 0x0000, 0x0000, 0x0000, 0x0000, 0x0000, 0x0000, 0x0000,
    0x0000, 0x0000, 0x0000, 0x0000, 0x0000, 0x0000, 0x0000, 0x0000, 0x0000, 0x0000, 0x0000, 0x0000,
    0x0000, 0x0000, 0x0000, 0x0000, 0x0000, 0x0000, 0x0000, 0x0000, 0x1082, 0x4A69, 0x94B3, 0xD6BB,
    0x0000, 0x0000, 0x0000, 0x0000, 0x0000, 0x0000, 0x0000, 0x0000, 0x0000, 0x0000, 0x0000, 0x0000,
    0xD73D, 0xD73D, 0xD71D, 0xCF1D, 0xC6DC, 0xB63A, 0xB63A, 0xB619, 0xADF9, 0xADD8, 0xA5D8, 0xADF9,
    0xA5D8, 0xAE19, 0x8CF5, 0x0000, 0x0000, 0x0000, 0x0000, 0x0000, 0x0000, 0x0000, 0x0000, 0x0000,
    0x0000, 0x0000, 0x0000, 0x0000, 0x0000, 0x0000, 0x0000, 0x0000, 0x0000, 0x0000, 0x0000, 0x0000,
    0x0000, 0x0000, 0x0000, 0x0000, 0x0000, 0x0000, 0x0000, 0x0000, 0x0000, 0x0000, 0x0000, 0x0000,
    0x0000, 0x0000, 0x0000, 0x0000, 0x0000, 0x0000, 0x0000, 0x0000, 0x0000, 0x0000, 0x0000, 0x0000,
    0x0000, 0x0000, 0x0000, 0x0000, 0x0000, 0x0000, 0x0000, 0x0000, 0x0000, 0x0000, 0x0000, 0x0000,
    0x0000, 0x0000, 0x0000, 0x0000, 0x0000, 0x0000, 0x0000, 0x0000, 0x0000, 0x0000, 0x0000, 0x0000,
    0x0000, 0x0000, 0x0000, 0x0000, 0x0000, 0x0000, 0x0000, 0x0000, 0x0000, 0x0000, 0x0000, 0x0000,
    0x0000, 0x0000, 0x0000, 0x0000, 0x0000, 0x0000, 0x0000, 0x0000, 0x0000, 0x0000, 0x0000, 0x0000,
    0x0000, 0x2124, 0x5B0C, 0x9D14, 0xD6DB, 0x0000, 0x0000, 0x0000, 0x0000, 0x0000, 0x0000, 0x0000,
    0x0000, 0x0000, 0x0000, 0x0000, 0x0000, 0x0000, 0x0000, 0x0000, 0x0000, 0xD73D, 0xD71D, 0xD71D,
    0xD71C, 0xC6BB, 0xB619, 0xB619, 0xB619, 0xB619, 0xADF9, 0xA5D8, 0xADD9, 0xA5D8, 0xB63A, 0x4229,
    0x0000, 0x0000, 0x0000, 0x0000, 0x0000, 0x0000, 0x0000, 0x0000, 0x0000, 0x0000, 0x0000, 0x0000,
    0x0000, 0x0000, 0x0000, 0x0000, 0x0000, 0x0000, 0x0000, 0x0000, 0x0000, 0x0000, 0x0000, 0x0000,
    0x0000, 0x0000, 0x0000, 0x0000, 0x0000, 0x0000, 0x0000, 0x0000, 0x0000, 0x0000, 0x0000, 0x0000,
    0x0000, 0x0000, 0x0000, 0x0000, 0x0000, 0x0000, 0x0000, 0x0000, 0x0000, 0x0000, 0x0000, 0x0000,
    0x0000, 0x0000, 0x0000, 0x0000, 0x0000, 0x0000, 0x0000, 0x0000, 0x0000, 0x0000, 0x0000, 0x0000,
    0x0000, 0x0000, 0x0000, 0x0000, 0x0000, 0x0000, 0x0000, 0x0000, 0x0000, 0x0000, 0x0000, 0x0000,
    0x0000, 0x0000, 0x0000, 0x0000, 0x0000, 0x0000, 0x0000, 0x0000, 0x0000, 0x0000, 0x0000, 0x0000,
    0x0000, 0x0000, 0x0000, 0x0000, 0x0000, 0x18E3, 0x4A69, 0x8431, 0xBDF8, 0x0000, 0x0000, 0x0000,
    0x0000, 0x0000, 0x0000, 0x0000, 0x0000, 0x0000, 0x0000, 0x0000, 0x0000, 0x0000, 0x0000, 0x0000,
    0x0000, 0x0000, 0x0000, 0x0000, 0x0000, 0x0000, 0xD73D, 0xD71D, 0xCF1C, 0xCF1D, 0xBE7B, 0xB619,
    0xB63A, 0xB619, 0xAE19, 0xADD9, 0xA5D8, 0xA5D8, 0xAE19, 0x84B4, 0x0000, 0x0000, 0x0000, 0x0000,
    0x0000, 0x0000, 0x0000, 0x0000, 0x0000, 0x0000, 0x0000, 0x0000, 0x0000, 0x0000, 0x0000, 0x0000,
    0x0000, 0x0000, 0x0000, 0x0000, 0x0000, 0x0000, 0x0000, 0x0000, 0x0000, 0x0000, 0x0000, 0x0000,
    0x0000, 0x0000, 0x0000, 0x0000, 0x0000, 0x0000, 0x0000, 0x0000, 0x0000, 0x0000, 0x18C3, 0x4A6A,
    0x73D0, 0x8CB4, 0x9D36, 0x9D56, 0x9D56, 0x9D56, 0x9D35, 0x8CB3, 0x73F0, 0x632D, 0x4A69, 0x31A6,
    0x1904, 0x0000, 0x0000, 0x0000, 0x0000, 0x0000, 0x0000, 0x0000, 0x0000, 0x0000, 0x0000, 0x0000,
    0x0000, 0x0000, 0x0000, 0x0000, 0x0000, 0x0000, 0x0000, 0x0000, 0x0000, 0x0000, 0x0000, 0x0000,
    0x0000, 0x0000, 0x0000, 0x0000, 0x0000, 0x0000, 0x0000, 0x0000, 0x10A2, 0x31A6, 0x5AEC, 0x8C92,
    0xBDF8, 0x0000, 0x0000, 0x0000, 0x0000, 0x0000, 0x0000, 0x0000, 0x0000, 0x0000, 0x0000, 0x0000,
    0x0000, 0x0000, 0x0000, 0x0000, 0x0000, 0x0000, 0x0000, 0x0000, 0x0000, 0x0000, 0x0000, 0x0000,
    0x0000, 0xD73D, 0xD73D, 0xD73D, 0xD71C, 0xCF1C, 0xCEFC, 0xBE5A, 0xB63A, 0xB63A, 0xAE19, 0xADD8,
    0xADD9, 0xA5B8, 0xA5B8, 0xADF9, 0x2145, 0x0000, 0x0000, 0x0000, 0x0000, 0x0000, 0x0000, 0x0000,
    0x0000, 0x0000, 0x0000, 0x0000, 0x0000, 0x0000, 0x0000, 0x0000, 0x0000, 0x0000, 0x0000, 0x0000,
    0x0000, 0x0000, 0x0000, 0x0000, 0x0000, 0x0000, 0x0000, 0x0000, 0x0000, 0x0000, 0x0000, 0x0000,
    0x0000, 0x0000, 0x0000, 0x0000, 0x10C3, 0x73D0, 0xADD8, 0xBE5A, 0xBE5A, 0xBE5A, 0xB65A, 0xB65A,
    0xBE7B, 0xCF1D, 0xD75D, 0x0000, 0x0000, 0x0000, 0x0000, 0x0000, 0xD6FC, 0xC69A, 0xB5F8, 0xA555,
    0x8C72, 0x6BAE, 0x5AEB, 0x4249, 0x31A6, 0x2124, 0x10A2, 0x0000, 0x0000, 0x0000, 0x0000, 0x0000,
    0x0000, 0x0000, 0x0000, 0x0000, 0x0000, 0x0000, 0x0000, 0x0000, 0x0000, 0x18C3, 0x2945, 0x3A08,
    0x5AEB, 0x7BEF, 0x9CF4, 0xBE18, 0x0000, 0x0000, 0x0000, 0x0000, 0x0000, 0x0000, 0x0000, 0x0000,
    0x0000, 0x0000, 0x0000, 0x0000, 0x0000, 0x0000, 0x0000, 0x0000, 0x0000, 0x0000, 0x0000, 0x0000,
    0x0000, 0x0000, 0x0000, 0x0000, 0x0000, 0x0000, 0x0000, 0x0000, 0x0000, 0xD73D, 0xD73D, 0xD73D,
    0xD71D, 0xCF1C, 0xCEFC, 0xC6BB, 0xB639, 0xB619, 0xAE19, 0xADF9, 0xADD8, 0xA5D8, 0xA5B8, 0xAE1A,
    0x5B4E, 0x0000, 0x0000, 0x0000, 0x0000, 0x0000, 0x0000, 0x0000, 0x0000, 0x0000, 0x0000, 0x0000,
    0x0000, 0x0000, 0x0000, 0x0000, 0x0000, 0x0000, 0x0000, 0x0000, 0x0000, 0x0000, 0x0000, 0x0000,
    0x0000, 0x0000, 0x0000, 0x0000, 0x0000, 0x0000, 0x0000, 0x0000, 0x0000, 0x0000, 0x0000, 0x31A7,
    0xA597, 0xBE5B, 0xADF9, 0xADF8, 0xADF8, 0xADF9, 0xB619, 0xB619, 0xC6BB, 0xCEFC, 0xCEFC, 0xCEFC,
    0xCEFC, 0xD71C, 0xD71C, 0xD73D, 0x0000, 0x0000, 0x0000, 0x0000, 0x0000, 0x0000, 0x0000, 0x0000,
    0x0000, 0x0000, 0x0000, 0xCEBB, 0xC679, 0xBE18, 0xB5D7, 0xAD96, 0xAD76, 0x0000, 0x0000, 0xAD96,
    0xB5B6, 0xB5F7, 0xBE18, 0xC67A, 0xD6BB, 0x0000, 0x0000, 0x0000, 0x0000, 0x0000, 0x0000, 0x0000,
    0x0000, 0x0000, 0x0000, 0x0000, 0x0000, 0x0000, 0x0000, 0x0000, 0x0000, 0x0000, 0x0000, 0x0000,
    0x0000, 0x0000, 0x0000, 0x0000, 0x0000, 0x0000, 0x0000, 0x0000, 0x0000, 0x0000, 0x0000, 0x0000,
    0x0000, 0x0000, 0x0000, 0x0000, 0x0000, 0x0000, 0xD73D, 0xD73D, 0xD71D, 0xCEFC, 0xCEDC, 0xCEFC,
    0xBE7A, 0xAE19, 0xAE19, 0xADF9, 0xADF9, 0xADF9, 0xA5B8, 0xADF9, 0x8CD4, 0x0000, 0x0000, 0x0000,
    0x0000, 0x0000, 0x0000, 0x0000, 0x0000, 0x0000, 0x0000, 0x0000, 0x0000, 0x0000, 0x0000, 0x0000,
    0x0000, 0x0000, 0x0000, 0x0000, 0x0000, 0x0000, 0x0000, 0x0000, 0x0000, 0x0000, 0x0000, 0x0000,
    0x0000, 0x0000, 0x0000, 0x0000, 0x0000, 0x0000, 0x29A7, 0xADF9, 0xAE19, 0xADD8, 0xADF9, 0xAE19,
    0xAE19, 0xB619, 0xB619, 0xBE7A, 0xCEFC, 0xCEFC, 0xD71C, 0xD73D, 0xD73D, 0xD73D, 0x0000, 0x0000,
    0x0000, 0x0000, 0x0000, 0x0000, 0x0000, 0x0000, 0x0000, 0x0000, 0x0000, 0x0000, 0x0000, 0x0000,
    0x0000, 0x0000, 0x0000, 0x0000, 0x0000, 0x0000, 0x0000, 0x0000, 0x0000, 0x0000, 0x0000, 0x0000,
    0x0000, 0x0000, 0x0000, 0x0000, 0x0000, 0x0000, 0x0000, 0x0000, 0x0000, 0x0000, 0x0000, 0x0000,
    0x0000, 0x0000, 0x0000, 0x0000, 0x0000, 0x0000, 0x0000, 0x0000, 0x0000, 0x0000, 0x0000, 0x0000,
    0x0000, 0x0000, 0x0000, 0x0000, 0x0000, 0x0000, 0x0000, 0x0000, 0x0000, 0x0000, 0x0000, 0x0000,
    0x0000, 0x0000, 0xD71C, 0xD71C, 0xD71C, 0xCEFC, 0xCEFC, 0xC6DC, 0xC6BB, 0xB619, 0xADF9, 0xADF9,
    0xADF9, 0xADD9, 0xADD9, 0xADD9, 0xADD9, 0x2105, 0x0000, 0x0000, 0x0000, 0x0000, 0x0000, 0x0000,
    0x0000, 0x0000, 0x0000, 0x0000, 0x0000, 0x0000, 0x0000, 0x0000, 0x0000, 0x0000, 0x0000, 0x0000,
    0x0000, 0x0000, 0x0000, 0x0000, 0x0000, 0x0000, 0x0000, 0x0000, 0x0000, 0x0000, 0x0000, 0x0000,
    0x0000, 0x10A2, 0xA577, 0xADF9, 0xADD8, 0xADF9, 0xADF9, 0xAE19, 0xB619, 0xB619, 0xB639, 0xCEDC,
    0xCEFC, 0xD71C, 0xD71D, 0xD73D, 0x0000, 0x0000, 0x0000, 0x0000, 0x0000, 0x0000, 0x0000, 0x0000,
    0x0000, 0x0000, 0x0000, 0x0000, 0x0000, 0x0000, 0x0000, 0x0000, 0x0000, 0x0000, 0x0000, 0x0000,
    0x0000, 0x0000, 0x0000, 0x0000, 0x0000, 0x0000, 0x0000, 0x0000, 0x0000, 0x0000, 0x0000, 0x0000,
    0x0000, 0x0000, 0x0000, 0x0000, 0x0000, 0x0000, 0x0000, 0x0000, 0x0000, 0x0000, 0x0000, 0x0000,
    0x0000, 0x0000, 0x0000, 0x0000, 0x0000, 0x0000, 0x0000, 0x0000, 0x0000, 0x0000, 0x0000, 0x0000,
    0x0000, 0x0000, 0x0000, 0x0000, 0x0000, 0x0000, 0x0000, 0x0000, 0x0000, 0x0000, 0xD73D, 0xD71C,
    0xD71C, 0xD71C, 0xCEFC, 0xC6DC, 0xC6BB, 0xBE7A, 0xADF9, 0xAE19, 0xADF9, 0xADF9, 0xADF9, 0xADD8,
    0xB63A, 0x426A, 0x0000, 0x0000, 0x0000, 0x0000, 0x0000, 0x0000, 0x0000, 0x0000, 0x0000, 0x0000,
    0x0000, 0x0000, 0x0000, 0x0000, 0x0000, 0x0000, 0x0000, 0x0000, 0x0000, 0x0000, 0x0000, 0x0000,
    0x0000, 0x0000, 0x0000, 0x0000, 0x0000, 0x0000, 0x0000, 0x0000, 0x0000, 0x6B8F, 0xB63A, 0xA5B8,
    0xADD9, 0xADF9, 0xADF9, 0xB619, 0xB619, 0xAE19, 0xC69B, 0xCEFC, 0xCEFC, 0xD71D, 0xD73D, 0x0000,
    0x0000, 0x0000, 0x0000, 0x0000, 0x0000, 0x0000, 0x0000, 0x0000, 0x0000, 0x0000, 0x0000, 0x0000,
    0x0000, 0x0000, 0x0000, 0x0000, 0x0000, 0x0000, 0x0000, 0x0000, 0x0000, 0x0000, 0x0000, 0x0000,
    0x0000, 0x0000, 0x0000, 0x0000, 0x0000, 0x0000, 0x0000, 0x0000, 0x0000, 0x0000, 0x0000, 0x0000,
    0x0000, 0x0000, 0x0000, 0x0000, 0x0000, 0x0000, 0x0000, 0x0000, 0x0000, 0x0000, 0x0000, 0x0000,
    0x0000, 0x0000, 0x0000, 0x0000, 0x0000, 0x0000, 0x0000, 0x0000, 0x0000, 0x0000, 0x0000, 0x0000,
    0x0000, 0x0000, 0x0000, 0x0000, 0x0000, 0xD73C, 0xD71C, 0xD71C, 0xD71C, 0xD71C, 0xCEFC, 0xCEDC,
    0xC6DB, 0xC6DC, 0xB63A, 0xADF9, 0xADF9, 0xADF9, 0xADF9, 0xADD8, 0xB63A, 0x6BF0, 0x0000, 0x0000,
    0x0000, 0x0000, 0x0000, 0x0000, 0x0000, 0x0000, 0x0000, 0x0000, 0x0000, 0x0000, 0x0000, 0x0000,
    0x0000, 0x0000, 0x0000, 0x0000, 0x0000, 0x0000, 0x0000, 0x0000, 0x0000, 0x0000, 0x0000, 0x0000,
    0x0000, 0x0000, 0x0000, 0x0000, 0x18C3, 0xA597, 0xA5D8, 0xADD9, 0xADD9, 0xADF9, 0xAE19, 0xAE19,
    0xADF9, 0xB639, 0xCEFC, 0xCEFC, 0xCF1C, 0xD71D, 0xD73D, 0x0000, 0x0000, 0x0000, 0x0000, 0x0000,
    0x0000, 0x0000, 0x0000, 0x0000, 0x0000, 0x0000, 0x0000, 0x0000, 0x0000, 0x0000, 0x0000, 0x0000,
    0x0000, 0x0000, 0x0000, 0x0000, 0x0000, 0x0000, 0x0000, 0x0000, 0x0000, 0x0000, 0x0000, 0x0000,
    0x0000, 0x0000, 0x0000, 0x0000, 0x0000, 0x0000, 0x0000, 0x0000, 0x0000, 0x0000, 0x0000, 0x0000,
    0x0000, 0x0000, 0x0000, 0x0000, 0x0000, 0x0000, 0x0000, 0x0000, 0x0000, 0x0000, 0x0000, 0x0000,
    0x0000, 0x0000, 0x0000, 0x0000, 0x0000, 0x0000, 0x0000, 0x0000, 0x0000, 0x0000, 0x0000, 0x0000,
    0x0000, 0x0000, 0x0000, 0x0000, 0xD73D, 0xCEFC, 0xCEFC, 0xCEDC, 0xCEDC, 0xCEDC, 0xBE7A, 0xADF9,
    0xADF9, 0xADF9, 0xADF9, 0xADD8, 0xB619, 0x8CF5, 0x0000, 0x0000, 0x0000, 0x0000, 0x0000, 0x0000,
    0x0000, 0x0000, 0x0000, 0x0000, 0x0000, 0x0000, 0x0000, 0x0000, 0x0000, 0x0000, 0x0000, 0x0000,
    0x0000, 0x0000, 0x0000, 0x0000, 0x0000, 0x0000, 0x0000, 0x0000, 0x0000, 0x0000, 0x0000, 0x0000,
    0x4AAB, 0xAE1A, 0xA5B8, 0xADD8, 0xADF9, 0xADF9, 0xADF9, 0xADF9, 0xADF9, 0xBE9B, 0xCEFC, 0xCEFC,
    0xD71C, 0xD73D, 0x0000, 0x0000, 0x0000, 0x0000, 0x0000, 0x0000, 0x0000, 0x0000, 0x0000, 0x0000,
    0x0000, 0x0000, 0x0000, 0x0000, 0x0000, 0x0000, 0x0000, 0x0000, 0x0000, 0x0000, 0x0000, 0x0000,
    0x0000, 0x0000, 0x0000, 0x0000, 0x0000, 0x0000, 0x0000, 0x0000, 0x0000, 0x0000, 0x0000, 0x0000,
    0x0000, 0x0000, 0x0000, 0x0000, 0x0000, 0x0000, 0x0000, 0x0000, 0x0000, 0x0000, 0x0000, 0x0000,
    0x0000, 0x0000, 0x0000, 0x0000, 0x0000, 0x0000, 0x0000, 0x0000, 0x0000, 0x0000, 0x0000, 0x0000,
    0x0000, 0x0000, 0x0000, 0xC659, 0x8C92, 0x5AEB, 0x39E7, 0x2965, 0x2965, 0x4208, 0x6B6E, 0x9D55,
    0xD6FC, 0x0000, 0xCF1C, 0xCEDC, 0xCEFC, 0xCEDC, 0xC6DB, 0xB639, 0xADF9, 0xADF9, 0xADF9, 0xADF9,
    0xADF9, 0xA5B8, 0x18E4, 0x0000, 0x0000, 0x0000, 0x0000, 0x0000, 0x0000, 0x0000, 0x0000, 0x0000,
    0x0000, 0x0000, 0x0000, 0x0000, 0x0000, 0x0000, 0x0000, 0x0000, 0x0000, 0x0000, 0x0000, 0x0000,
    0x0000, 0x0000, 0x0000, 0x0000, 0x0000, 0x0000, 0x0000, 0x0000, 0x7C52, 0xAE19, 0xA5B8, 0xA5D8,
    0xADF9, 0xADF9, 0xADF9, 0xADF9, 0xB63A, 0xCEDC, 0xCEFC, 0xCEFC, 0xD71C, 0xD73D, 0x0000, 0x0000,
    0x0000, 0x0000, 0x0000, 0x0000, 0x0000, 0x0000, 0x0000, 0x0000, 0x0000, 0x0000, 0x0000, 0x0000,
    0x0000, 0x0000, 0x0000, 0x0000, 0x0000, 0x0000, 0x0000, 0x0000, 0x0000, 0x0000, 0x0000, 0x0000,
    0x0000, 0x0000, 0x0000, 0x0000, 0x0000, 0x0000, 0x0000, 0x0000, 0x0000, 0x0000, 0x0000, 0x0000,
    0x0000, 0x0000, 0x0000, 0x0000, 0x0000, 0x0000, 0x0000, 0x0000, 0x0000, 0x0000, 0x0000, 0x0000,
    0x0000, 0x0000, 0x0000, 0x0000, 0x0000, 0x0000, 0x0000, 0x0000, 0x0000, 0x9CF3, 0x3A08, 0x0000,
    0x0000, 0x0000, 0x0000, 0x0000, 0x0000, 0x0000, 0x0000, 0x0000, 0x2124, 0x73CF, 0xCEBB, 0x0000,
    0xCEDC, 0xC6DB, 0xCEDC, 0xBE7A, 0xADF9, 0xADF9, 0xADF9, 0xADF9, 0xADF8, 0xADF9, 0x31C8, 0x0000,
    0x0000, 0x0000, 0x0000, 0x0000, 0x0000, 0x0000, 0x0000, 0x0000, 0x0000, 0x0000, 0x0000, 0x0000,
    0x0000, 0x0000, 0x0000, 0x0000, 0x0000, 0x0000, 0x0000, 0x0000, 0x0000, 0x0000, 0x0000, 0x0000,
    0x0000, 0x0000, 0x0000, 0x0000, 0x9D56, 0xADF9, 0xA5D8, 0xA5D8, 0xADD9, 0xADF9, 0xADF9, 0xADF9,
    0xBE7A, 0xCEFC, 0xCEDC, 0xCEFC, 0xD71C, 0xD73D, 0xD73D, 0x0000, 0x0000, 0x0000, 0x0000, 0x0000,
    0x0000, 0x0000, 0x0000, 0x0000, 0x0000, 0x0000, 0x0000, 0x0000, 0x0000, 0x0000, 0x0000, 0x0000,
    0x0000, 0x0000, 0x0000, 0x0000, 0x0000, 0x0000, 0x0000, 0x0000, 0x0000, 0x0000, 0x0000, 0x0000,
    0x0000, 0x0000, 0x0000, 0x0000, 0x0000, 0x0000, 0x0000, 0x0000, 0x0000, 0x0000, 0x0000, 0x0000,
    0x0000, 0x0000, 0x0000, 0x0000, 0x0000, 0x0000, 0x0000, 0x0000, 0x0000, 0x0000, 0x0000, 0x0000,
    0x0000, 0x0000, 0x0000, 0x9CF4, 0x2965, 0x0000, 0x0000, 0x0000, 0x0000, 0x0000, 0x0000, 0x0000,
    0x0000, 0x0000, 0x0000, 0x0000, 0x0000, 0x0000, 0x1904, 0x8CD3, 0x0000, 0xCEFC, 0xC6BB, 0xC6BB,
    0xADF9, 0xADF9, 0xADF9, 0xADF9, 0xADD8, 0xAE1A, 0x4ACC, 0x0000, 0x0000, 0x0000, 0x0000, 0x0000,
    0x0000, 0x0000, 0x0000, 0x0000, 0x0000, 0x0000, 0x0000, 0x0000, 0x0000, 0x0000, 0x0000, 0x0000,
    0x0000, 0x0000, 0x0000, 0x0000, 0x0000, 0x0000, 0x0000, 0x0000, 0x0000, 0x0000, 0x0000, 0x1904,
    0xADD8, 0xA5D8, 0xADD9, 0xA5D8, 0xADD9, 0xADF9, 0xADF9, 0xAE19, 0xC6BB, 0xCEFC, 0xCEFC, 0xCEFC,
    0xD71C, 0xD73D, 0xD73D, 0x0000, 0x0000, 0x0000, 0x0000, 0x0000, 0x0000, 0x0000, 0x0000, 0x0000,
    0x0000, 0x0000, 0x0000, 0x0000, 0x0000, 0x0000, 0x0000, 0x0000, 0x0000, 0x0000, 0x0000, 0x0000,
    0x0000, 0x0000, 0x0000, 0x0000, 0x0000, 0x0000, 0x0000, 0x0000, 0x0000, 0x0000, 0x0000, 0x0000,
    0x0000, 0x0000, 0x0000, 0x0000, 0x0000, 0x0000, 0x0000, 0x0000, 0x0000, 0x0000, 0x0000, 0x0000,
    0x0000, 0x0000, 0x0000, 0x0000, 0x0000, 0x0000, 0x0000, 0x0000, 0x0000, 0xBE18, 0x39E8, 0x0000,
    0x0000, 0x0000, 0x0000, 0x0000, 0x0000, 0x0000, 0x18E4, 0x3A09, 0x4AAC, 0x530D, 0x52CD, 0x3A29,
    0x2105, 0x0000, 0x0000, 0x0000, 0x52CB, 0xCEDB, 0xCEFC, 0xC6BB, 0xB63A, 0xADD9, 0xADF9, 0xADF9,
    0xA5D8, 0xAE1A, 0x6BB0, 0x0000, 0x0000, 0x0000, 0x0000, 0x0000, 0x0000, 0x0000, 0x0000, 0x0000,
    0x0000, 0x0000, 0x0000, 0x0000, 0x0000, 0x0000, 0x0000, 0x0000, 0x0000, 0x0000, 0x0000, 0x0000,
    0x0000, 0x0000, 0x0000, 0x0000, 0x0000, 0x0000, 0x0000, 0x31C7, 0xB619, 0xA5D8, 0xA5D8, 0xA5D8,
    0xADD9, 0xADD8, 0xADF9, 0xB63A, 0xCEDC, 0xCEDC, 0xCEFC, 0xCEFC, 0xCF1C, 0xD71C, 0xD73D, 0x0000,
    0x0000, 0x0000, 0x0000, 0x0000, 0x0000, 0x0000, 0x0000, 0x0000, 0x0000, 0x0000, 0x0000, 0x0000,
    0x0000, 0x0000, 0x0000, 0x0000, 0x0000, 0x0000, 0x0000, 0x0000, 0x0000, 0x0000, 0x0000, 0x0000,
    0x0000, 0x0000, 0x0000, 0x0000, 0x0000, 0x0000, 0x0000, 0x0000, 0x0000, 0x0000, 0x0000, 0x0000,
    0x0000, 0x0000, 0x0000, 0x0000, 0x0000, 0x0000, 0x0000, 0x0000, 0x0000, 0x0000, 0x0000, 0x0000,
    0x0000, 0x0000, 0x0000, 0x0000, 0x7BF0, 0x0000, 0x0000, 0x0000, 0x0000, 0x0000, 0x0000, 0x0000,
    0x3A09, 0x6BF1, 0x84D5, 0x8CF6, 0x8CF6, 0x8D17, 0x8D17, 0x8D17, 0x84D6, 0x6BF1, 0x3A09, 0x0000,
    0x0000, 0x2986, 0xBE7A, 0xCF1C, 0xBE5A, 0xADD9, 0xADF8, 0xADF9, 0xADD8, 0xAE19, 0x8494, 0x0000,
    0x0000, 0x0000, 0x0000, 0x0000, 0x0000, 0x0000, 0x0000, 0x0000, 0x0000, 0x0000, 0x0000, 0x0000,
    0x0000, 0x0000, 0x0000, 0x0000, 0x0000, 0x0000, 0x0000, 0x0000, 0x0000, 0x0000, 0x0000, 0x0000,
    0x0000, 0x0000, 0x0000, 0x426A, 0xB63A, 0xA5D8, 0xA5D9, 0xA5D8, 0xADF9, 0xADF9, 0xADF9, 0xBE7A,
    0xCEFC, 0xCEDC, 0xCEFC, 0xCF1C, 0xD71C, 0xD71C, 0xD71C, 0xD73C, 0xD73D, 0x0000, 0x0000, 0x0000,
    0x0000, 0x0000, 0x0000, 0x0000, 0x0000, 0x0000, 0x0000, 0x0000, 0x0000, 0x0000, 0x0000, 0x0000,
    0x0000, 0x0000, 0x0000, 0x0000, 0x0000, 0x0000, 0x0000, 0x0000, 0x0000, 0x0000, 0x0000, 0x0000,
    0x0000, 0x0000, 0x0000, 0x0000, 0x0000, 0x0000, 0x0000, 0x0000, 0x0000, 0x0000, 0x0000, 0x0000,
    0x0000, 0x0000, 0x0000, 0x0000, 0x0000, 0x0000, 0x0000, 0x0000, 0x0000, 0x0000, 0xCEBA, 0x39E8,
    0x0000, 0x0000, 0x0000, 0x0000, 0x0000, 0x0000, 0x29A7, 0x7433, 0x8D17, 0x84D6, 0x84B5, 0x8CF6,
    0x9537, 0x9D77, 0x9D77, 0x9D77, 0x9557, 0x9537, 0x8D37, 0x6C12, 0x31C8, 0x0000, 0x2104, 0xBE7A,
    0xCEDC, 0xADD8, 0xADF8, 0xADD8, 0xADD8, 0xADF9, 0x8D16, 0x0882, 0x0000, 0x0000, 0x0000, 0x0000,
    0x0000, 0x0000, 0x0000, 0x0000, 0x0000, 0x0000, 0x0000, 0x0000, 0x0000, 0x0000, 0x0000, 0x0000,
    0x0000, 0x0000, 0x0000, 0x0000, 0x0000, 0x0000, 0x0000, 0x0000, 0x0000, 0x0000, 0x0000, 0x52CC,
    0xB63A, 0xA5B8, 0xADF9, 0xA5D8, 0xADF9, 0xADF9, 0xB619, 0xC6BB, 0xCEFC, 0xCEFC, 0xCEFC, 0xCEFC,
    0xD71C, 0xD71C, 0xD73D, 0x0000, 0x0000, 0x0000, 0xCE9A, 0xBE39, 0xBE39, 0xCE9A, 0x0000, 0x0000,
    0x0000, 0x0000, 0x0000, 0x0000, 0x0000, 0x0000, 0x0000, 0x0000, 0x0000, 0x0000, 0x0000, 0x0000,
    0x0000, 0x0000, 0x0000, 0x0000, 0x0000, 0x0000, 0x0000, 0x0000, 0x0000, 0x0000, 0x0000, 0x0000,
    0x0000, 0x0000, 0x0000, 0x0000, 0x0000, 0x0000, 0x0000, 0x0000, 0x0000, 0x0000, 0x0000, 0x0000,
    0x0000, 0x0000, 0x0000, 0x0000, 0x0000, 0xADB6, 0x10A3, 0x0000, 0x0000, 0x0000, 0x0000, 0x0000,
    0x0000, 0x530D, 0x8CF7, 0x84B6, 0x84B5, 0x9556, 0xA5B8, 0xADF9, 0xADF9, 0xB619, 0xB619, 0xADF9,
    0xADF9, 0xADD8, 0xA5B8, 0x9D98, 0x9537, 0x5B2E, 0x0000, 0x2125, 0xC6BB, 0xB639, 0xADD8, 0xADD8,
    0xA5D8, 0xADD9, 0x9557, 0x1904, 0x0000, 0x0000, 0x0000, 0x0000, 0x0000, 0x0000, 0x0000, 0x0000,
    0x0000, 0x0000, 0x0000, 0x0000, 0x0000, 0x0000, 0x0000, 0x0000, 0x0000, 0x0000, 0x0000, 0x0000,
    0x0000, 0x0000, 0x0000, 0x0000, 0x0000, 0x0000, 0x0000, 0x52EC, 0xB63A, 0xA5B8, 0xADD9, 0xADD8,
    0xADF9, 0xADF9, 0xB63A, 0xCEDC, 0xCEFC, 0xCEFC, 0xCEFC, 0xCEFC, 0xCEFC, 0x0000, 0x0000, 0x9D34,
    0x52AB, 0x2124, 0x0000, 0x0000, 0x0000, 0x0000, 0x18C3, 0x39C7, 0x6B6D, 0xA535, 0xD6FC, 0x0000,
    0x0000, 0x0000, 0x0000, 0x0000, 0x0000, 0x0000, 0x0000, 0x0000, 0x0000, 0x0000, 0x0000, 0x0000,
    0x0000, 0x0000, 0x0000, 0x0000, 0x0000, 0x0000, 0x0000, 0x0000, 0x0000, 0x0000, 0x0000, 0x0000,
    0x0000, 0x0000, 0x0000, 0x0000, 0x0000, 0x0000, 0x0000, 0x0000, 0x0000, 0x0000, 0x0000, 0x0000,
    0x8CB2, 0x0000, 0x0000, 0x0000, 0x0000, 0x0000, 0x0000, 0x10C3, 0x7412, 0x8D17, 0x7C95, 0x9516,
    0xADD8, 0xB619, 0xADF9, 0xADF8, 0xADD9, 0xADF9, 0xADF9, 0xADD8, 0xA5D8, 0xADF9, 0xADF9, 0xADF8,
    0xADD8, 0xA5D9, 0x7C53, 0x0862, 0x3A08, 0xC6BB, 0xA5B8, 0xADD8, 0xADD8, 0xA5D8, 0x9D98, 0x29A7,
    0x0000, 0x0000, 0x0000, 0x0000, 0x0000, 0x0000, 0x0000, 0x0000, 0x0000, 0x0000, 0x0000, 0x0000,
    0x0000, 0x0000, 0x0000, 0x0000, 0x0000, 0x0000, 0x0000, 0x0000, 0x0000, 0x0000, 0x0000, 0x0000,
    0x0000, 0x0000, 0x0000, 0x5B2D, 0xB63A, 0xA5B8, 0xA5D8, 0xA5D8, 0xADF9, 0xADF9, 0xBE7A, 0xCEFC,
    0xCEDC, 0xCEFC, 0xCEFC, 0xCF1C, 0x0000, 0x9D35, 0x2986, 0x0000, 0x0000, 0x0000, 0x0000, 0x0000,
    0x0000, 0x0000, 0x0000, 0x0000, 0x0000, 0x0000, 0x10A2, 0x52AA, 0xA555, 0x0000, 0x0000, 0x0000,
    0x0000, 0x0000, 0x0000, 0x0000, 0x0000, 0x0000, 0x0000, 0x0000, 0x0000, 0x0000, 0x0000, 0x0000,
    0x0000, 0x0000, 0x0000, 0x0000, 0x0000, 0x0000, 0x0000, 0x0000, 0x0000, 0x0000, 0x0000, 0x0000,
    0x0000, 0x0000, 0x0000, 0x0000, 0x0000, 0x0000, 0x0000, 0x7C10, 0x0000, 0x0000, 0x0000, 0x0000,
    0x0000, 0x0000, 0x1905, 0x7C74, 0x84F6, 0x7C95, 0x9D77, 0xAE19, 0xADF9, 0xADF9, 0xADF9, 0xADF9,
    0xADF9, 0xADD9, 0xADD8, 0xADF9, 0xADD8, 0xADD8, 0xADD9, 0xADD8, 0xADF9, 0xADF8, 0xAE19, 0x9536,
    0x10C4, 0x6B8E, 0xBE5B, 0xA5B8, 0xADD8, 0xA5B8, 0x9DB8, 0x3A2A, 0x0000, 0x0000, 0x0000, 0x0000,
    0x0000, 0x0000, 0x0000, 0x0000, 0x0000, 0x0000, 0x0000, 0x0000, 0x0000, 0x0000, 0x0000, 0x0000,
    0x0000, 0x0000, 0x0000, 0x0000, 0x0000, 0x0000, 0x0000, 0x0000, 0x0000, 0x0000, 0x0000, 0x5B2D,
    0xB61A, 0xA5B8, 0xA5D8, 0xADD9, 0xADF9, 0xADF9, 0xBE7A, 0xCEDC, 0xCEDC, 0xCEDC, 0xD71D, 0xD71D,
    0x5B2D, 0x0000, 0x0000, 0x0000, 0x0000, 0x0000, 0x0000, 0x0000, 0x0000, 0x0000, 0x0000, 0x0000,
    0x0000, 0x0000, 0x0000, 0x0000, 0x0000, 0x2124, 0x7C10, 0xD6FC, 0x0000, 0x0000, 0x0000, 0x0000,
    0x0000, 0x0000, 0x0000, 0x0000, 0x0000, 0x0000, 0x0000, 0x0000, 0x0000, 0x0000, 0x0000, 0x0000,
    0x0000, 0x0000, 0x0000, 0x0000, 0x0000, 0x0000, 0x0000, 0x0000, 0x0000, 0x0000, 0x0000, 0x0000,
    0x0000, 0x0000, 0x6B6D, 0x0000, 0x0000, 0x0000, 0x0000, 0x0000, 0x0000, 0x2166, 0x8495, 0x84D6,
    0x7C95, 0xA598, 0xB619, 0xADF9, 0xADF9, 0xADF9, 0xADF9, 0xADF9, 0xADD9, 0xADF9, 0xADD8, 0xADF9,
    0xADF9, 0xADF9, 0xADD9, 0xADF9, 0xADF9, 0xADF9, 0xADD8, 0xB63A, 0xA597, 0x31C8, 0x9536, 0xAE19,
    0xA5B8, 0xADD8, 0xA5D9, 0x4A8C, 0x0000, 0x0000, 0x0000, 0x0000, 0x0000, 0x0000, 0x0000, 0x0000,
    0x0000, 0x0000, 0x0000, 0x0000, 0x0000, 0x0000, 0x0000, 0x0000, 0x0000, 0x0000, 0x0000, 0x0000,
    0x0000, 0x0000, 0x0000, 0x0000, 0x0000, 0x0000, 0x0000, 0x5B0D, 0xB63A, 0xA5B8, 0xADD9, 0xADF9,
    0xADF9, 0xADF9, 0xC69B, 0xCEDC, 0xC6DB, 0xCF1D, 0xCEDB, 0x39E8, 0x0000, 0x0000, 0x0000, 0x1082,
    0x29A7, 0x426B, 0x4ACC, 0x4AAC, 0x3A2A, 0x2146, 0x0000, 0x0000, 0x0000, 0x0000, 0x0000, 0x0000,
    0x0000, 0x0000, 0x0000, 0x10A2, 0x73AF, 0xD6DB, 0x0000, 0x0000, 0x0000, 0x0000, 0x0000, 0x0000,
    0x0000, 0x0000, 0x0000, 0x0000, 0x0000, 0x0000, 0x0000, 0x0000, 0x0000, 0x0000, 0x0000, 0x0000,
    0x0000, 0x0000, 0x0000, 0x0000, 0x0000, 0x0000, 0x0000, 0x0000, 0x0000, 0x632C, 0x0000, 0x0000,
    0x0000, 0x0000, 0x0000, 0x0000, 0x2146, 0x84D5, 0x84D6, 0x7C95, 0xA598, 0xB619, 0xADF9, 0xADF9,
    0xADF9, 0xADF9, 0xADF9, 0xADF9, 0xADF9, 0xADF9, 0xADD8, 0xADD9, 0xADF9, 0xADF9, 0xADF9, 0xADF9,
    0xADF9, 0xADF9, 0xADF9, 0xA5D8, 0xB63A, 0x9D56, 0x7C31, 0xAE19, 0xA5B8, 0xA5D8, 0xA5D9, 0x530E,
    0x0000, 0x0000, 0x0000, 0x0000, 0x0000, 0x0000, 0x0000, 0x0000, 0x0000, 0x0000, 0x0000, 0x0000,
    0x0000, 0x0000, 0x0000, 0x0000, 0x0000, 0x0000, 0x0000, 0x0000, 0x0000, 0x0000, 0x0000, 0x0000,
    0x0000, 0x0000, 0x0000, 0x530D, 0xB63A, 0xADD8, 0xADF9, 0xADF9, 0xADF9, 0xB619, 0xC6BB, 0xCEDB,
    0xCEFC, 0xCEDC, 0x31A6, 0x0000, 0x0000, 0x2125, 0x5B4E, 0x7C74, 0x84D6, 0x84F6, 0x8CF6, 0x8CF6,
    0x8CF6, 0x8CF6, 0x7C74, 0x5B2E, 0x2166, 0x0000, 0x0000, 0x0000, 0x0000, 0x0000, 0x0000, 0x0000,
    0x0000, 0x10A2, 0x73CF, 0x0000, 0x0000, 0x0000, 0x0000, 0x0000, 0x0000, 0x0000, 0x0000, 0x0000,
    0x0000, 0x0000, 0x0000, 0x0000, 0x0000, 0x0000, 0x0000, 0x0000, 0x0000, 0x0000, 0x0000, 0x0000,
    0x0000, 0x0000, 0x0000, 0x0000, 0x634D, 0x0000, 0x0000, 0x0000, 0x0000, 0x0000, 0x0000, 0x1905,
    0x84B5, 0x84D6, 0x7C95, 0x9D77, 0xB619, 0xADF9, 0xADF9, 0xADF9, 0xADF9, 0xADF9, 0xADF9, 0xADF9,
    0xADF9, 0xADF9, 0xADD8, 0xADF9, 0xADF9, 0xADF9, 0xADF9, 0xADF9, 0xADF9, 0xADF9, 0xADF9, 0xADF9,
    0xADD8, 0xADF9, 0xADD8, 0xA5D8, 0xADD9, 0xA5B8, 0x9DB8, 0x636F, 0x0000, 0x0000, 0x0000, 0x0000,
    0x0000, 0x0000, 0x0000, 0x0000, 0x0000, 0x0000, 0x0000, 0x0000, 0x0000, 0x0000, 0x0000, 0x0000,
    0x0000, 0x0000, 0x0000, 0x0000, 0x0000, 0x0000, 0x0000, 0x0000, 0x0000, 0x0000, 0x0000, 0x52CC,
    0xB63A, 0xADD8, 0xADF9, 0xADF9, 0xADF9, 0xB619, 0xC6DB, 0xC6DB, 0xD71C, 0x4229, 0x0000, 0x0000,
    0x4ACD, 0x84B6, 0x84F6, 0x8CD6, 0x8CF6, 0x8D16, 0x9516, 0x8D16, 0x8CD5, 0x84B5, 0x84B5, 0x8CF6,
    0x8CF6, 0x6BD1, 0x31A7, 0x0000, 0x0000, 0x0000, 0x0000, 0x0000, 0x0000, 0x0000, 0x0000, 0x18E3,
    0x94D3, 0x0000, 0x0000, 0x0000, 0x0000, 0x0000, 0x0000, 0x0000, 0x0000, 0x0000, 0x0000, 0x0000,
    0x0000, 0x0000, 0x0000, 0x0000, 0x0000, 0x0000, 0x0000, 0x0000, 0x0000, 0x0000, 0x0000, 0x7C10,
    0x0000, 0x0000, 0x0000, 0x0000, 0x0000, 0x0000, 0x10C3, 0x7C74, 0x84D6, 0x7C95, 0x8D16, 0xAE19,
    0xADF9, 0xADF9, 0xAE19, 0xADF9, 0xADF9, 0xADF9, 0xADF9, 0xADF9, 0xADF9, 0xADF9, 0xADF9, 0xADF9,
    0xADF9, 0xADF9, 0xAE19, 0xAE19, 0xADF9, 0xADF9, 0xADF9, 0xADF9, 0xADF8, 0xADD8, 0xADD9, 0xADD8,
    0xA5D8, 0xA5D8, 0x9DB8, 0x63B0, 0x0000, 0x0000, 0x0000, 0x0000, 0x0000, 0x0000, 0x0000, 0x0000,
    0x0000, 0x0000, 0x0000, 0x0000, 0x0000, 0x0000, 0x0000, 0x0000, 0x0000, 0x0000, 0x0000, 0x0000,
    0x0000, 0x0000, 0x0000, 0x0000, 0x0000, 0x0000, 0x0000, 0x4A8B, 0xB61A, 0xADD8, 0xADD8, 0xADF9,
    0xADF9, 0xB63A, 0xC6BB, 0xD73D, 0x6B8E, 0x0000, 0x10A3, 0x6BD1, 0x8D17, 0x9516, 0xA597, 0xADF9,
    0xAE19, 0xB619, 0xAE19, 0xADF9, 0xADF9, 0xADD8, 0x9D77, 0x8CF5, 0x7C95, 0x84D6, 0x8CF6, 0x63B0,
    0x2125, 0x0000, 0x0000, 0x0000, 0x0000, 0x0000, 0x0000, 0x0000, 0x0000, 0x39E8, 0xBE38, 0x0000,
    0x0000, 0x0000, 0x0000, 0x0000, 0x0000, 0x0000, 0x0000, 0x0000, 0x0000, 0x0000, 0x0000, 0x0000,
    0x0000, 0x0000, 0x0000, 0x0000, 0xD73C, 0x0000, 0xAD96, 0x0000, 0x0000, 0x0000, 0x0000, 0x0000,
    0x0000, 0x0000, 0x7433, 0x84D6, 0x7C95, 0x84D5, 0xADF8, 0xAE19, 0xADF9, 0xADD8, 0xADD8, 0xADD8,
    0xADF9, 0xADF9, 0xADF9, 0xADF9, 0xADF9, 0xADD8, 0xADF9, 0xADF9, 0xADF9, 0xADF9, 0xADF9, 0xADF9,
    0xADF9, 0xADF9, 0xADF9, 0xADF9, 0xADF8, 0xADF9, 0xADD9, 0xADD8, 0xA5D8, 0xA5D8, 0x9D98, 0x6BD1,
    0x0000, 0x0000, 0x0000, 0x0000, 0x0000, 0x0000, 0x0000, 0x0000, 0x0000, 0x0000, 0x0000, 0x0000,
    0x0000, 0x0000, 0x0000, 0x0000, 0x0000, 0x0000, 0x0000, 0x0000, 0x0000, 0x0000, 0x0000, 0x0000,
    0x0000, 0x0000, 0x0000, 0x3A2A, 0xAE1A, 0xADD8, 0xADF9, 0xADF9, 0xADF9, 0xB619, 0xD71D, 0xA597,
    0x0000, 0x10A3, 0x7433, 0x9557, 0xA5B8, 0xB619, 0xADF9, 0xADF9, 0xADF9, 0xADF9, 0xADF8, 0xADF9,
    0xADF9, 0xADF9, 0xAE19, 0xADF9, 0xA598, 0x8CF6, 0x7C94, 0x84D6, 0x84D6, 0x52ED, 0x0000, 0x0000,
    0x0000, 0x0000, 0x0000, 0x0000, 0x0000, 0x0000, 0x0000, 0x73EF, 0x0000, 0x0000, 0x0000, 0x0000,
    0x0000, 0x0000, 0x0000, 0x0000, 0x0000, 0x0000, 0x0000, 0x0000, 0x0000, 0x0000, 0x0000, 0x0000,
    0xD71C, 0x0000, 0x3A08, 0x0000, 0x0000, 0x0000, 0x0000, 0x0000, 0x0000, 0x6BD1, 0x8CF6, 0x7C95,
    0x7CB5, 0x9537, 0x9D77, 0x8D16, 0x84D6, 0x84D5, 0x84D5, 0x84B5, 0x84B5, 0x8CF6, 0x9558, 0xA5D9,
    0xAE19, 0xADF8, 0xADD8, 0xADF9, 0xADF9, 0xADF9, 0xADF9, 0xADF9, 0xADF9, 0xADF9, 0xADF9, 0xADF9,
    0xADF9, 0xADF9, 0xADF9, 0xADD8, 0xA5B8, 0xA5D8, 0x9D98, 0x7412, 0x0000, 0x0000, 0x0000, 0x0000,
    0x0000, 0x0000, 0x0000, 0x0000, 0x0000, 0x0000, 0x0000, 0x0000, 0x0000, 0x0000, 0x0000, 0x0000,
    0x0000, 0x0000, 0x0000, 0x0000, 0x0000, 0x0000, 0x0000, 0x0000, 0x0000, 0x0000, 0x0000, 0x31C8,
    0xADF9, 0xADD9, 0xADF9, 0xADF9, 0xADF9, 0xB63A, 0xD71D, 0x31A6, 0x0000, 0x7433, 0x9D98, 0xADD8,
    0xADF9, 0xADF9, 0xADF9, 0xADF9, 0xADF9, 0xADF9, 0xADF9, 0xADF9, 0xADF9, 0xADF9, 0xADF8, 0xADF8,
    0xADF9, 0xADF9, 0x9D77, 0x7CB5, 0x7C95, 0x8D17, 0x7C53, 0x2987, 0x0000, 0x0000, 0x0000, 0x0000,
    0x0000, 0x0000, 0x0000, 0x0000, 0x4A69, 0x0000, 0x0000, 0x0000, 0x0000, 0x0000, 0x0000, 0x0000,
    0x0000, 0x0000, 0x0000, 0x0000, 0x0000, 0x0000, 0x0000, 0xD71D, 0xD73D, 0xC6BB, 0x10A2, 0x0000,
    0x0000, 0x0000, 0x0000, 0x0000, 0x6390, 0x8CF6, 0x7C95, 0x84B5, 0x84B5, 0x84B5, 0x7C95, 0x7474,
    0x84D5, 0x8494, 0x7411, 0x636F, 0x52ED, 0x426B, 0x3A29, 0x426B, 0x6390, 0x8D16, 0xAE1A, 0xAE19,
    0xADF9, 0xADF9, 0xADF9, 0xADF9, 0xADF9, 0xADF9, 0xADF9, 0xADF9, 0xADF9, 0xADD9, 0xADD8, 0xADD9,
    0xA5D8, 0xA5D8, 0x9D78, 0x7433, 0x0000, 0x0000, 0x0000, 0x0000, 0x0000, 0x0000, 0x0000, 0x0000,
    0x0000, 0x0000, 0x0000, 0x0000, 0x0000, 0x0000, 0x0000, 0x0000, 0x0000, 0x0000, 0x0000, 0x0000,
    0x0000, 0x0000, 0x0000, 0x0000, 0x0000, 0x0000, 0x0000, 0x2987, 0xA5B9, 0xADF9, 0xADD9, 0xADF9,
    0xA5D8, 0xC69B, 0x8CD3, 0x0000, 0x6370, 0xA5B9, 0xADD8, 0xADF9, 0xADF9, 0xADF9, 0xADF9, 0xADF9,
    0xADF9, 0xADF9, 0xADF9, 0xADF9, 0xADF9, 0xADF8, 0xADF9, 0xADF9, 0xADF9, 0xADF9, 0xB619, 0xA5B8,
    0x84D6, 0x7C95, 0x84D6, 0x8CF6, 0x530D, 0x0000, 0x0000, 0x0000, 0x0000, 0x0000, 0x0000, 0x0000,
    0x0000, 0x632D, 0x0000, 0xD71C, 0xD73D, 0x0000, 0xD73D, 0xD73D, 0x0000, 0x0000, 0xD73D, 0xD71D,
    0xD73D, 0xD73D, 0xD71D, 0xD71C, 0xCF1C, 0xCEDC, 0x18C3, 0x0000, 0x0000, 0x0000, 0x0000, 0x6390,
    0x8CF6, 0x7C95, 0x84B5, 0x84B5, 0x84D6, 0x7C95, 0x7C94, 0xADD9, 0xCEBB, 0xCEDB, 0xD6FC, 0xD6FC,
    0xD6FC, 0xC6BB, 0xB5F8, 0x8CB2, 0x52CB, 0x29A7, 0x4AAC, 0x9D77, 0xB65A, 0xADF9, 0xADF9, 0xADF9,
    0xADF9, 0xADF9, 0xADF9, 0xADD8, 0xADD9, 0xADD9, 0xADD9, 0xADD9, 0xA5B8, 0xADD9, 0x9557, 0x7433,
    0x0000, 0x0000, 0x0000, 0x0000, 0x0000, 0x0000, 0x0000, 0x0000, 0x0000, 0x0000, 0x0000, 0x0000,
    0x0000, 0x0000, 0x0000, 0x0000, 0x0000, 0x0000, 0x0000, 0x0000, 0x0000, 0x0000, 0x0000, 0x0000,
    0x0000, 0x0000, 0x0000, 0x1925, 0x9D78, 0xADF9, 0xADD9, 0xADD8, 0xA5D8, 0xBE9B, 0x2986, 0x3A09,
    0xADF9, 0xA5B8, 0xA5D8, 0xADF9, 0xADF9, 0xADF9, 0xADF9, 0xADF9, 0xADF9, 0xADF9, 0xADF9, 0xADF9,
    0xADF8, 0xADF9, 0xADF9, 0xADF9, 0xADF9, 0xADF9, 0xADD9, 0xADF9, 0xADD8, 0x8CF6, 0x7C95, 0x84B5,
    0x8D17, 0x7412, 0x2145, 0x0000, 0x0000, 0x0000, 0x0000, 0x0000, 0x0000, 0x0000, 0xC69A, 0x0000,
    0xD71C, 0xD73D, 0xD71C, 0xD73D, 0xD73D, 0xD71D, 0xD71C, 0xD71C, 0xD71C, 0xD71C, 0xD71C, 0xCEFC,
    0xCEDC, 0x0000, 0x7C31, 0x0000, 0x0000, 0x2966, 0x7413, 0x8CF6, 0x7C95, 0x84B5, 0x7C95, 0x84F6,
    0x7453, 0x7BF1, 0xC65A, 0x0000, 0x0000, 0x0000, 0x0000, 0x0000, 0xD71D, 0xD73D, 0x0000, 0x0000,
    0x0000, 0xBE59, 0x6B6E, 0x2987, 0x7412, 0xBE5A, 0xADF9, 0xADF9, 0xADF9, 0xADF9, 0xADF9, 0xADD8,
    0xADD9, 0xADD8, 0xB61A, 0x94F5, 0x9D56, 0xADF9, 0x8D16, 0x7433, 0x0000, 0x0000, 0x0000, 0x0000,
    0x0000, 0x0000, 0x0000, 0x0000, 0x0000, 0x0000, 0x0000, 0x0000, 0x0000, 0x0000, 0x0000, 0x0000,
    0x0000, 0x0000, 0x0000, 0x0000, 0x0000, 0x0000, 0x0000, 0x0000, 0x0000, 0x0000, 0x0000, 0x10A3,
    0x9536, 0xB619, 0xADD9, 0xADD8, 0xB63A, 0x8CD4, 0x2125, 0xA5B8, 0xA5D8, 0xA5D8, 0xA5D8, 0xADD8,
    0xADD9, 0xADD9, 0xADF9, 0xAE19, 0xADF9, 0xADF9, 0xADF9, 0xADF9, 0xADF9, 0xADF9, 0xADF9, 0xADF9,
    0xB619, 0xADF9, 0xADF9, 0xADF8, 0xADF9, 0xADF9, 0x8D16, 0x7CB5, 0x7C95, 0x84D6, 0x84D6, 0x4AAC,
    0x0000, 0x0000, 0x0000, 0x0000, 0x0000, 0x0000, 0xB5F8, 0x0000, 0xD71C, 0xCEFC, 0xD71C, 0xD71C,
    0xD71C, 0xCF1C, 0xCEFC, 0xCEFC, 0xCEFC, 0xCEFC, 0xCEFC, 0xCEFC, 0xCEFC, 0xCEFC, 0xC6BB, 0x6BF2,
    0x6BF2, 0x8CF6, 0x84F6, 0x84B5, 0x84B5, 0x8495, 0x84F6, 0x6BF1, 0x62ED, 0xC63A, 0x0000, 0xD71C,
    0x0000, 0x0000, 0x0000, 0x0000, 0xD71C, 0xD73D, 0xD71C, 0xCEFC, 0xCEFC, 0xD71D, 0x0000, 0xADB7,
    0x31A7, 0x5B2E, 0xB65A, 0xADD9, 0xADF9, 0xADF9, 0xADF9, 0xADF9, 0xADD8, 0xADF9, 0xA577, 0x638F,
    0xADF9, 0xADD8, 0x8CF6, 0x7433, 0x0000, 0x0000, 0x0000, 0x0000, 0x0000, 0x0000, 0x0000, 0x0000,
    0x0000, 0x0000, 0x0000, 0x0000, 0x0000, 0x0000, 0x0000, 0x0000, 0x0000, 0x0000, 0x0000, 0x0000,
    0x0000, 0x0000, 0x0000, 0x0000, 0x0000, 0x0000, 0x0000, 0x0000, 0x84B4, 0xB619, 0xADD8, 0xADD8,
    0xBE5A, 0x5B2D, 0x7C32, 0xB63A, 0xA5B8, 0xADF9, 0xADD8, 0xADF9, 0xADF9, 0xADF9, 0xADF9, 0xAE19,
    0xAE19, 0xADF9, 0xADF9, 0xADF9, 0xADF9, 0xADF9, 0xADF9, 0xADF9, 0xA5D8, 0x9D98, 0x9537, 0x8CF6,
    0x84D6, 0x8CF6, 0x8D16, 0x84B5, 0x84B5, 0x8495, 0x84B5, 0x8D17, 0x7412, 0x29A7, 0x0000, 0x0000,
    0x0000, 0x2986, 0xD71D, 0xD71C, 0xD71D, 0xCEFC, 0xD71C, 0xD6FC, 0xCEFC, 0xCF1C, 0xCEFC, 0xCEFC,
    0xCEFC, 0xCEFC, 0xCEFC, 0xCEFC, 0xCEFC, 0xD71D, 0x9536, 0x84B5, 0x84F6, 0x84B5, 0x84B5, 0x84B5,
    0x84B5, 0x84F6, 0x6BF1, 0x4A4A, 0xBDB8, 0xD73D, 0xD6FC, 0xD71C, 0x0000, 0x0000, 0x0000, 0x0000,
    0x0000, 0xD6DC, 0xCEBB, 0xCEDC, 0xD71D, 0x0000, 0xD71C, 0x0000, 0xCE9B, 0x4A2A, 0x5B2D, 0xB65A,
    0xADF9, 0xADF9, 0xADF9, 0xADF9, 0xADD8, 0xB65A, 0x4A8B, 0x8493, 0xB63A, 0x9D57, 0x84B5, 0x7433,
    0x0000, 0x0000, 0x0000, 0x0000, 0x0000, 0x0000, 0x0000, 0x0000, 0x0000, 0x0000, 0x0000, 0x0000,
    0x0000, 0x0000, 0x0000, 0x0000, 0x0000, 0x0000, 0x0000, 0x0000, 0x0000, 0x0000, 0x0000, 0x0000,
    0x0000, 0x0000, 0x0000, 0x0000, 0x7432, 0xAE19, 0xADD8, 0xADF9, 0xADD8, 0x7C32, 0xADF9, 0xADD8,
    0xADD8, 0xADD8, 0xADF9, 0xADF9, 0xADF9, 0xADF9, 0xADF9, 0xADF9, 0xADF9, 0xADF9, 0xADF9, 0xADF9,
    0xADF9, 0xADF9, 0x9D98, 0x84D5, 0x6C13, 0x6BD2, 0x7433, 0x7C95, 0x84B5, 0x7C74, 0x7C95, 0x84D6,
    0x84B5, 0x84B5, 0x84B5, 0x8495, 0x84D6, 0x84F6, 0x6BF2, 0x4AAC, 0x4AAC, 0x8494, 0xCEFC, 0xD71C,
    0xD6FC, 0xD71C, 0xD6FC, 0xD6FC, 0xCEFC, 0xCF1C, 0xCEFC, 0xCEFC, 0xCEFC, 0xCEFC, 0xCEDC, 0xCEFC,
    0xD71D, 0xBE5A, 0x7433, 0x84B5, 0x84B5, 0x84B5, 0x84B5, 0x84B5, 0x84D6, 0x7C74, 0x39E8, 0x0000,
    0xCE9B, 0xCEFC, 0x0000, 0x0000, 0xCEBB, 0xA535, 0x6B8E, 0x4229, 0x2966, 0x20E4, 0x18E4, 0x2125,
    0x31A7, 0x5A8B, 0x83D0, 0xA4F5, 0xC63A, 0xC61A, 0x5A8C, 0x73F0, 0xB65A, 0xADF9, 0xADF9, 0xADF9,
    0xBE7B, 0x5B0D, 0x4A8B, 0xBE7B, 0x9D77, 0x7C74, 0x84B6, 0x7412, 0x0000, 0x0000, 0x0000, 0x0000,
    0x0000, 0x0000, 0x0000, 0x0000, 0x0000, 0x0000, 0x0000, 0x0000, 0x0000, 0x0000, 0x0000, 0x0000,
    0x0000, 0x0000, 0x0000, 0x0000, 0x0000, 0x0000, 0x0000, 0x0000, 0x0000, 0x0000, 0x0000, 0x0000,
    0x6390, 0xADD9, 0xADD8, 0xADF9, 0xADD8, 0xADD8, 0xADF9, 0xADF9, 0xADF9, 0xADF8, 0xADF9, 0xADF9,
    0xADF9, 0xADF8, 0xADF9, 0xADF9, 0xADF9, 0xADF9, 0xADF8, 0xADF9, 0x9D98, 0x6BF2, 0x428B, 0x4A8B,
    0x6BAF, 0x94F4, 0xB5F8, 0xC69B, 0xC6BB, 0xB63A, 0x8CB4, 0x6BF2, 0x7CB5, 0x8CF6, 0x84B5, 0x84B5,
    0x84B5, 0x8495, 0x84D6, 0x8D17, 0x8D17, 0x84B5, 0x8D15, 0xD71D, 0xD71C, 0xCEFC, 0xD6FC, 0xCEFC,
    0xCEFC, 0xCF1C, 0xCEFC, 0xCEFC, 0xCEFC, 0xCEFC, 0xCEDC, 0xCEDC, 0xD75D, 0x8493, 0x7453, 0x84D6,
    0x84B5, 0x84B5, 0x84B5, 0x7CB5, 0x8CF6, 0x3A2A, 0x8390, 0xBD98, 0xCEDC, 0x0000, 0xBE39, 0x6B4D,
    0x18C3, 0x0000, 0x0000, 0x0000, 0x0000, 0x0000, 0x0000, 0x0000, 0x0000, 0x0000, 0x0000, 0x0000,
    0x2925, 0x6B0E, 0x9C75, 0x7390, 0x9D36, 0xADD9, 0xA598, 0xA5D9, 0x636F, 0x31A7, 0x8494, 0x636F,
    0x5B4F, 0x84D5, 0x84D6, 0x6C12, 0x0000, 0x0000, 0x0000, 0x0000, 0x0000, 0x0000, 0x0000, 0x0000,
    0x0000, 0x0000, 0x0000, 0x0000, 0x0000, 0x0000, 0x0000, 0x0000, 0x0000, 0x0000, 0x0000, 0x0000,
    0x0000, 0x0000, 0x0000, 0x0000, 0x0000, 0x0000, 0x0000, 0x0000, 0x52ED, 0xA5B8, 0xADF8, 0xADD8,
    0xADD9, 0xADF9, 0xADF8, 0xADF9, 0xADF9, 0xADF9, 0xADF9, 0xADF9, 0xADF9, 0xADF9, 0xADF9, 0xADF9,
    0xADF9, 0xADF8, 0xAE19, 0x7C74, 0x31E9, 0x4A6A, 0x94F4, 0xCEDB, 0x0000, 0x0000, 0x0000, 0x0000,
    0x0000, 0xD73D, 0xD6DC, 0x9CF5, 0x62ED, 0x6390, 0x8D16, 0x84D6, 0x84B5, 0x84B5, 0x84B5, 0x84B5,
    0x7C95, 0x84D6, 0x7454, 0x8CF4, 0x0000, 0xCEFC, 0xCEFC, 0xCEFC, 0xCEFC, 0xCEFC, 0xCEFC, 0xCEFC,
    0xCEFC, 0xCEFC, 0xCEDC, 0xCF1C, 0xC67A, 0x5B2E, 0x84D6, 0x84B5, 0x84B5, 0x84B5, 0x84B5, 0x8CF6,
    0x636F, 0x524B, 0x0000, 0xBDF9, 0xD6DC, 0x7BD0, 0x1082, 0x0000, 0x0000, 0x0000, 0x0000, 0x0000,
    0x10A2, 0xC638, 0x0000, 0x736D, 0xAD13, 0xA4B1, 0x7B8D, 0x4A28, 0x1082, 0x0000, 0x18C4, 0x62CD,
    0x8495, 0x84B6, 0x84D5, 0x52ED, 0x0000, 0x39E9, 0x4AAB, 0x7411, 0xA5B7, 0xAE19, 0x9536, 0x7412,
    0x0000, 0x0000, 0x0000, 0x0000, 0x0000, 0x0000, 0x0000, 0x0000, 0x0000, 0x0000, 0x0000, 0x0000,
    0x0000, 0x0000, 0x0000, 0x0000, 0x0000, 0x0000, 0x0000, 0x0000, 0x0000, 0x0000, 0x0000, 0x0000,
    0x0000, 0x0000, 0x0000, 0x0000, 0x3A4A, 0x9D78, 0xADD8, 0xA5D8, 0xA5D8, 0xADD8, 0xADF9, 0xADF9,
    0xADF9, 0xADF9, 0xADF9, 0xADF9, 0xADF9, 0xADF9, 0xADF9, 0xADF9, 0xADF8, 0xAE1A, 0x5B4F, 0x2166,
    0x8CB3, 0x0000, 0x0000, 0xD73D, 0xD6FC, 0x0000, 0x0000, 0x0000, 0x0000, 0xD6FC, 0xD71C, 0x0000,
    0xBDB8, 0x6B0E, 0x426B, 0x84B5, 0x84D6, 0x84B5, 0x84B5, 0x84B5, 0x84B5, 0x84B5, 0x8CF6, 0x636F,
    0xA597, 0x0000, 0xCEDC, 0xCEFC, 0xCEFC, 0xCEFC, 0xCEFC, 0xCEFC, 0xCEFC, 0xCEFC, 0xCEDC, 0xD75E,
    0x9514, 0x530E, 0x8CF6, 0x84B5, 0x84B5, 0x84B5, 0x84B5, 0x84F6, 0x3A09, 0x8C12, 0x0000, 0xBDB8,
    0x4A4A, 0x0000, 0x0000, 0x0000, 0x0000, 0x0000, 0x0000, 0x0000, 0x0000, 0x0000, 0xC618, 0x41E7,
    0xD678, 0xDE98, 0xAD13, 0x8C0F, 0x5AAA, 0x1082, 0x0000, 0x0000, 0x18E4, 0x7433, 0x5B2F, 0x0000,
    0x2125, 0x424A, 0x6390, 0x84B4, 0x9536, 0xA5B8, 0x9557, 0x7453, 0x0000, 0x0000, 0x0000, 0x0000,
    0x0000, 0x0000, 0x0000, 0x0000, 0x0000, 0x0000, 0x0000, 0x0000, 0x0000, 0x0000, 0x0000, 0x0000,
    0x0000, 0x0000, 0x0000, 0x0000, 0x0000, 0x0000, 0x0000, 0x0000, 0x0000, 0x0000, 0x0000, 0x0000,
    0x2987, 0x9537, 0xA5D8, 0xA5D8, 0xADD9, 0xA5D9, 0xADD9, 0xADF9, 0xADF9, 0xADF9, 0xADF9, 0xADF9,
    0xADF9, 0xADF9, 0xADF9, 0xADF8, 0xB63A, 0x52ED, 0x3A08, 0xC67A, 0x0000, 0xCEFC, 0xCEDC, 0xD71C,
    0xD73D, 0x0000, 0x0000, 0x0000, 0x0000, 0x0000, 0xD71C, 0xCEFC, 0xD6FC, 0xC5D9, 0x7B90, 0x31C8,
    0x7C74, 0x84D6, 0x84B5, 0x84B5, 0x84B5, 0x84B5, 0x84D6, 0x84B5, 0x530D, 0xCEDC, 0xCEFC, 0xCEFC,
    0xCEFC, 0xCEFC, 0xCEFC, 0xCEFC, 0xCEFC, 0xCEFC, 0xCEDC, 0x0000, 0x6BAF, 0x63B1, 0x9537, 0x84B5,
    0x84B5, 0x84B5, 0x84F6, 0x6BF2, 0x4A4B, 0x0000, 0x0000, 0x39C7, 0x0000, 0x0000, 0x0000, 0x0000,
    0x0000, 0x0000, 0x0000, 0x0000, 0x0000, 0x0000, 0x0000, 0x0000, 0x2104, 0x0000, 0x0000, 0x0000,
    0x10A3, 0x2145, 0x2925, 0x2946, 0x3187, 0x7412, 0x7C53, 0x6BB1, 0x5B4F, 0x530E, 0x52ED, 0x4ACD,
    0x4ACD, 0x5B4E, 0x7453, 0x84D5, 0x18C4, 0x0000, 0x0000, 0x0000, 0x0000, 0x0000, 0x0000, 0x0000,
    0x0000, 0x0000, 0x0000, 0x0000, 0x0000, 0x0000, 0x0000, 0x0000, 0x0000, 0x0000, 0x0000, 0x0000,
    0x0000, 0x0000, 0x0000, 0x0000, 0x0000, 0x0000, 0x0000, 0x0000, 0x10E4, 0x84B5, 0xA5B8, 0xADD8,
    0xADD9, 0xADD9, 0xADD9, 0xADF9, 0xADF9, 0xADF9, 0xADF9, 0xAE19, 0xADF9, 0xADF9, 0xADF8, 0xBE5A,
    0x5B4E, 0x4229, 0xD6FC, 0xD71D, 0xCEFC, 0x0000, 0x0000, 0x0000, 0xCEBB, 0xBE18, 0xB5B7, 0xB5B7,
    0xB5B7, 0xBE59, 0xD71C, 0x0000, 0x0000, 0xCEBB, 0x0000, 0x83B1, 0x31A7, 0x84B5, 0x84D6, 0x84B5,
    0x84B5, 0x84B5, 0x84B5, 0x8D17, 0x5B4F, 0x7C51, 0x0000, 0xCEDC, 0xCEFC, 0xCF1C, 0xCF1C, 0xD71C,
    0xD71C, 0xCEFC, 0xCEFC, 0xD71C, 0x4AAB, 0x7C74, 0xADF9, 0x9D97, 0x7C95, 0x84B5, 0x8CF6, 0x5B2E,
    0x734F, 0x0000, 0x4A09, 0x0000, 0x39A6, 0x0000, 0x0000, 0x0000, 0x0000, 0x0000, 0x0000, 0x0000,
    0x0000, 0x0000, 0x1082, 0x31A6, 0x52CB, 0x8451, 0x0000, 0xB5D8, 0xB597, 0x9C95, 0x83D3, 0x8C34,
    0xB5FA, 0xBE7B, 0xBE7B, 0xB63A, 0x9535, 0x73F0, 0x5B4E, 0x6390, 0x7C95, 0x84B5, 0x7C74, 0x8CF6,
    0x31C8, 0x0000, 0x0000, 0x0000, 0x0000, 0x0000, 0x0000, 0x0000, 0x0000, 0x0000, 0x0000, 0x0000,
    0x0000, 0x0000, 0x0000, 0x0000, 0x0000, 0x0000, 0x0000, 0x0000, 0x0000, 0x0000, 0x0000, 0x0000,
    0x0000, 0x0000, 0x0000, 0x0000, 0x0000, 0x7433, 0x9D98, 0xADF9, 0xA5D8, 0xADF9, 0xADF9, 0xADF9,
    0xADF9, 0xADF9, 0xADF9, 0xADF9, 0xADF9, 0xADF8, 0xB65A, 0x8493, 0x31A8, 0xC69B, 0xCF1C, 0xD71C,
    0xD6DC, 0xAD97, 0x73AF, 0x39E8, 0x18C3, 0x0000, 0x0000, 0x0000, 0x0000, 0x0000, 0x3166, 0x6B2D,
    0x0000, 0xD6FC, 0xC619, 0x0000, 0x734F, 0x3A2A, 0x8CF6, 0x84B5, 0x84B5, 0x84B5, 0x84D6, 0x9557,
    0x84B5, 0x424A, 0xC6BB, 0xD71D, 0xCF1C, 0xD71C, 0xD71C, 0xD71D, 0xD71C, 0xD71C, 0xD73D, 0xBE7A,
    0x3A4A, 0x9D77, 0xADF8, 0xADF9, 0x9536, 0x7C95, 0x84D6, 0x5B0E, 0x9454, 0x6B0D, 0x0000, 0x4207,
    0xDE78, 0x39E7, 0x0000, 0x0000, 0x0000, 0x0000, 0x0000, 0x31A6, 0x73AE, 0xAD96, 0xD6DB, 0x0000,
    0x0000, 0xC63A, 0xBD98, 0x0000, 0x9455, 0x6B0F, 0x6B2E, 0xBE39, 0xCEFC, 0xD6FC, 0xCEFC, 0xD71C,
    0x0000, 0xD73D, 0xBE59, 0x8CD3, 0x5B2E, 0x5B70, 0x7C95, 0x8CF7, 0x5B2E, 0x0000, 0x0000, 0x0000,
    0x0000, 0x0000, 0x0000, 0x0000, 0x0000, 0x0000, 0x0000, 0x0000, 0x0000, 0x0000, 0x0000, 0x0000,
    0x0000, 0x0000, 0x0000, 0x0000, 0x0000, 0x0000, 0x0000, 0x0000, 0x0000, 0x0000, 0x0000, 0x0000,
    0x0000, 0x6390, 0x9557, 0xADD8, 0xADD8, 0x84B3, 0xADF9, 0xADF9, 0xADF9, 0xADF9, 0xADF9, 0xADF9,
    0xADF9, 0xB619, 0xADF8, 0x4209, 0xA536, 0xD71D, 0xC619, 0x8C32, 0x39A7, 0x0000, 0x0000, 0x0000,
    0x0000, 0x0000, 0x0000, 0x0000, 0x0000, 0x0000, 0x0000, 0x0000, 0x0000, 0x41E8, 0x9C93, 0x0000,
    0x0000, 0x528C, 0x5B4F, 0x8CF7, 0x84B5, 0x7CB5, 0x9557, 0xB619, 0xADF9, 0x4ACD, 0x7C31, 0x0000,
    0xD71C, 0xD71D, 0xD71D, 0xD73D, 0xD71D, 0xD71C, 0x0000, 0xADB7, 0x426A, 0xAE19, 0xADD8, 0xADF9,
    0xADD8, 0x84D6, 0x7C95, 0x6B71, 0x83D2, 0x0000, 0x2924, 0xD637, 0xDE98, 0x4A48, 0x0000, 0x0000,
    0x4208, 0x8C71, 0xC67A, 0x0000, 0x0000, 0xCE9B, 0xB5B8, 0x0000, 0xA4B5, 0xA4B5, 0x0000, 0x8C14,
    0x420A, 0x5B0C, 0xCEBB, 0xD75D, 0xD71C, 0xD71C, 0xCEFC, 0xD6FC, 0xD6FC, 0xCEFC, 0xD73D, 0x0000,
    0xD71D, 0x9D56, 0x6BD1, 0x7C74, 0x8495, 0x10A3, 0x0000, 0x0000, 0x0000, 0x0000, 0x0000, 0x0000,
    0x0000, 0x0000, 0x0000, 0x0000, 0x0000, 0x0000, 0x0000, 0x0000, 0x0000, 0x0000, 0x0000, 0x0000,
    0x0000, 0x0000, 0x0000, 0x0000, 0x0000, 0x0000, 0x0000, 0x0000, 0x0000, 0x428B, 0x8CF6, 0x9D97,
    0xB619, 0x8CB4, 0x638E, 0xB65A, 0xADF9, 0xADD8, 0xADF9, 0xADF9, 0xADD8, 0xBE5A, 0x73D0, 0x736F,
    0xCE5B, 0x9453, 0x3166, 0x0000, 0x0000, 0x41E7, 0x3186, 0x0000, 0x0000, 0x0000, 0x0000, 0x0000,
    0x0000, 0x0000, 0x0000, 0x39C7, 0x18C3, 0x0000, 0x0000, 0x5A8B, 0x0000, 0xA495, 0x422A, 0x7C94,
    0x84B5, 0x84B5, 0xADD8, 0xADF9, 0xB639, 0x8CD5, 0x4229, 0x0000, 0xD71D, 0xD71D, 0x0000, 0x0000,
    0xD73D, 0xD71C, 0x0000, 0x9D14, 0x52CC, 0xB65A, 0xADD8, 0xADF8, 0xADF9, 0x9557, 0x7C74, 0x8413,
    0x3166, 0x0000, 0x9430, 0x5AAA, 0x0000, 0x10A2, 0x738E, 0xBE39, 0x0000, 0x0000, 0xC61A, 0x0000,
    0x0000, 0x0000, 0x0000, 0x0000, 0x0000, 0xA4D6, 0x62CE, 0x2125, 0x73F0, 0x0000, 0x0000, 0xD71C,
    0xD71C, 0xD71C, 0xD71C, 0xD71C, 0xD71C, 0xD71C, 0xD6FC, 0xCEFC, 0xCEFC, 0xD73D, 0xBE7A, 0x9516,
    0x8CF7, 0x4AAC, 0x0000, 0x0000, 0x0000, 0x0000, 0x0000, 0x0000, 0x0000, 0x0000, 0x0000, 0x0000,
    0x0000, 0x0000, 0x0000, 0x0000, 0x0000, 0x0000, 0x0000, 0x0000, 0x0000, 0x0000, 0x0000, 0x0000,
    0x0000, 0x0000, 0x0000, 0x0000, 0x0000, 0x2966, 0x84D6, 0x8CF6, 0xADD8, 0xB63A, 0x638F, 0x4AAC,
    0xB619, 0xB63A, 0xADD8, 0xADF9, 0xB619, 0xA5D8, 0x7390, 0xA4B6, 0x5A8C, 0x0000, 0x0000, 0x5269,
    0xACD2, 0xE698, 0x4A28, 0x0000, 0x0000, 0x0000, 0x0000, 0x0000, 0x0000, 0x0000, 0x4208, 0x0000,
    0x0000, 0x4A28, 0x3145, 0x0000, 0x3166, 0x9C74, 0x7350, 0x638F, 0x84D6, 0x8CF5, 0xADF9, 0xADF9,
    0xADF9, 0xB63A, 0x3A2A, 0xADB7, 0x0000, 0xD71C, 0x0000, 0x0000, 0x0000, 0xD71C, 0x0000, 0x8C92,
    0x636E, 0xBE5A, 0xADD8, 0xADF8, 0xADF9, 0xA5B8, 0x84D6, 0x6B70, 0x0000, 0x1082, 0x0000, 0x1904,
    0x8451, 0xCE9B, 0xD6BC, 0xBDD9, 0x0000, 0xA4B5, 0x0000, 0x0000, 0x0000, 0x0000, 0x0000, 0x0000,
    0x6B30, 0x2946, 0x39E8, 0xADD7, 0x0000, 0x0000, 0x0000, 0x0000, 0x0000, 0x0000, 0x0000, 0x0000,
    0x0000, 0xD73D, 0xD71C, 0xCEFC, 0xCEFC, 0xCEDC, 0xCEFC, 0xBE7A, 0x9D77, 0x7C54, 0x0882, 0x0000,
    0x0000, 0x0000, 0x0000, 0x0000, 0x0000, 0x0000, 0x0000, 0x0000, 0x0000, 0x0000, 0x0000, 0x0000,
    0x0000, 0x0000, 0x0000, 0x0000, 0x0000, 0x0000, 0x0000, 0x0000, 0x0000, 0x0000, 0x0000, 0x0000,
    0x0000, 0x0882, 0x7C74, 0x8495, 0x8D16, 0xADD8, 0xBE7B, 0x6390, 0x3A09, 0x8CF5, 0xAE19, 0xA5B8,
    0x9D98, 0x8CF6, 0x8413, 0x3187, 0x0000, 0x39C6, 0x9C91, 0xC595, 0xBD74, 0xCE37, 0x4A48, 0x0000,
    0x0000, 0x0000, 0x0000, 0x0000, 0x0000, 0x0000, 0x0000, 0x7BCF, 0x7BCF, 0x9450, 0xEEB9, 0x6B0B,
    0x0000, 0x10A3, 0x7BB1, 0x6B91, 0x7C94, 0x9536, 0xB619, 0xADF8, 0xADF8, 0xBE7B, 0x6BB0, 0x73CF,
    0x0000, 0xD71C, 0x0000, 0x0000, 0x0000, 0xD71C, 0x0000, 0x8472, 0x6BD0, 0xBE7A, 0xADD8, 0xADF9,
    0xADF9, 0xADF9, 0x9D78, 0x2967, 0x0000, 0x2125, 0x7BD0, 0xC5F9, 0xC5D9, 0x0000, 0x0000, 0x0000,
    0x0000, 0x0000, 0x0000, 0x0000, 0x0000, 0x9453, 0x5A8C, 0x2126, 0x31A7, 0x94D3, 0x0000, 0x0000,
    0x0000, 0x0000, 0x0000, 0x0000, 0xE65A, 0xDDD8, 0xDDB7, 0xDDD8, 0xE639, 0x0000, 0x0000, 0xD73D,
    0xCEFC, 0xCEFC, 0xCEDC, 0xC6DB, 0xB619, 0x9D58, 0x424B, 0x0000, 0x0000, 0x0000, 0x0000, 0x0000,
    0x0000, 0x0000, 0x0000, 0x0000, 0x0000, 0x0000, 0x0000, 0x0000, 0x0000, 0x0000, 0x0000, 0x0000,
    0x0000, 0x0000, 0x0000, 0x0000, 0x0000, 0x0000, 0x0000, 0x0000, 0x0000, 0x0000, 0x6390, 0x8CD6,
    0x7C74, 0x6BD1, 0x638F, 0x7C32, 0x4AAC, 0x1082, 0x426B, 0x8495, 0x84D6, 0x7C33, 0x18E4, 0x0000,
    0x0000, 0x2104, 0x18A2, 0x0000, 0x0000, 0x0000, 0x0000, 0x0000, 0x0000, 0x0000, 0x0000, 0x0000,
    0x0000, 0x0000, 0x0000, 0x0000, 0x0000, 0x738D, 0xBDB5, 0xD678, 0x9450, 0x1081, 0x18C3, 0x7BD2,
    0x7C94, 0x9D77, 0xB619, 0xADF9, 0xADF9, 0xB639, 0x9D56, 0x52EC, 0x0000, 0xD73C, 0x0000, 0x0000,
    0x0000, 0xD71C, 0x0000, 0x8472, 0x73F0, 0xBE7B, 0xADF8, 0xADF9, 0xADF9, 0xADF8, 0xC69B, 0x634E,
    0x52AB, 0x9453, 0x9C74, 0x9412, 0x9C53, 0x0000, 0x0000, 0x0000, 0x9C73, 0x8BF2, 0x732F, 0x522A,
    0x2946, 0x2104, 0x4A8A, 0x9D34, 0x0000, 0x0000, 0x0000, 0x0000, 0x0000, 0xE67A, 0x0000, 0xD432,
    0xD3D1, 0xD3F1, 0xD3F1, 0xD3F1, 0xD3D1, 0xD412, 0x0000, 0xD639, 0xD73D, 0xCEFC, 0xC6DB, 0xCEDC,
    0xBE7B, 0xADD9, 0x7C33, 0x0000, 0x0000, 0x0000, 0x0000, 0x0000, 0x0000, 0x0000, 0x0000, 0x0000,
    0x0000, 0x0000, 0x0000, 0x0000, 0x0000, 0x0000, 0x0000, 0x0000, 0x0000, 0x0000, 0x0000, 0x0000,
    0x0000, 0x0000, 0x0000, 0x0000, 0x0000, 0x0000, 0x426B, 0x84D6, 0x9516, 0x9515, 0x7411, 0x634E,
    0x4AAC, 0x2967, 0x0000, 0x10A3, 0x7433, 0x3A09, 0x0000, 0x2105, 0x39A8, 0x4A6A, 0x738E, 0x8C72,
    0x9D14, 0xAD96, 0xB5D7, 0xB5F8, 0xBE18, 0xBE18, 0xB5D7, 0xAD96, 0x9D14, 0x8C92, 0x73CE, 0x5AEB,
    0x3A08, 0x1082, 0x0000, 0x0000, 0x39A6, 0x3165, 0x0000, 0x2946, 0x84B5, 0xA5B8, 0xB619, 0xADF9,
    0xADF9, 0xADF8, 0xB639, 0x52EC, 0xC69A, 0x0000, 0x0000, 0x0000, 0x0000, 0xD73C, 0x0000, 0x8CB2,
    0x7C11, 0xBE7A, 0xADF8, 0xADF9, 0xADF9, 0xB619, 0xCEFC, 0x0000, 0xD71D, 0xADB7, 0x8C72, 0x6B6E,
    0x52CB, 0x4A29, 0x41E8, 0x39C8, 0x39C7, 0x39C7, 0x4249, 0x636D, 0x9D14, 0xCEDB, 0x0000, 0x0000,
    0x0000, 0x0000, 0x0000, 0x0000, 0x0000, 0xDC11, 0xDC11, 0xDCB4, 0xDCD4, 0xDC53, 0xDC32, 0xDC32,
    0xDC32, 0xDC12, 0xD3D1, 0xCBD1, 0x0000, 0xD6BB, 0xCEFC, 0xCEDC, 0xC6DC, 0xB619, 0x9D78, 0x2166,
    0x0000, 0x0000, 0x0000, 0x0000, 0x0000, 0x0000, 0x0000, 0x0000, 0x0000, 0x0000, 0x0000, 0x0000,
    0x0000, 0x0000, 0x0000, 0x0000, 0x0000, 0x0000, 0x0000, 0x0000, 0x0000, 0x0000, 0x0000, 0x0000,
    0x0000, 0x0000, 0x2166, 0x84B5, 0x9D77, 0xBE5A, 0xADD9, 0x73F1, 0x4AAB, 0x4AAC, 0x4ACD, 0x636F,
    0x8D16, 0x9D57, 0x94D6, 0x83F3, 0x83F3, 0x9CB6, 0x0000, 0x0000, 0xBD78, 0xBD98, 0xBDB8, 0xBDD9,
    0xC619, 0xC63A, 0xCE5A, 0xCE7B, 0xD6BB, 0xD6DC, 0x0000, 0x0000, 0xD6FC, 0xCEBB, 0xB5B7, 0x8431,
    0x4A49, 0x2124, 0x0000, 0x0000, 0x636F, 0xBE5A, 0xADF8, 0xADF9, 0xADF9, 0xADF8, 0xBE7B, 0x6B8F,
    0xADB7, 0x0000, 0x0000, 0x0000, 0x0000, 0xD73C, 0x0000, 0x9514, 0x7C31, 0xBE7A, 0xADF9, 0xADF9,
    0xADF9, 0xBE9B, 0xD71C, 0xCEDC, 0xCEFC, 0xD75D, 0x0000, 0x0000, 0xD73D, 0xCEFC, 0xCEDB, 0xCEDB,
    0xD71C, 0x0000, 0x0000, 0x0000, 0x0000, 0x0000, 0x0000, 0x0000, 0x0000, 0x0000, 0x0000, 0xDCB3,
    0xDC11, 0xDC73, 0xED97, 0xF67A, 0xF67A, 0xED97, 0xDC52, 0xDC12, 0xDC32, 0xDC32, 0xD432, 0xD412,
    0xCB90, 0xCC52, 0xCEBB, 0xCEFC, 0xCEDC, 0xB63A, 0xADF9, 0x52ED, 0x0000, 0x0000, 0x0000, 0x0000,
    0x0000, 0x0000, 0x0000, 0x0000, 0x0000, 0x0000, 0x0000, 0x0000, 0x0000, 0x0000, 0x0000, 0x0000,
    0x0000, 0x0000, 0x0000, 0x0000, 0x0000, 0x0000, 0x0000, 0x0000, 0x0000, 0x0000, 0x10C3, 0x7C74,
    0x8CF6, 0x73F1, 0x424A, 0x530E, 0x6BD1, 0x5B2E, 0x8473, 0xBE7B, 0xCEDC, 0xCEDC, 0xCEDC, 0xB639,
    0x7C12, 0x528C, 0x62EF, 0x8BF3, 0xA495, 0x0000, 0x0000, 0x0000, 0x0000, 0x0000, 0x0000, 0x0000,
    0x0000, 0x0000, 0x0000, 0x0000, 0x0000, 0x0000, 0x0000, 0xC5B9, 0xC5B9, 0x0000, 0x83D1, 0x73AF,
    0xADD7, 0xC6DC, 0xADD8, 0xADF9, 0xADF9, 0xADF9, 0xBE7A, 0x8472, 0x94F4, 0x0000, 0xD73C, 0x0000,
    0x0000, 0x0000, 0x0000, 0xA596, 0x7C52, 0xBE7A, 0xADF9, 0xADF9, 0xAE19, 0xC6DB, 0xCEFC, 0xCEFC,
    0xD71C, 0xD71C, 0xD71C, 0xD71C, 0xD71D, 0xD73D, 0x0000, 0x0000, 0x0000, 0x0000, 0x0000, 0x0000,
    0x0000, 0x0000, 0x0000, 0x0000, 0x0000, 0x0000, 0xDC93, 0xDC11, 0xDC32, 0x0000, 0xF6BB, 0xF69A,
    0xF69A, 0xF639, 0xDCB3, 0xDC12, 0xDC32, 0xDC32, 0xDC12, 0xD3F1, 0xD3F1, 0xCB6F, 0xC473, 0xCEDC,
    0xCEDC, 0xBE7A, 0xADF9, 0x7C53, 0x0000, 0x0000, 0x0000, 0x0000, 0x0000, 0x0000, 0x0000, 0x0000,
    0x0000, 0x0000, 0x0000, 0x0000, 0x0000, 0x0000, 0x0000, 0x0000, 0x0000, 0x0000, 0x0000, 0x0000,
    0x0000, 0x0000, 0x0000, 0x0000, 0x0000, 0x0000, 0x0882, 0x7C74, 0x7413, 0x63B0, 0x8CF6, 0x6BF1,
    0x52CC, 0x9D35, 0xD71D, 0xD71D, 0xCF1C, 0xD71C, 0xD71C, 0x0000, 0x0000, 0xB5F8, 0x634D, 0x39C8,
    0x420A, 0x7330, 0x9C54, 0x0000, 0x0000, 0x0000, 0x0000, 0x0000, 0x0000, 0x0000, 0x0000, 0x0000,
    0x0000, 0x0000, 0x9C74, 0x7B4F, 0x5AAB, 0x738F, 0xB5F8, 0x0000, 0xD73D, 0xCEFC, 0xBE7A, 0xADF8,
    0xADF9, 0xADF9, 0xB63A, 0x9D36, 0x8C92, 0x0000, 0xD73C, 0x0000, 0x0000, 0x0000, 0x0000, 0xBE39,
    0x8C93, 0xBE5A, 0xAE19, 0xB619, 0xB639, 0xCEFC, 0xCF1C, 0xCF1C, 0xD71C, 0xD71D, 0xD71D, 0x0000,
    0x0000, 0x0000, 0x0000, 0x0000, 0x0000, 0x0000, 0x0000, 0x0000, 0x0000, 0x0000, 0x0000, 0x0000,
    0x0000, 0x0000, 0xDC11, 0xDC52, 0xDC32, 0xEDB7, 0xF69A, 0xF69A, 0xF6BB, 0xEDF8, 0xDC53, 0xDC12,
    0xDC32, 0xDC32, 0xDC12, 0xD3F1, 0xD3D1, 0xCBB0, 0xC32F, 0x0000, 0xC6FC, 0xBE7A, 0xADF8, 0x9516,
    0x10C3, 0x0000, 0x0000, 0x0000, 0x0000, 0x0000, 0x0000, 0x0000, 0x0000, 0x0000, 0x0000, 0x0000,
    0x0000, 0x0000, 0x0000, 0x0000, 0x0000, 0x0000, 0x0000, 0x0000, 0x0000, 0x0000, 0x0000, 0x0000,
    0x0000, 0x0000, 0x0882, 0x7C53, 0x7C95, 0x84F6, 0x530E, 0x6BAF, 0xC6BB, 0xD75D, 0xCEFC, 0xCEFC,
    0xD71C, 0xD71C, 0xD71C, 0xD71C, 0xD71C, 0x0000, 0x0000, 0xC659, 0x7C30, 0x4229, 0x2946, 0x3167,
    0x4A0A, 0x62AD, 0x732F, 0x8390, 0x8BD1, 0x83B1, 0x7B6F, 0x6AED, 0x524A, 0x41C8, 0x4229, 0x6B8E,
    0xADB7, 0xD73D, 0x0000, 0xCEFC, 0xCEFC, 0xCEFC, 0xCEFC, 0xB639, 0xADF9, 0xADF9, 0xB619, 0xA5B8,
    0x8CD3, 0x0000, 0x0000, 0x0000, 0x0000, 0x0000, 0x0000, 0xCEBB, 0x94F4, 0xB63A, 0xB619, 0xAE19,
    0xB65A, 0xCF1C, 0xCF1C, 0xD71C, 0xD71D, 0xD73D, 0x0000, 0x0000, 0x0000, 0x0000, 0x0000, 0x0000,
    0x0000, 0x0000, 0x0000, 0x0000, 0x0000, 0x0000, 0x0000, 0x0000, 0xE659, 0xDC11, 0xDC52, 0xDC32,
    0xDC32, 0x0000, 0xF639, 0xF67A, 0xEE18, 0xE4D4, 0xDC12, 0xDC32, 0xDC32, 0xDC32, 0xDC12, 0xD3F1,
    0xD3D1, 0xCBB0, 0xCB6F, 0xC3D1, 0xC69B, 0xC6BB, 0xADD8, 0x9D98, 0x2166, 0x0000, 0x0000, 0x0000,
    0x0000, 0x0000, 0x0000, 0x0000, 0x0000, 0x0000, 0x0000, 0x0000, 0x0000, 0x0000, 0x0000, 0x0000,
    0x0000, 0x0000, 0x0000, 0x0000, 0x0000, 0x0000, 0x0000, 0x0000, 0x0000, 0x0000, 0x10C3, 0x7C94,
    0x8495, 0x5B4F, 0x94F4, 0x0000, 0xCEFC, 0xCEDC, 0xCEFC, 0xCEFC, 0xD71C, 0xD73D, 0x0000, 0x0000,
    0x0000, 0x0000, 0x0000, 0x0000, 0x0000, 0x0000, 0xCE9A, 0x9D34, 0x73CF, 0x52AB, 0x3A08, 0x31C7,
    0x31C7, 0x39E8, 0x4A6A, 0x5B2C, 0x7C51, 0xADD7, 0xD71C, 0x0000, 0x0000, 0xD71C, 0xD6FC, 0xD71C,
    0xD71C, 0xCEFC, 0xCF1C, 0xC69B, 0xADF9, 0xADF9, 0xADF9, 0xADF9, 0x9D35, 0x0000, 0x0000, 0x0000,
    0x0000, 0x0000, 0x0000, 0xD71C, 0x9D76, 0xB619, 0xB619, 0xAE19, 0xB65A, 0xCF1C, 0xD71C, 0xD71D,
    0xD73D, 0xD73D, 0x0000, 0x0000, 0x0000, 0x0000, 0x0000, 0x0000, 0x0000, 0x0000, 0x0000, 0x0000,
    0x0000, 0x0000, 0x0000, 0x0000, 0x0000, 0xDC11, 0xDC52, 0xDC32, 0xDC32, 0xDC52, 0x0000, 0x0000,
    0xDC73, 0xDC12, 0xDC12, 0xDC12, 0xDC12, 0xDC32, 0xDC12, 0xD3F1, 0xD3D1, 0xCB90, 0xCB90, 0xC34F,
    0xC5B8, 0xBEBB, 0xA5B8, 0xA598, 0x31C8, 0x0000, 0x0000, 0x0000, 0x0000, 0x0000, 0x0000, 0x0000,
    0x0000, 0x0000, 0x0000, 0x0000, 0x0000, 0x0000, 0x0000, 0x0000, 0x0000, 0x0000, 0x0000, 0x0000,
    0x0000, 0x0000, 0x0000, 0x0000, 0x0000, 0x0000, 0x2146, 0x8CD6, 0x7412, 0x9D76, 0xD73D, 0xC6DB,
    0xCEFC, 0xCEFC, 0xCEFC, 0xD73D, 0x0000, 0x0000, 0x0000, 0x0000, 0x0000, 0x0000, 0x0000, 0x0000,
    0x0000, 0x0000, 0x0000, 0x0000, 0x0000, 0x0000, 0x0000, 0x0000, 0x0000, 0x0000, 0x0000, 0x0000,
    0x0000, 0x0000, 0xD73D, 0xD71C, 0xD73C, 0xD73D, 0xD71D, 0xD71D, 0xD71C, 0xD71C, 0xCF1C, 0xCEFC,
    0xB619, 0xB619, 0xAE19, 0xAE19, 0xA597, 0xD73C, 0x0000, 0x0000, 0x0000, 0x0000, 0xD73C, 0x0000,
    0xB5F8, 0xAE19, 0xB619, 0xAE19, 0xB65A, 0xCF1C, 0xD71C, 0xD71D, 0xD73D, 0x0000, 0x0000, 0x0000,
    0x0000, 0x0000, 0x0000, 0x0000, 0x0000, 0x0000, 0x0000, 0x0000, 0x0000, 0x0000, 0x0000, 0x0000,
    0xDC32, 0xDC32, 0xDC32, 0xDC32, 0xDC32, 0xDC32, 0xDC32, 0xDC12, 0xDC32, 0xDC32, 0xDC32, 0xDC32,
    0xDC32, 0xDC32, 0xDC12, 0xD3F1, 0xD3B1, 0xCB90, 0xCB90, 0xC32F, 0x0000, 0xBEBB, 0xA5B8, 0xA598,
    0x3A09, 0x0000, 0x0000, 0x0000, 0x0000, 0x0000, 0x0000, 0x0000, 0x0000, 0x0000, 0x0000, 0x0000,
    0x0000, 0x0000, 0x0000, 0x0000, 0x0000, 0x0000, 0x0000, 0x0000, 0x0000, 0x0000, 0x0000, 0x0000,
    0x0000, 0x0000, 0x3A2A, 0x8CF6, 0x9D57, 0xC6BB, 0xC6BB, 0xCEDC, 0xCEDC, 0xCF1C, 0x0000, 0xDEBB,
    0x0000, 0xD4B4, 0xD452, 0xD432, 0xD432, 0xDC52, 0xDCB4, 0xDD97, 0xE69B, 0x0000, 0x0000, 0x0000,
    0x0000, 0x0000, 0x0000, 0x0000, 0x0000, 0x0000, 0x0000, 0x0000, 0x0000, 0x0000, 0x0000, 0x0000,
    0x0000, 0x0000, 0xD73D, 0xD73D, 0xD71C, 0xD71C, 0xCF1C, 0xCF1C, 0xBE5A, 0xADF9, 0xB619, 0xB619,
    0xADF8, 0xD71C, 0x0000, 0x0000, 0x0000, 0x0000, 0x0000, 0x0000, 0xC67A, 0xADF9, 0xB619, 0xB619,
    0xB63A, 0xCF1C, 0xD71C, 0xD71D, 0xD73D, 0x0000, 0x0000, 0x0000, 0x0000, 0x0000, 0x0000, 0x0000,
    0x0000, 0x0000, 0x0000, 0x0000, 0x0000, 0x0000, 0x0000, 0xE639, 0xDC11, 0xDC52, 0xDC32, 0xDC32,
    0xDC32, 0xDC32, 0xDC32, 0xDC32, 0xDC32, 0xDC32, 0xDC32, 0xDC32, 0xDC32, 0xDC12, 0xD3F1, 0xD3D1,
    0xCBB0, 0xCB90, 0xC370, 0xC32F, 0x0000, 0xBE9B, 0xA5B8, 0x9D98, 0x3A09, 0x0000, 0x0000, 0x0000,
    0x0000, 0x0000, 0x0000, 0x0000, 0x0000, 0x0000, 0x0000, 0x0000, 0x0000, 0x0000, 0x0000, 0x0000,
    0x0000, 0x0000, 0x0000, 0x0000, 0x0000, 0x0000, 0x0000, 0x0000, 0x0000, 0x0000, 0x530E, 0x9557,
    0xB619, 0xC6BB, 0xC6BB, 0xC6BB, 0xCF1C, 0xD6DC, 0x0000, 0xD3F1, 0xD3D1, 0xDBF1, 0xDC11, 0xDC32,
    0xDCB4, 0xDC93, 0xDC12, 0xD3D1, 0xD412, 0x0000, 0x0000, 0x0000, 0x0000, 0x0000, 0x0000, 0x0000,
    0x0000, 0x0000, 0x0000, 0x0000, 0x0000, 0x0000, 0x0000, 0x0000, 0xD73D, 0xD73D, 0xD73D, 0xD73D,
    0xD71D, 0xD71C, 0xD71C, 0xD71C, 0xC69B, 0xAE19, 0xB619, 0xB619, 0xB639, 0xD73C, 0x0000, 0x0000,
    0x0000, 0x0000, 0x0000, 0x0000, 0xC6BB, 0xAE19, 0xB619, 0xB619, 0xB639, 0xCEFC, 0xD71C, 0xD71D,
    0xD73D, 0x0000, 0x0000, 0x0000, 0x0000, 0x0000, 0x0000, 0x0000, 0x0000, 0x0000, 0x0000, 0x0000,
    0x0000, 0x0000, 0x0000, 0xE5D8, 0xDBF1, 0xDC52, 0xDC32, 0xDC32, 0xDC32, 0xDC32, 0xDC32, 0xDC32,
    0xDC32, 0xDC32, 0xDC32, 0xDC32, 0xDC12, 0xD412, 0xD3F1, 0xD3B1, 0xCB90, 0xCB90, 0xC370, 0xC32F,
    0xC4B4, 0xBE7A, 0xA5B8, 0x9D57, 0x29A8, 0x0000, 0x0000, 0x0000, 0x0000, 0x0000, 0x0000, 0x0000,
    0x0000, 0x0000, 0x0000, 0x0000, 0x0000, 0x0000, 0x0000, 0x0000, 0x0000, 0x0000, 0x0000, 0x0000,
    0x0000, 0x0000, 0x0000, 0x0000, 0x0000, 0x0000, 0x6BF2, 0xA5B8, 0xBE7A, 0xC6BB, 0xC6BB, 0xC6FC,
    0xCE5A, 0xCC32, 0xD3B0, 0xD411, 0xDC32, 0xDC12, 0xDC52, 0x0000, 0xF639, 0xF67A, 0xEDF8, 0xDC93,
    0xDC12, 0xDBF1, 0xDC32, 0xE639, 0x0000, 0x0000, 0x0000, 0x0000, 0x0000, 0x0000, 0x0000, 0x0000,
    0x0000, 0x0000, 0x0000, 0x0000, 0x0000, 0xD71C, 0xD71C, 0xD71D, 0xD71D, 0xD71D, 0xD71C, 0xD71C,
    0xC6BB, 0xAE19, 0xB619, 0xB619, 0xB639, 0xD71C, 0x0000, 0x0000, 0x0000, 0x0000, 0x0000, 0x0000,
    0xCEFC, 0xB619, 0xB619, 0xB619, 0xB619, 0xC6BB, 0xD71C, 0xD71D, 0x0000, 0x0000, 0x0000, 0x0000,
    0x0000, 0x0000, 0x0000, 0x0000, 0x0000, 0x0000, 0x0000, 0x0000, 0x0000, 0x0000, 0x0000, 0xDDB7,
    0xDBF1, 0xDC52, 0xDC32, 0xDC32, 0xDC32, 0xDC32, 0xDC32, 0xDC32, 0xDC32, 0xDC32, 0xDC32, 0xDC32,
    0xDC12, 0xD3F1, 0xD3D1, 0xCBB0, 0xCB90, 0xC370, 0xC370, 0xC32F, 0x0000, 0xB63A, 0xA5B8, 0x8D16,
    0x2125, 0x0000, 0x0000, 0x0000, 0x0000, 0x0000, 0x0000, 0x0000, 0x0000, 0x0000, 0x0000, 0x0000,
    0x0000, 0x0000, 0x0000, 0x0000, 0x0000, 0x0000, 0x0000, 0x0000, 0x0000, 0x0000, 0x0000, 0x0000,
    0x0000, 0x10A2, 0x84D5, 0xADF8, 0xC69B, 0xC6BB, 0xC6DC, 0xCE7A, 0xC411, 0xCBB0, 0xD411, 0xDC12,
    0xDC12, 0xD411, 0xDC93, 0xF639, 0xF69A, 0xF67A, 0xF6BA, 0xEDB7, 0xDC52, 0xDC32, 0xDC32, 0xDBF1,
    0xE619, 0x0000, 0x0000, 0x0000, 0x0000, 0x0000, 0x0000, 0x0000, 0x0000, 0x0000, 0x0000, 0x0000,
    0x0000, 0x0000, 0xD71C, 0xD71D, 0xD73D, 0xD73D, 0xD71D, 0xD71C, 0xC6BB, 0xB619, 0xB619, 0xB619,
    0xB619, 0xD71C, 0x0000, 0x0000, 0x0000, 0x0000, 0x0000, 0x0000, 0xD71C, 0xB639, 0xB619, 0xB619,
    0xAE19, 0xBE7A, 0xD71D, 0xD71C, 0xD71D, 0x0000, 0x0000, 0x0000, 0x0000, 0x0000, 0x0000, 0x0000,
    0x0000, 0x0000, 0x0000, 0x0000, 0x0000, 0x0000, 0x0000, 0xE5F8, 0xD3F1, 0xDC32, 0xE452, 0xE453,
    0xDC32, 0xDC12, 0xDC32, 0xDC32, 0xDC32, 0xDC32, 0xDC12, 0xDC12, 0xD3F1, 0xD3F1, 0xCBB0, 0xCB90,
    0xC370, 0xC370, 0xC370, 0xC32F, 0x0000, 0xAE19, 0xA598, 0x7C74, 0x0862, 0x0000, 0x0000, 0x0000,
    0x0000, 0x0000, 0x0000, 0x0000, 0x0000, 0x0000, 0x0000, 0x0000, 0x0000, 0x0000, 0x0000, 0x0000,
    0x0000, 0x0000, 0x0000, 0x0000, 0x0000, 0x0000, 0x0000, 0x0000, 0x0000, 0x2145, 0x9557, 0xAE19,
    0xC6BB, 0xC6BB, 0xC6DC, 0xC473, 0xCB70, 0xD3F1, 0xD3F1, 0xDC12, 0xDC12, 0xDC11, 0xDC52, 0xEDF8,
    0xF69A, 0xF67A, 0xF69A, 0xEDF8, 0xDC73, 0xDC12, 0xDC32, 0xDC32, 0xDC12, 0xE69A, 0x0000, 0x0000,
    0x0000, 0x0000, 0x0000, 0x0000, 0x0000, 0x0000, 0x0000, 0x0000, 0x0000, 0xD73D, 0xD71D, 0xD71C,
    0xD73D, 0xD73D, 0xD71C, 0xD71C, 0xC6BB, 0xB619, 0xB619, 0xB619, 0xB619, 0xD71C, 0x0000, 0x0000,
    0x0000, 0x0000, 0x0000, 0x0000, 0x0000, 0xBE7A, 0xB619, 0xB619, 0xB619, 0xB639, 0xCF1C, 0xD71D,
    0xD71D, 0xD73D, 0x0000, 0x0000, 0x0000, 0x0000, 0x0000, 0x0000, 0x0000, 0x0000, 0x0000, 0x0000,
    0x0000, 0x0000, 0x0000, 0xDE5A, 0xDC12, 0xE473, 0xCBF1, 0xC3D0, 0xDC12, 0xEC73, 0xDC32, 0xDC32,
    0xDC32, 0xDC12, 0xDC12, 0xD3F1, 0xD3F1, 0xD3D1, 0xCB90, 0xCB70, 0xC370, 0xC370, 0xC34F, 0xC370,
    0xB5B8, 0xADF9, 0x9D78, 0x636F, 0x0000, 0x0000, 0x0000, 0x0000, 0x0000, 0x0000, 0x0000, 0x0000,
    0x0000, 0x0000, 0x0000, 0x0000, 0x0000, 0x0000, 0x0000, 0x0000, 0x0000, 0x0000, 0x0000, 0x0000,
    0x0000, 0x0000, 0x0000, 0x0000, 0x0000, 0x31C8, 0xA598, 0xB619, 0xC6BB, 0xC6DC, 0xC5D8, 0xC36F,
    0xCBB0, 0xD3D1, 0xD3F1, 0xDC12, 0xDC12, 0xDC32, 0xDC12, 0xDC93, 0xEDB7, 0xF639, 0xEE18, 0x0000,
    0xDC32, 0xDC32, 0xDC32, 0xDC32, 0xDC11, 0xDCB4, 0x0000, 0x0000, 0x0000, 0x0000, 0x0000, 0x0000,
    0x0000, 0x0000, 0x0000, 0x0000, 0x0000, 0x0000, 0x0000, 0xD73C, 0xD71C, 0xD71C, 0xD71C, 0xD71C,
    0xC6BB, 0xB619, 0xB619, 0xB619, 0xB619, 0xD71C, 0x0000, 0x0000, 0x0000, 0x0000, 0x0000, 0x0000,
    0x0000, 0xC69B, 0xB619, 0xB619, 0xB619, 0xB619, 0xC6BB, 0xD73D, 0xD71D, 0xD73D, 0xD73D, 0x0000,
    0x0000, 0x0000, 0x0000, 0x0000, 0x0000, 0x0000, 0x0000, 0x0000, 0x0000, 0x0000, 0x0000, 0x0000,
    0xBC11, 0x4966, 0x0000, 0x0000, 0x1882, 0x6A08, 0xCC11, 0xE432, 0xDC11, 0xDC12, 0xD3F1, 0xD3D1,
    0xD3B1, 0xCBB0, 0xCB90, 0xC370, 0xC36F, 0xC370, 0xC34F, 0xBC53, 0xAE19, 0xA5B8, 0x8D17, 0x39E9,
    0x0000, 0x0000, 0x0000, 0x0000, 0x0000, 0x0000, 0x0000, 0x0000, 0x0000, 0x0000, 0x0000, 0x0000,
    0x0000, 0x0000, 0x0000, 0x0000, 0x0000, 0x0000, 0x0000, 0x0000, 0x0000, 0x0000, 0x0000, 0x0000,
    0x0000, 0x3A2A, 0xA5B8, 0xB619, 0xC6BB, 0xC6DC, 0xC473, 0xC34F, 0xCBB0, 0xD3D1, 0xD3F1, 0xDC12,
    0xDC12, 0xDC32, 0xDC32, 0xDC12, 0xDC32, 0xDC93, 0xDC93, 0xDC32, 0xDC12, 0xDC32, 0xDC32, 0xDC32,
    0xDC52, 0xDBF1, 0xE639, 0x0000, 0x0000, 0x0000, 0x0000, 0x0000, 0x0000, 0x0000, 0x0000, 0x0000,
    0x0000, 0x0000, 0x0000, 0x0000, 0xD73D, 0xD71C, 0xD71C, 0xD71C, 0xC69B, 0xB619, 0xB619, 0xB619,
    0xB619, 0xD71C, 0x0000, 0x0000, 0x0000, 0x0000, 0x0000, 0x0000, 0x0000, 0xBE5A, 0xADD8, 0xB639,
    0xB619, 0xB619, 0xB639, 0xCEFC, 0xD71C, 0xD71C, 0xD71D, 0x0000, 0x0000, 0x0000, 0x0000, 0x0000,
    0x0000, 0x0000, 0x0000, 0x0000, 0x0000, 0x0000, 0x0000, 0xCE79, 0x18A2, 0x0000, 0x20A3, 0x30E4,
    0x0000, 0x0000, 0x28C3, 0xC3B0, 0xDC12, 0xD3D1, 0xD3D1, 0xCBB0, 0xCB90, 0xCB90, 0xC370, 0xC370,
    0xC370, 0xC34F, 0xC370, 0xB597, 0xAE39, 0x9537, 0x7C54, 0x0000, 0x0000, 0x0000, 0x0000, 0x0000,
    0x0000, 0x0000, 0x0000, 0x0000, 0x0000, 0x0000, 0x0000, 0x0000, 0x0000, 0x0000, 0x0000, 0x0000,
    0x0000, 0x0000, 0x0000, 0x0000, 0x0000, 0x0000, 0x0000, 0x0000, 0x0000, 0x3A4A, 0xA5D9, 0xB619,
    0xC6DC, 0xC67A, 0xC3B0, 0xCB70, 0xCB90, 0xD3B1, 0xD3D1, 0xDC12, 0xDC12, 0xDC32, 0xDC32, 0xDC32,
    0xDC12, 0xDC11, 0xDC12, 0xDC32, 0xDC32, 0xDC32, 0xDC32, 0xDC32, 0xDC32, 0xDBF1, 0x0000, 0x0000,
    0x0000, 0x0000, 0x0000, 0x0000, 0x0000, 0x0000, 0x0000, 0x0000, 0x0000, 0x0000, 0x0000, 0xD73D,
    0xD73D, 0xD71C, 0xD71C, 0xD71C, 0xBE7A, 0xAE19, 0xB619, 0xB639, 0xADB7, 0xCEBB, 0x0000, 0x0000,
    0x0000, 0x0000, 0x0000, 0x0000, 0x0000, 0xC69A, 0x94F4, 0xBE5A, 0xB619, 0xBE5A, 0xBE9B, 0xC6DC,
    0x0000, 0x0000, 0xD73D, 0xD71C, 0xD73D, 0x0000, 0x0000, 0x0000, 0x0000, 0x0000, 0x0000, 0x0000,
    0x0000, 0x0000, 0x0000, 0x4A69, 0x0000, 0x82AB, 0xCBD0, 0xCBF1, 0xBB8F, 0x3925, 0x0000, 0x3925,
    0xDC12, 0xCBD1, 0xCBB0, 0xCB90, 0xCB70, 0xC36F, 0xC36F, 0xC34F, 0xC34F, 0xC32F, 0x0000, 0xB639,
    0x9D77, 0x8CF6, 0x4A8B, 0x0000, 0x0000, 0x0000, 0x0000, 0x0000, 0x0000, 0x0000, 0x0000, 0x0000,
    0x0000, 0x0000, 0x0000, 0x0000, 0x0000, 0x0000, 0x0000, 0x0000, 0x0000, 0x0000, 0x0000, 0x0000,
    0x0000, 0x0000, 0x0000, 0x0000, 0x0000, 0x3A09, 0xA5B9, 0xADF9, 0xC6DC, 0xC5F9, 0xC370, 0xCB90,
    0xCB90, 0xCBB0, 0xD3D1, 0xD3F1, 0xDC12, 0xDC12, 0xDC32, 0xDC32, 0xDC12, 0xDC12, 0xDC32, 0xDC32,
    0xDC32, 0xDC32, 0xDC32, 0xDC32, 0xDC32, 0xDC12, 0xDC73, 0x0000, 0x0000, 0x0000, 0x0000, 0x0000,
    0x0000, 0x0000, 0x0000, 0x0000, 0x0000, 0x0000, 0xD73D, 0xD73D, 0xD73D, 0xD71D, 0xD71C, 0xCEFC,
    0xB619, 0xB619, 0xB619, 0xB65A, 0x94F4, 0xC69A, 0x0000, 0x0000, 0x0000, 0x0000, 0x0000, 0x0000,
    0x0000, 0x0000, 0x8451, 0xA5B7, 0xB63A, 0xADB8, 0x5AEC, 0x2145, 0x4228, 0x94F4, 0xD71D, 0x0000,
    0xD73D, 0xD73D, 0xD73D, 0xD73D, 0x0000, 0xD73D, 0xD73C, 0x0000, 0x0000, 0x0000, 0xD6FC, 0x0000,
    0x4229, 0xE69A, 0xC390, 0xCBB0, 0xD3F1, 0xBB8F, 0x1061, 0x0000, 0x9ACD, 0xD3D1, 0xCB70, 0xC370,
    0xC36F, 0xC34F, 0xC34F, 0xC34F, 0xC32E, 0xBC94, 0xB639, 0xA5B8, 0x8CD6, 0x7C53, 0x0000, 0x0000,
    0x0000, 0x0000, 0x0000, 0x0000, 0x0000, 0x0000, 0x0000, 0x0000, 0x0000, 0x0000, 0x0000, 0x0000,
    0x0000, 0x0000, 0x0000, 0x0000, 0x0000, 0x0000, 0x0000, 0x0000, 0x0000, 0x0000, 0x0000, 0x0000,
    0x0000, 0x2987, 0xA598, 0xADD8, 0xBEBB, 0xC5D8, 0xC34F, 0xC390, 0xCB90, 0xCBB0, 0xD3D1, 0xD3F1,
    0xD3F1, 0xDC12, 0xDC12, 0xDC11, 0xDC11, 0xDC12, 0xDC12, 0xDC32, 0xDC32, 0xDC32, 0xDC32, 0xDC32,
    0xDC32, 0xDC12, 0xDC12, 0x0000, 0x0000, 0x0000, 0x0000, 0x0000, 0x0000, 0x0000, 0x0000, 0x0000,
    0x0000, 0x0000, 0xD73D, 0xD73D, 0xD73D, 0xD6FC, 0x0000, 0xD73D, 0xC69B, 0xBE7B, 0xB619, 0xB63A,
    0x8451, 0xCEDB, 0x0000, 0x0000, 0x0000, 0x0000, 0x0000, 0x0000, 0x0000, 0x0000, 0xAD96, 0x8472,
    0xBE5A, 0x8CB3, 0x94D3, 0x9D35, 0x4229, 0x0000, 0x2945, 0x8452, 0xCEDC, 0xD73D, 0xD73D, 0xD73D,
    0xD73D, 0xD73D, 0xD73D, 0xD73D, 0xD71C, 0xD73D, 0xCEDB, 0x0000, 0x5AEC, 0x0000, 0xD659, 0xAB2E,
    0xC34F, 0xD3D1, 0x5186, 0x0000, 0x61A7, 0xD3D1, 0xC36F, 0xC370, 0xC34F, 0xC34F, 0xC30E, 0xBB4F,
    0x0000, 0xB619, 0xA5B8, 0x84D6, 0x8CF6, 0x2966, 0x0000, 0x0000, 0x0000, 0x0000, 0x0000, 0x0000,
    0x0000, 0x0000, 0x0000, 0x0000, 0x0000, 0x0000, 0x0000, 0x0000, 0x0000, 0x0000, 0x0000, 0x0000,
    0x0000, 0x0000, 0x0000, 0x0000, 0x0000, 0x0000, 0x0000, 0x0000, 0x0000, 0x1904, 0x9537, 0xADD8,
    0xB67A, 0xC5F8, 0xC34F, 0xC370, 0xCB90, 0xCB90, 0xCBB0, 0xD3D1, 0xD3F1, 0xD411, 0xDC11, 0xDC11,
    0xDC11, 0xDC12, 0xDC12, 0xDC12, 0xDC32, 0xDC12, 0xDC32, 0xEC73, 0xEC73, 0xEC73, 0xE432, 0xE69A,
    0x0000, 0x0000, 0x0000, 0x0000, 0x0000, 0x0000, 0x0000, 0x0000, 0x0000, 0xD73D, 0xD73D, 0xD73D,
    0xD71C, 0x0000, 0xC6BB, 0x636E, 0x52AB, 0x8472, 0xB619, 0xADF8, 0x7C10, 0x0000, 0x0000, 0x0000,
    0x0000, 0x0000, 0x0000, 0x0000, 0x0000, 0xD73D, 0xD71C, 0x7C10, 0xBE5A, 0xD73D, 0x0000, 0x0000,
    0x0000, 0x6B8F, 0x0000, 0x10A3, 0x2966, 0x8493, 0xBE7B, 0xC6BB, 0xCEBB, 0xCEFC, 0xD6FC, 0xD71D,
    0xD71D, 0xCEFC, 0x0000, 0x4229, 0x0000, 0xA576, 0x7C31, 0x6B4D, 0x0000, 0xCBB1, 0x69E8, 0x0000,
    0x4105, 0xCB70, 0xC32F, 0xC32F, 0xC30E, 0xBB4F, 0xBC32, 0xB597, 0xAE19, 0x9D57, 0x84B5, 0x8D17,
    0x31C8, 0x0000, 0x0000, 0x0000, 0x0000, 0x0000, 0x0000, 0x0000, 0x0000, 0x0000, 0x0000, 0x0000,
    0x0000, 0x0000, 0x0000, 0x0000, 0x0000, 0x0000, 0x0000, 0x0000, 0x0000, 0x0000, 0x0000, 0x0000,
    0x0000, 0x0000, 0x0000, 0x0000, 0x0000, 0x0000, 0x7C74, 0xADD8, 0xAE19, 0xC65A, 0xC390, 0xC370,
    0xC370, 0xCB90, 0xCB90, 0xD3B0, 0xD3D1, 0xD3F1, 0xDBF1, 0xDC11, 0xDC11, 0xDC11, 0xDC12, 0xDC12,
    0xDC11, 0xE452, 0xD411, 0xA30D, 0x7A6A, 0x8AAB, 0xC3D0, 0x0000, 0x0000, 0x0000, 0x0000, 0x0000,
    0x0000, 0x0000, 0x0000, 0x0000, 0xD73D, 0xD71D, 0xD71C, 0xD71C, 0x0000, 0x9D55, 0x10A3, 0x2986,
    0x8492, 0x8CD3, 0xADB7, 0xA597, 0x8CB3, 0x0000, 0x0000, 0x0000, 0x0000, 0x0000, 0x0000, 0x0000,
    0x0000, 0xD71C, 0x0000, 0xADD7, 0xBE7A, 0xD73D, 0xCEFC, 0xD6FC, 0xD71C, 0xD73D, 0x29A7, 0x4AAB,
    0x634E, 0x0882, 0x31E8, 0x8494, 0xADF9, 0xB619, 0xB639, 0xBE5A, 0xBE7A, 0xBE7A, 0xC6BB, 0xADD8,
    0x2945, 0x0000, 0x2104, 0xADD8, 0xC6BB, 0xC619, 0x628B, 0x0000, 0x3905, 0xC3B1, 0xBBB1, 0xBC32,
    0x0000, 0xB597, 0xAE19, 0x9D98, 0x8CD5, 0x84D6, 0x84F6, 0x29A7, 0x2125, 0x2145, 0x0000, 0x0000,
    0x0000, 0x0000, 0x0000, 0x0000, 0x0000, 0x0000, 0x0000, 0x0000, 0x0000, 0x0000, 0x0000, 0x0000,
    0x0000, 0x0000, 0x0000, 0x0000, 0x0000, 0x0000, 0x0000, 0x0000, 0x0000, 0x0000, 0x0000, 0x0000,
    0x0000, 0x0000, 0x5B4F, 0xA5B8, 0xADD8, 0xBE7B, 0xC412, 0xC32F, 0xC370, 0xC370, 0xCB90, 0xCB90,
    0xD3B1, 0xD3D1, 0xD3F1, 0xDBF1, 0xDBF1, 0xDC11, 0xDC11, 0xD411, 0xE452, 0xAB4E, 0x20A3, 0x0000,
    0x0000, 0x0000, 0x0000, 0x7C10, 0x0000, 0x0000, 0x0000, 0x0000, 0x0000, 0x0000, 0x0000, 0xD73D,
    0xD71C, 0xD71C, 0xD73D, 0xD75E, 0x73D0, 0x0000, 0x39E8, 0x0000, 0x0000, 0x0000, 0x0000, 0xB5F8,
    0xADB7, 0x0000, 0x0000, 0x0000, 0x0000, 0x0000, 0x0000, 0x0000, 0x0000, 0x0000, 0xD73D, 0xD71C,
    0xCEDB, 0xD71C, 0xD71C, 0xD71C, 0xD71C, 0x0000, 0x7C52, 0x2104, 0xD71D, 0x8CF5, 0x31E8, 0x1082,
    0x3209, 0x7433, 0x9D78, 0x9DB8, 0xA598, 0xADD8, 0xADF9, 0xB639, 0xB619, 0x9D36, 0xADF8, 0xB619,
    0xADB8, 0xB63A, 0x3A29, 0x0000, 0x4229, 0xBE39, 0xADD8, 0xADF9, 0xA5D8, 0x9557, 0x84D5, 0x8495,
    0x8CF6, 0x7433, 0x2967, 0x31E9, 0x8495, 0x10C3, 0x0000, 0x0000, 0x0000, 0x0000, 0x0000, 0x0000,
    0x0000, 0x0000, 0x0000, 0x0000, 0x0000, 0x0000, 0x0000, 0x0000, 0x0000, 0x0000, 0x0000, 0x0000,
    0x0000, 0x0000, 0x0000, 0x0000, 0x0000, 0x0000, 0x0000, 0x0000, 0x0000, 0x0000, 0x31C8, 0x9557,
    0xADB8, 0xAE3A, 0x0000, 0xC32F, 0xC370, 0xC370, 0xC370, 0xCB70, 0xCB90, 0xD3B0, 0xD3D1, 0xD3D1,
    0xD3F1, 0xD3F1, 0xD3F1, 0xDC12, 0xBB8F, 0x0000, 0x0000, 0x4145, 0x8AAB, 0x826A, 0x28E3, 0x0000,
    0x9CF4, 0x0000, 0xD73C, 0x0000, 0x0000, 0xD73C, 0xD73C, 0xD71D, 0xD71D, 0xD71C, 0xC6BC, 0x52CC,
    0x0862, 0x0882, 0xADB8, 0x0000, 0xCEDB, 0xCEFC, 0xD73D, 0xCEDC, 0xCEDB, 0x0000, 0x0000, 0x0000,
    0x0000, 0x0000, 0x0000, 0x0000, 0x0000, 0x0000, 0xD71C, 0xD73D, 0xD73D, 0xD71C, 0xD71C, 0xD71C,
    0xD71C, 0xD75D, 0x9D77, 0x10A2, 0xBE39, 0x0000, 0xADF9, 0x7412, 0x31C8, 0x10A3, 0x2987, 0x5B6F,
    0x84B5, 0x9557, 0x9578, 0x9557, 0x9D57, 0xA5B8, 0xA597, 0xA597, 0xA5B8, 0x9D56, 0x1082, 0x0000,
    0x52CC, 0x9D98, 0x8CD5, 0x84B5, 0x84B5, 0x7C95, 0x7C95, 0x7C94, 0x5B2E, 0x39E9, 0x6390, 0x8D37,
    0x6BF2, 0x0000, 0x0000, 0x0000, 0x0000, 0x0000, 0x0000, 0x0000, 0x0000, 0x0000, 0x0000, 0x0000,
    0x0000, 0x0000, 0x0000, 0x0000, 0x0000, 0x0000, 0x0000, 0x0000, 0x0000, 0x0000, 0x0000, 0x0000,
    0x0000, 0x0000, 0x0000, 0x0000, 0x0000, 0x0000, 0x0000, 0x7433, 0xA598, 0xADD8, 0xB5F9, 0xC3D1,
    0xC34F, 0xC370, 0xC350, 0xC370, 0xCB70, 0xCB90, 0xCB90, 0xD3B0, 0xD3D1, 0xD3D1, 0xD3D1, 0xDC12,
    0x4145, 0x0000, 0x59A7, 0xDBF1, 0xD3D1, 0xD3F1, 0xD639, 0x1904, 0x2945, 0x0000, 0xD73C, 0xD73D,
    0xD73D, 0xD73D, 0xD71D, 0xCEFC, 0xC6BB, 0xADD9, 0x31C8, 0x2146, 0x530D, 0x2986, 0xCEFD, 0xCF1C,
    0xCF1C, 0xD71C, 0xD71C, 0xD71C, 0xD73D, 0xD73D, 0x0000, 0x0000, 0x0000, 0x0000, 0x0000, 0x0000,
    0x0000, 0x0000, 0xD73D, 0xCEFC, 0xC69A, 0x0000, 0x0000, 0x0000, 0x0000, 0xCEFC, 0x9516, 0x10A3,
    0xBE59, 0xD73D, 0xD71C, 0xBE9B, 0x9D98, 0x7433, 0x3A4A, 0x10C3, 0x10A3, 0x31C8, 0x5B2E, 0x7C53,
    0x8CD6, 0x8D16, 0x8D17, 0x8D17, 0x9558, 0x426A, 0x0000, 0x0000, 0x7412, 0x8D17, 0x84D6, 0x84B5,
    0x7433, 0x7C74, 0x7C95, 0x6BB1, 0x63B0, 0x84B5, 0x84D6, 0x84D6, 0x5B2E, 0x0000, 0x0000, 0x0000,
    0x0000, 0x0000, 0x0000, 0x0000, 0x0000, 0x0000, 0x0000, 0x0000, 0x0000, 0x0000, 0x0000, 0x0000,
    0x0000, 0x0000, 0x0000, 0x0000, 0x0000, 0x0000, 0x0000, 0x0000, 0x0000, 0x0000, 0x0000, 0x0000,
    0x0000, 0x0000, 0x0000, 0x3A2A, 0x9537, 0xA5B8, 0xAE19, 0x0000, 0xC32F, 0xC34F, 0xC34F, 0xC34F,
    0xC34F, 0xC36F, 0xCB70, 0xCB90, 0xCB90, 0xCB90, 0xD3D1, 0xB34F, 0x0000, 0x0000, 0xBB4F, 0xCB90,
    0xC34F, 0x0000, 0x0000, 0x634D, 0x0000, 0xCEDB, 0x0000, 0xD71D, 0xCEFC, 0xCEDB, 0xBE7A, 0xB61A,
    0x8CF6, 0x2125, 0x18E4, 0xB63B, 0x634D, 0x3A09, 0xD73D, 0xD71C, 0xCEFC, 0xD71C, 0xD71C, 0xD71C,
    0xCEFC, 0x0000, 0xD73D, 0x0000, 0x0000, 0x0000, 0x0000, 0x0000, 0x0000, 0xD71C, 0x0000, 0xADD7,
    0xBE59, 0xD73E, 0xADD8, 0x9D36, 0xADD8, 0xBE9B, 0x634E, 0x2966, 0xD75D, 0xCF1C, 0xCEFC, 0xD71C,
    0xCEFC, 0xB63A, 0x9557, 0x7C94, 0x5B4F, 0x31C8, 0x10A3, 0x0000, 0x10C3, 0x2166, 0x31C8, 0x4A8B,
    0x426B, 0x0000, 0x0000, 0x0000, 0x424A, 0x31C8, 0x2987, 0x1904, 0x424A, 0x7C94, 0x7CB5, 0x84B5,
    0x84D6, 0x8CF5, 0x7C94, 0x8CF6, 0x424A, 0x0000, 0x0000, 0x0000, 0x0000, 0x0000, 0x0000, 0x0000,
    0x0000, 0x0000, 0x0000, 0x0000, 0x0000, 0x0000, 0x0000, 0x0000, 0x0000, 0x0000, 0x0000, 0x0000,
    0x0000, 0x0000, 0x0000, 0x0000, 0x0000, 0x0000, 0x0000, 0x0000, 0x0000, 0x0000, 0x0000, 0x0000,
    0x6BF2, 0x9537, 0xADD8, 0xAE19, 0xB4B4, 0xC32F, 0xC34F, 0xC34F, 0xC34F, 0xC34F, 0xC34F, 0xC36F,
    0xC370, 0xC370, 0xD3B1, 0x92AC, 0x0000, 0x28C3, 0xC36F, 0xCB70, 0x826A, 0x9D14, 0x0000, 0x31A6,
    0x2104, 0xD73D, 0xC6BB, 0xBE7A, 0xB639, 0xADD8, 0x9D98, 0x7433, 0x10A3, 0x2987, 0x9D78, 0x0000,
    0x636E, 0x31A7, 0xC6BC, 0xD71C, 0xD71D, 0x0000, 0x0000, 0x0000, 0xADD8, 0xC69A, 0x0000, 0xD73D,
    0x0000, 0x0000, 0x0000, 0x0000, 0x0000, 0xD73D, 0xD71C, 0x94F4, 0xB61A, 0x52EC, 0x1082, 0x0000,
    0x5B2E, 0x9D56, 0x10C3, 0x84B3, 0x0000, 0xCEFC, 0xD71C, 0xD71C, 0xD71C, 0xD73D, 0xCEDC, 0xADF9,
    0x9557, 0x8CF6, 0x7C95, 0x6BF1, 0x52ED, 0x3A2A, 0x31C8, 0x0000, 0x0000, 0x0000, 0x0000, 0x2125,
    0x1905, 0x31E8, 0x2125, 0x0000, 0x7433, 0x84B5, 0x84B5, 0x8CF6, 0x9D77, 0x9D77, 0x7C95, 0x84F6,
    0x2966, 0x0000, 0x0000, 0x0000, 0x0000, 0x0000, 0x0000, 0x0000, 0x0000, 0x0000, 0x0000, 0x0000,
    0x0000, 0x0000, 0x0000, 0x0000, 0x0000, 0x0000, 0x0000, 0x0000, 0x0000, 0x0000, 0x0000, 0x0000,
    0x0000, 0x0000, 0x0000, 0x0000, 0x0000, 0x0000, 0x0000, 0x0000, 0x1904, 0x84D5, 0x8D16, 0xADD8,
    0xAE19, 0x0000, 0xBB4F, 0xC32F, 0xC34F, 0xC34F, 0xC34F, 0xC34F, 0xC36F, 0xC34F, 0xD3B1, 0x8A6B,
    0x0000, 0x28C3, 0xBB2E, 0xC432, 0xAD97, 0x2966, 0x1904, 0x0000, 0x8472, 0xBE5A, 0xADF8, 0xA5B8,
    0x9D77, 0x9537, 0x5B2E, 0x0000, 0x3A4A, 0x9D98, 0xCEFC, 0x0000, 0x9D35, 0x0000, 0x9D98, 0xB65A,
    0xBE5A, 0x9D56, 0x9D36, 0xB639, 0xCEDC, 0x8CD4, 0xCEDB, 0x0000, 0xD71C, 0x0000, 0x0000, 0x0000,
    0xD71C, 0x0000, 0xB639, 0x9516, 0x2966, 0x0000, 0x0000, 0x31A7, 0x6BB0, 0x3A2A, 0x63B0, 0xC69B,
    0xD71C, 0xCF1C, 0xD71C, 0xD71C, 0xD71C, 0xD6FC, 0xD71D, 0xD73D, 0xCEFC, 0xB63A, 0x9D77, 0x9537,
    0x9558, 0x8CF6, 0x4A8C, 0x0000, 0x0000, 0x0000, 0x426B, 0x84D6, 0x84D6, 0x9558, 0x52ED, 0x0000,
    0x7C73, 0x9D77, 0xA5B8, 0xADD8, 0xADD8, 0x9557, 0x84B5, 0x8495, 0x10A2, 0x0000, 0x0000, 0x0000,
    0x0000, 0x0000, 0x0000, 0x0000, 0x0000, 0x0000, 0x0000, 0x0000, 0x0000, 0x0000, 0x0000, 0x0000,
    0x0000, 0x0000, 0x0000, 0x0000, 0x0000, 0x0000, 0x0000, 0x0000, 0x0000, 0x0000, 0x0000, 0x0000,
    0x0000, 0x0000, 0x0000, 0x0000, 0x0000, 0x31E8, 0x8CF6, 0x8CF5, 0xA5B8, 0xB63A, 0x0000, 0xBBF1,
    0xBB2F, 0xC30F, 0xC32F, 0xC34F, 0xC34F, 0xC34F, 0xCB70, 0x928C, 0x0000, 0x0000, 0xAC52, 0xB619,
    0xBE7A, 0xA577, 0x7411, 0x9D35, 0xB619, 0xA597, 0x9D57, 0x9537, 0x7C74, 0x31A7, 0x0000, 0x5B4F,
    0x9D98, 0xCEDC, 0xD71C, 0xCEFC, 0xD73D, 0x29A7, 0x31A7, 0xB63B, 0x6BB0, 0x0000, 0x0000, 0x1082,
    0x52CC, 0x9516, 0xADD8, 0xD71C, 0x0000, 0xD73D, 0xD73C, 0xD73D, 0xD73C, 0xCEBC, 0xADD9, 0x2966,
    0x0882, 0x52ED, 0x6C12, 0x84B5, 0x7433, 0x7C74, 0xA5B8, 0xD71C, 0xD6FC, 0xD71C, 0xD71C, 0xD6FC,
    0xCEFC, 0xCEFC, 0xCEFC, 0xCEDC, 0xCEFC, 0x0000, 0x0000, 0xCEFC, 0x7C31, 0x10C3, 0x0000, 0x0000,
    0x0000, 0x5B2D, 0xADF9, 0x9557, 0x7C74, 0x84F6, 0x4AAC, 0x0000, 0x8CD5, 0xADF9, 0xADD8, 0xA5D8,
    0xADD9, 0x9536, 0x84D6, 0x6BF1, 0x0000, 0x0000, 0x0000, 0x0000, 0x0000, 0x0000, 0x0000, 0x0000,
    0x0000, 0x0000, 0x0000, 0x0000, 0x0000, 0x0000, 0x0000, 0x0000, 0x0000, 0x0000, 0x0000, 0x0000,
    0x0000, 0x0000, 0x0000, 0x0000, 0x0000, 0x0000, 0x0000, 0x0000, 0x0000, 0x0000, 0x0000, 0x0000,
    0x0000, 0x0000, 0x3A29, 0x8CF6, 0x84D5, 0x9536, 0xADF9, 0xAE19, 0x0000, 0xBC73, 0xBBD1, 0xBB90,
    0xC370, 0xBB70, 0xBBB1, 0xABD1, 0x1062, 0x0000, 0x6BAF, 0xBE5A, 0xA5B7, 0xADF9, 0xAE19, 0x9D97,
    0x8D16, 0x8D17, 0x84B5, 0x4ACC, 0x0000, 0x2966, 0x7433, 0x9D78, 0xCEDB, 0xD71C, 0xCEFC, 0xCEFC,
    0xD75D, 0xADF9, 0x29A7, 0x3A29, 0x636F, 0x31C8, 0x1904, 0x0862, 0x0000, 0x1082, 0x7411, 0xBE5A,
    0xC6BB, 0xCEDB, 0xCEDC, 0xCEDB, 0xBE9B, 0xA5B8, 0x2987, 0x10C3, 0x84D5, 0x8D38, 0x84F6, 0x7CB5,
    0x7C95, 0x8D16, 0xCEDC, 0xD6FC, 0xCEFC, 0xD6FC, 0xD71C, 0xD71D, 0xD73D, 0x0000, 0x0000, 0x0000,
    0xD71C, 0xADF8, 0x6BAF, 0x2145, 0x0000, 0x0000, 0x0000, 0x0000, 0x8492, 0x0000, 0xCEDB, 0xC6BB,
    0x8CD5, 0x84F6, 0x424A, 0x0862, 0x9536, 0xADF9, 0xA5D8, 0xA5D8, 0xADD8, 0x8CF6, 0x8CF7, 0x52ED,
    0x0000, 0x0000, 0x0000, 0x0000, 0x0000, 0x0000, 0x0000, 0x0000, 0x0000, 0x0000, 0x0000, 0x0000,
    0x0000, 0x0000, 0x0000, 0x0000, 0x0000, 0x0000, 0x0000, 0x0000, 0x0000, 0x0000, 0x0000, 0x0000,
    0x0000, 0x0000, 0x0000, 0x0000, 0x0000, 0x0000, 0x0000, 0x0000, 0x0000, 0x0000, 0x0000, 0x2986,
    0x7C74, 0x8CF7, 0x84D5, 0x9516, 0x9D98, 0xA5F9, 0xADF9, 0xB5D8, 0xB5B8, 0xB5B8, 0xB5D8, 0xBE7A,
    0x4229, 0x0000, 0x10A3, 0x9D36, 0xA5B8, 0x8CF6, 0x8CF6, 0x8CF6, 0x8495, 0x530D, 0x10C3, 0x10A2,
    0x530E, 0x84D6, 0x9D77, 0xCEDB, 0xCF1C, 0xCEFC, 0xCEFC, 0xCF1C, 0xCEFC, 0xCF1D, 0xA5B8, 0x63B1,
    0x6390, 0x7C94, 0x84B5, 0x7C74, 0x7C54, 0x52ED, 0x0000, 0x31C8, 0x8493, 0xA598, 0xA5D9, 0xA598,
    0x7C32, 0x18E4, 0x18E4, 0x84B5, 0x7412, 0x6390, 0x6BF1, 0x7433, 0x8CD5, 0xCEFC, 0x0000, 0xD73D,
    0xD75D, 0xD73D, 0xD71D, 0xCEDB, 0xBE59, 0xA596, 0x8472, 0x52EC, 0x2945, 0x0000, 0x0000, 0x0000,
    0x0000, 0x0000, 0x2124, 0x5B2D, 0x8451, 0xADF8, 0xCEFC, 0xC6DC, 0x9557, 0x84F6, 0x31C8, 0x1904,
    0xA598, 0xADD8, 0xA5B8, 0xA5D8, 0xA5B8, 0x84B5, 0x8CF6, 0x31C8, 0x0000, 0x0000, 0x0000, 0x0000,
    0x0000, 0x0000, 0x0000, 0x0000, 0x0000, 0x0000, 0x0000, 0x0000, 0x0000, 0x0000, 0x0000, 0x0000,
    0x0000, 0x0000, 0x0000, 0x0000, 0x0000, 0x0000, 0x0000, 0x0000, 0x0000, 0x0000, 0x0000, 0x0000,
    0x0000, 0x0000, 0x0000, 0x0000, 0x0000, 0x0000, 0x0000, 0x0000, 0x10C3, 0x4AAC, 0x84B5, 0x8CF6,
    0x84B5, 0x84B5, 0x84D5, 0x8D16, 0x9536, 0x9536, 0x9536, 0x9D57, 0x7412, 0x0000, 0x0000, 0x1904,
    0x7C74, 0x84D6, 0x6BD1, 0x3A29, 0x1082, 0x10A3, 0x4AAC, 0x7C95, 0x8CF6, 0xA5B8, 0xCEFC, 0xCEFC,
    0xCEFC, 0xD71C, 0xD71C, 0xCEFC, 0xCEFC, 0xD71C, 0xCEDC, 0x9D78, 0x7C95, 0x7C95, 0x84B5, 0x84F6,
    0x84D6, 0x84F6, 0x8494, 0x31C8, 0x0000, 0x18C3, 0x2125, 0x10C3, 0x0000, 0x3A09, 0x8CD6, 0x3A4A,
    0x0000, 0x0000, 0x0000, 0x0000, 0x18C3, 0x2945, 0x2986, 0x31C7, 0x31A7, 0x2986, 0x2145, 0x18C3,
    0x0000, 0x0000, 0x0000, 0x0000, 0x0000, 0x0000, 0x0000, 0x0000, 0x18C3, 0x8451, 0x0000, 0x5B0C,
    0x0000, 0x18E3, 0xBE7A, 0xCEFC, 0x9D77, 0x84D6, 0x1905, 0x31E8, 0xA5D9, 0xA5D8, 0xA5D8, 0xADD9,
    0x9D77, 0x7CB5, 0x8495, 0x10A3, 0x0000, 0x0000, 0x0000, 0x0000, 0x0000, 0x0000, 0x0000, 0x0000,
    0x0000, 0x0000, 0x0000, 0x0000, 0x0000, 0x0000, 0x0000, 0x0000, 0x0000, 0x0000, 0x0000, 0x0000,
    0x0000, 0x0000, 0x0000, 0x0000, 0x0000, 0x0000, 0x0000, 0x0000, 0x0000, 0x0000, 0x0000, 0x0000,
    0x0000, 0x0000, 0x0000, 0x18E3, 0x63B0, 0x31C8, 0x2966, 0x4ACC, 0x7412, 0x7C95, 0x7C95, 0x7C95,
    0x84B5, 0x8CF6, 0x8CF6, 0x8CF6, 0x9537, 0x426B, 0x0000, 0x0000, 0x10A3, 0x1905, 0x1082, 0x2166,
    0x530D, 0x7C94, 0x84D6, 0x9516, 0xB65A, 0xCF1C, 0xCEFC, 0xCEFC, 0xCEFC, 0xCEFC, 0xCEFC, 0xCEDC,
    0xCEFC, 0xCEFC, 0xD71D, 0xD75E, 0xBE7B, 0x8D16, 0x6C12, 0x4AAC, 0x2145, 0x1082, 0x2987, 0x84B5,
    0x7C53, 0x530E, 0x4AAC, 0x532E, 0x7C53, 0x8D37, 0x7C74, 0x0000, 0x0000, 0x0000, 0x0000, 0x0000,
    0x0000, 0x0000, 0x0000, 0x0000, 0x0000, 0x0000, 0x0000, 0x0000, 0x0000, 0x0000, 0x0000, 0x0000,
    0x0000, 0x0000, 0x31A7, 0x94D3, 0xD71C, 0xC67A, 0x52AB, 0x0000, 0x4229, 0x0000, 0x8492, 0x0000,
    0x9D77, 0x7C94, 0x0882, 0x530E, 0xADF9, 0xA5D8, 0xA5D8, 0xADD9, 0x9536, 0x84B5, 0x6BD1, 0x0000,
    0x0000, 0x0000, 0x0000, 0x0000, 0x0000, 0x0000, 0x0000, 0x0000, 0x0000, 0x0000, 0x0000, 0x0000,
    0x0000, 0x0000, 0x0000, 0x0000, 0x0000, 0x0000, 0x0000, 0x0000, 0x0000, 0x0000, 0x0000, 0x0000,
    0x0000, 0x0000, 0x0000, 0x0000, 0x0000, 0x0000, 0x0000, 0x0000, 0x0000, 0x0000, 0x0000, 0x0000,
    0x5B0E, 0x9558, 0x7C33, 0x5B2E, 0x52CD, 0x5B6F, 0x7453, 0x84B5, 0x6BF2, 0x4AAC, 0x424A, 0x2987,
    0x18E4, 0x1082, 0x0000, 0x0000, 0x0000, 0x0000, 0x2145, 0x73F2, 0x8D16, 0x9D78, 0xB65A, 0xD73D,
    0xD73D, 0xCEFC, 0xCEFC, 0xCF1C, 0xD71D, 0xD73D, 0x0000, 0x0000, 0x0000, 0x0000, 0xCEFC, 0xADD8,
    0x7C31, 0x31C7, 0x0000, 0x0000, 0x0000, 0x0000, 0x0000, 0x424A, 0x8D17, 0x84F6, 0x8D17, 0x8D17,
    0x84D6, 0x7C95, 0x84F6, 0x2146, 0x0000, 0x0000, 0x0000, 0x0000, 0x0000, 0x0000, 0x0000, 0x0000,
    0x0000, 0x0000, 0x0000, 0x0000, 0x0000, 0x0000, 0x0000, 0x39E8, 0x7C10, 0xB5F8, 0xC67A, 0x94F4,
    0x4249, 0x0000, 0x0000, 0x7C51, 0x0000, 0x3A08, 0x8472, 0x0000, 0x9D77, 0x6BF2, 0x0000, 0x7C53,
    0xADF9, 0xA5B8, 0xA5B8, 0xADD8, 0x8CD5, 0x84D6, 0x4AAC, 0x0000, 0x0000, 0x0000, 0x0000, 0x0000,
    0x0000, 0x0000, 0x0000, 0x0000, 0x0000, 0x0000, 0x0000, 0x0000, 0x0000, 0x0000, 0x0000, 0x0000,
    0x0000, 0x0000, 0x0000, 0x0000, 0x0000, 0x0000, 0x0000, 0x0000, 0x0000, 0x0000, 0x0000, 0x0000,
    0x0000, 0x0000, 0x0000, 0x0000, 0x0000, 0x0000, 0x0000, 0x0000, 0x18C4, 0x84B5, 0x84D5, 0x8CF6,
    0x84D6, 0x7C94, 0x7C74, 0x7C95, 0x7C94, 0x4AAC, 0x0000, 0x2987, 0x52CD, 0x5B2E, 0x7412, 0x3A2A,
    0x0000, 0x0000, 0x0000, 0x0000, 0x18E4, 0x52EC, 0x8CB2, 0xA576, 0xB618, 0xBE7A, 0xC69A, 0xC67A,
    0xBE5A, 0xB5F8, 0xA576, 0x8CB3, 0x6B8E, 0x4249, 0x1904, 0x0000, 0x0000, 0x0000, 0x0000, 0x0000,
    0x0000, 0x0000, 0x0000, 0x4AAC, 0x8CF6, 0x7C94, 0x84B5, 0x84B5, 0x84D5, 0x84B5, 0x7CB5, 0x8494,
    0x10A3, 0x0000, 0x0000, 0x0000, 0x0000, 0x0000, 0x0000, 0x0000, 0x0000, 0x0000, 0x2966, 0x52CB,
    0x8451, 0xADB7, 0xBE5A, 0xB5F8, 0x8C92, 0x4A6A, 0x0000, 0x0000, 0x0000, 0x2904, 0xB5F8, 0xD75D,
    0xCEFC, 0x8472, 0xBE39, 0xCEDC, 0x9D78, 0x52ED, 0x10A3, 0x9537, 0xADD8, 0xA5D8, 0xA5D8, 0xA5B8,
    0x84B5, 0x84D6, 0x2166, 0x0000, 0x0000, 0x0000, 0x0000, 0x0000, 0x0000, 0x0000, 0x0000, 0x0000,
    0x0000, 0x0000, 0x0000, 0x0000, 0x0000, 0x0000, 0x0000, 0x0000, 0x0000, 0x0000, 0x0000, 0x0000,
    0x0000, 0x0000, 0x0000, 0x0000, 0x0000, 0x0000, 0x0000, 0x0000, 0x0000, 0x0000, 0x0000, 0x0000,
    0x0000, 0x0000, 0x0000, 0x0000, 0x0000, 0x636F, 0x8CF6, 0x7C94, 0x9536, 0x9536, 0x8CF6, 0x84B5,
    0x84D5, 0x8495, 0x0000, 0x4A8C, 0x9578, 0x84D6, 0x8CF6, 0x9D98, 0x8493, 0x2986, 0x0000, 0x0000,
    0x0000, 0x0000, 0x0000, 0x0000, 0x0000, 0x1082, 0x10A2, 0x1082, 0x0000, 0x0000, 0x0000, 0x0000,
    0x0000, 0x0000, 0x0000, 0x0000, 0x0000, 0x0000, 0x0000, 0x0000, 0x0000, 0x0000, 0x10C3, 0x8CF6,
    0x7C74, 0x7C74, 0x7C95, 0x7C95, 0x7C95, 0x7C95, 0x9D77, 0xD71D, 0xB5F8, 0x39E8, 0x2966, 0x4229,
    0x52CB, 0x6B8E, 0x8471, 0x9D35, 0xBE18, 0xCEBB, 0xCEDB, 0xB639, 0x8CF3, 0x5B2C, 0x3186, 0x1862,
    0x0000, 0x0000, 0x0000, 0x0000, 0x4146, 0xC5F9, 0xD75D, 0xC6BB, 0xC6BB, 0xCEDC, 0xCEFC, 0xC69B,
    0x9557, 0x31C8, 0x31E8, 0xADD9, 0xADD8, 0xA5D8, 0xA5D8, 0x9D57, 0x84B5, 0x7453, 0x0000, 0x0000,
    0x0000, 0x0000, 0x0000, 0x0000, 0x0000, 0x0000, 0x0000, 0x0000, 0x0000, 0x0000, 0x0000, 0x0000,
    0x0000, 0x0000, 0x0000, 0x0000, 0x0000, 0x0000, 0x0000, 0x0000, 0x0000, 0x0000, 0x0000, 0x0000,
    0x0000, 0x0000, 0x0000, 0x0000, 0x0000, 0x0000, 0x0000, 0x0000, 0x0000, 0x0000, 0x0000, 0x0000,
    0x0000, 0x2166, 0x8CF6, 0x7C94, 0x9557, 0xADF9, 0xADD8, 0xADD8, 0xA5B8, 0x9D57, 0x2146, 0x18E4,
    0x8CF6, 0x7C94, 0xA5B8, 0xCEDC, 0xD71D, 0xD73D, 0x7C31, 0x2145, 0x0000, 0x0000, 0x0000, 0x0000,
    0x0000, 0x0000, 0x0000, 0x0000, 0x0000, 0x0000, 0x0000, 0x0000, 0x0000, 0x0000, 0x0000, 0x0000,
    0x0000, 0x0000, 0x0000, 0x0000, 0x0000, 0x0000, 0x94D3, 0x0000, 0xB619, 0x9D77, 0x8D16, 0x8D16,
    0x9D77, 0xBE5A, 0xD71D, 0x0000, 0x0000, 0xBE59, 0x9D55, 0x9D76, 0x9D55, 0x94F4, 0x8471, 0x63AE,
    0x4AAA, 0x31A6, 0x18C3, 0x1842, 0x2862, 0x40A4, 0x40C4, 0x2083, 0x0000, 0x0000, 0x0000, 0x5947,
    0x0000, 0xD75D, 0xCEDC, 0xCEFC, 0xCEDC, 0xC6BB, 0xCEDC, 0xBE5A, 0x84D5, 0x10C3, 0x6390, 0xAE19,
    0xADD8, 0xA5B8, 0xA5D8, 0x8D16, 0x84D6, 0x532E, 0x0000, 0x0000, 0x0000, 0x0000, 0x0000, 0x0000,
    0x0000, 0x0000, 0x0000, 0x0000, 0x0000, 0x0000, 0x0000, 0x0000, 0x0000, 0x0000, 0x0000, 0x0000,
    0x0000, 0x0000, 0x0000, 0x0000, 0x0000, 0x0000, 0x0000, 0x0000, 0x0000, 0x0000, 0x0000, 0x0000,
    0x0000, 0x0000, 0x0000, 0x0000, 0x0000, 0x0000, 0x0000, 0x0000, 0x0000, 0x0000, 0x63B1, 0x84D5,
    0x84B5, 0xADD8, 0xADD8, 0xADF9, 0xADF8, 0xADF9, 0x5B2E, 0x0000, 0x7453, 0x84D5, 0xADF9, 0xC6BB,
    0xCEDC, 0x636E, 0x1904, 0x9514, 0xCEDB, 0x8CB3, 0x52CB, 0x2965, 0x1082, 0x0000, 0x0000, 0x0000,
    0x0000, 0x0000, 0x0000, 0x0000, 0x0000, 0x0000, 0x0000, 0x0000, 0x18E3, 0x3186, 0x4A69, 0x634D,
    0x8451, 0xADB7, 0x0000, 0x0000, 0x0000, 0xD73D, 0xCEFC, 0xD6FC, 0xD71C, 0x0000, 0x0000, 0x84B2,
    0x2986, 0x1082, 0x1841, 0x1841, 0x1821, 0x1821, 0x2041, 0x3063, 0x40C4, 0x6147, 0x79CA, 0x79C9,
    0x5147, 0x28A3, 0x0000, 0x0000, 0x0000, 0x1862, 0x71A9, 0xA370, 0xCEFC, 0xCEFC, 0xCEFC, 0xCEFC,
    0xCEFC, 0xC6DC, 0xCEDC, 0xB63A, 0x63B0, 0x10A3, 0x8D16, 0xADF9, 0xA5D8, 0xA5B8, 0xA5B8, 0x84B5,
    0x8CF6, 0x29A7, 0x0000, 0x0000, 0x0000, 0x0000, 0x0000, 0x0000, 0x0000, 0x0000, 0x0000, 0x0000,
    0x0000, 0x0000, 0x0000, 0x0000, 0x0000, 0x0000, 0x0000, 0x0000, 0x0000, 0x0000, 0x0000, 0x0000,
    0x0000, 0x0000, 0x0000, 0x0000, 0x0000, 0x0000, 0x0000, 0x0000, 0x0000, 0x0000, 0x0000, 0x0000,
    0x0000, 0x0000, 0x0000, 0x0000, 0x0000, 0x0000, 0x29A7, 0x84F6, 0x7C74, 0x9D77, 0xADF9, 0xADD8,
    0xADD8, 0xADF9, 0x8CF6, 0x0000, 0x4AAC, 0x8CF6, 0xA5B8, 0xD71D, 0xA597, 0x0000, 0x0000, 0x2125,
    0x73CF, 0xADB7, 0xC69A, 0xCEDB, 0xC69A, 0xBE59, 0xADD7, 0xA596, 0x9D55, 0x9D76, 0xA576, 0xADB7,
    0xB5F8, 0xBE39, 0xBE5A, 0xC67A, 0xBE7A, 0xB639, 0xA596, 0x8492, 0x634D, 0x4249, 0x31A6, 0x4249,
    0x7C31, 0xC6BB, 0x0000, 0xCEFC, 0xD71D, 0xD71C, 0x4A8A, 0x1821, 0x5926, 0x79CA, 0x81EA, 0x8A0B,
    0x922B, 0x922C, 0x9A4C, 0x9A6D, 0x8A4C, 0x6188, 0x2883, 0x0000, 0x0000, 0x0000, 0x0000, 0x0000,
    0x1862, 0x81EA, 0x924C, 0xC63A, 0xCF1D, 0xCEFC, 0xCEFC, 0xCEFC, 0xCEFC, 0xCEDC, 0xCEFC, 0xAE1A,
    0x31E9, 0x31E8, 0xADF9, 0xA5D8, 0xA5D8, 0xADD9, 0x9D77, 0x84D5, 0x7C53, 0x0000, 0x0000, 0x0000,
    0x0000, 0x0000, 0x0000, 0x0000, 0x0000, 0x0000, 0x0000, 0x0000, 0x0000, 0x0000, 0x0000, 0x0000,
    0x0000, 0x0000, 0x0000, 0x0000, 0x0000, 0x0000, 0x0000, 0x0000, 0x0000, 0x0000, 0x0000, 0x0000,
    0x0000, 0x0000, 0x0000, 0x0000, 0x0000, 0x0000, 0x0000, 0x0000, 0x0000, 0x0000, 0x0000, 0x0000,
    0x0000, 0x0000, 0x0000, 0x6BF2, 0x84B5, 0x8CF6, 0xADD8, 0xADD8, 0xADD8, 0xADD8, 0xA5D9, 0x3A09,
    0x10C3, 0x84D5, 0x9D57, 0xD73D, 0x9515, 0x0000, 0x8CB3, 0x4A8A, 0x0000, 0x0000, 0x0000, 0x10C3,
    0x2965, 0x3A08, 0x4A8A, 0x5AEC, 0x5B2D, 0x636D, 0x634D, 0x5B2D, 0x52EB, 0x4A8A, 0x3A08, 0x2986,
    0x18E3, 0x1061, 0x1021, 0x2041, 0x3883, 0x50E5, 0x5926, 0x48E5, 0x2062, 0x20E4, 0x73EF, 0xD73D,
    0xCEDC, 0x31A6, 0x3083, 0x8A0B, 0x920B, 0x89EB, 0x920B, 0x922B, 0x922B, 0x79EA, 0x5946, 0x2062,
    0x0000, 0x0000, 0x39E7, 0x9450, 0x2945, 0x0000, 0x0000, 0x0000, 0x79CA, 0x89CA, 0xACB4, 0xCF3D,
    0xCEDC, 0xCEFC, 0xCEFC, 0xCEFC, 0xCEFC, 0xCEFC, 0xCEFC, 0x9537, 0x10C4, 0x73F1, 0xAE19, 0xA5D8,
    0xA5D8, 0xADD9, 0x8D16, 0x8CF6, 0x52ED, 0x0000, 0x0000, 0x0000, 0x0000, 0x0000, 0x0000, 0x0000,
    0x0000, 0x0000, 0x0000, 0x0000, 0x0000, 0x0000, 0x0000, 0x0000, 0x0000, 0x0000, 0x0000, 0x0000,
    0x0000, 0x0000, 0x0000, 0x0000, 0x0000, 0x0000, 0x0000, 0x0000, 0x0000, 0x0000, 0x0000, 0x0000,
    0x0000, 0x0000, 0x0000, 0x0000, 0x0000, 0x0000, 0x0000, 0x0000, 0x0000, 0x0000, 0x0000, 0x31C8,
    0x8CF6, 0x7C94, 0xA597, 0xADD8, 0xADD8, 0xADD8, 0xADF9, 0x7432, 0x0000, 0x6390, 0x8D37, 0xBE9B,
    0xC69B, 0x3186, 0xB639, 0x0000, 0xC69B, 0x73F0, 0x1882, 0x0000, 0x0000, 0x0000, 0x0000, 0x1000,
    0x2042, 0x3063, 0x3884, 0x40A5, 0x48E5, 0x50E6, 0x5906, 0x6147, 0x7188, 0x81CA, 0x8A0B, 0x922C,
    0x922C, 0x920B, 0x920B, 0x922C, 0x922C, 0x71A9, 0x2863, 0x39C7, 0x39C7, 0x5105, 0xA28D, 0x922C,
    0x8A2B, 0x81EA, 0x6988, 0x40E5, 0x1841, 0x0000, 0x0000, 0x3185, 0x736C, 0xB533, 0xE698, 0x734C,
    0x0000, 0x0000, 0x0000, 0x69A8, 0x89EA, 0x92EE, 0xCEDC, 0xC6DB, 0xCEFC, 0xCEFC, 0xCEFC, 0xCEFC,
    0xCEFC, 0xCEFC, 0xCEFC, 0x636F, 0x2146, 0x9D98, 0xADD8, 0xA5B8, 0xA5D8, 0xA5B8, 0x84B5, 0x84D6,
    0x2125, 0x0000, 0x0000, 0x0000, 0x0000, 0x0000, 0x0000, 0x0000, 0x0000, 0x0000, 0x0000, 0x0000,
    0x0000, 0x0000, 0x0000, 0x0000, 0x0000, 0x0000, 0x0000, 0x0000, 0x0000, 0x0000, 0x0000, 0x0000,
    0x0000, 0x0000, 0x0000, 0x0000, 0x0000, 0x0000, 0x0000, 0x0000, 0x0000, 0x0000, 0x0000, 0x0000,
    0x0000, 0x0000, 0x0000, 0x0000, 0x0000, 0x0000, 0x0000, 0x0000, 0x6BF1, 0x84D5, 0x8CF6, 0xADD8,
    0xA5D8, 0xA5D8, 0xADD8, 0xA5B8, 0x29A7, 0x2145, 0x8CF6, 0xADF9, 0xD73D, 0xA576, 0xA596, 0xCEFC,
    0xCEDC, 0x0000, 0xBDD8, 0x61EA, 0x2083, 0x0000, 0x0000, 0x0000, 0x0000, 0x1061, 0x2083, 0x30C4,
    0x38C4, 0x4926, 0x6168, 0x71A9, 0x79C9, 0x79CA, 0x81EA, 0x81EA, 0x8A0B, 0x8A0B, 0x8A0B, 0x8A2B,
    0x8A2B, 0x922B, 0x924C, 0x5127, 0x4926, 0x71C9, 0x4906, 0x30A3, 0x1821, 0x0000, 0x0000, 0x18E3,
    0x4A28, 0x83AE, 0xB513, 0xD637, 0xEED9, 0xCDF6, 0x5269, 0x0000, 0x0000, 0x0000, 0x5147, 0x922B,
    0x79A9, 0x0000, 0xCF3D, 0xCEDB, 0xCEDC, 0xCEDC, 0xCEFC, 0xCEFC, 0xCEFC, 0xCF1C, 0xBE5B, 0x2166,
    0x5B2E, 0xAE19, 0xA5B8, 0xA5B8, 0xADF8, 0x9557, 0x84B5, 0x6BD1, 0x0000, 0x0000, 0x0000, 0x0000,
    0x0000, 0x0000, 0x0000, 0x0000, 0x0000, 0x0000, 0x0000, 0x0000, 0x0000, 0x0000, 0x0000, 0x0000,
    0x0000, 0x0000, 0x0000, 0x0000, 0x0000, 0x0000, 0x0000, 0x0000, 0x0000, 0x0000, 0x0000, 0x0000,
    0x0000, 0x0000, 0x0000, 0x0000, 0x0000, 0x0000, 0x0000, 0x0000, 0x0000, 0x0000, 0x0000, 0x0000,
    0x0000, 0x0000, 0x0000, 0x0000, 0x2987, 0x8CF6, 0x7C94, 0xA598, 0xADD8, 0xA5D8, 0xA5D8, 0xADF9,
    0x7C73, 0x0000, 0x63B1, 0x9D98, 0xC6BB, 0xCEFC, 0xCEDC, 0xC6DC, 0xCEDC, 0xC6BB, 0xCF3D, 0xC65A,
    0x8ACE, 0x6168, 0x28A3, 0x0000, 0x0000, 0x0000, 0x0000, 0x0000, 0x39C6, 0x18E3, 0x0000, 0x0000,
    0x0000, 0x0000, 0x0000, 0x0000, 0x0000, 0x0000, 0x1001, 0x1001, 0x1001, 0x0000, 0x0000, 0x0000,
    0x0000, 0x0000, 0x10A2, 0x3165, 0x5269, 0x7B8D, 0xA4B1, 0xC5B5, 0xDE57, 0xEEF9, 0x0000, 0xE6D9,
    0x8C2F, 0x2104, 0x39C6, 0x39C6, 0x0000, 0x4926, 0x922B, 0x81A9, 0x7ACC, 0xCF1C, 0xCEFC, 0xC6DC,
    0xC6DC, 0xCEFC, 0xCEFC, 0xCEFC, 0xCEFC, 0xD73D, 0x8494, 0x18E4, 0x9537, 0xADF9, 0xA5B8, 0xA5D8,
    0xADD8, 0x8CF5, 0x8CF6, 0x3A09, 0x0000, 0x0000, 0x0000, 0x0000, 0x0000, 0x0000, 0x0000, 0x0000,
    0x0000, 0x0000, 0x0000, 0x0000, 0x0000, 0x0000, 0x0000, 0x0000, 0x0000, 0x0000, 0x0000, 0x0000,
    0x0000, 0x0000, 0x0000, 0x0000, 0x0000, 0x0000, 0x0000, 0x0000, 0x0000, 0x0000, 0x0000, 0x0000,
    0x0000, 0x0000, 0x0000, 0x0000, 0x0000, 0x0000, 0x0000, 0x0000, 0x0000, 0x0000, 0x0000, 0x0000,
    0x0000, 0x63B0, 0x84D6, 0x8CF6, 0xADD8, 0xA5D8, 0xA5D8, 0xADD8, 0xA5D9, 0x3A09, 0x1905, 0x8D37,
    0xBE7A, 0xC6DB, 0xC6BB, 0xCEDC, 0xCEFC, 0xCEFC, 0xCEDC, 0xCF1D, 0xCE9B, 0x930F, 0x81EB, 0x5967,
    0x0000, 0x0000, 0x0000, 0x0000, 0x6B2C, 0xD616, 0xC594, 0xACF2, 0x9C70, 0x8BEE, 0x7B8C, 0x6B2B,
    0x6B0B, 0x62CA, 0x5ACA, 0x62CA, 0x630B, 0x6B4C, 0x7BAD, 0x8C0F, 0x9C91, 0xB513, 0xC595, 0xD637,
    0xE698, 0xE6D8, 0xEEF9, 0x0000, 0x0000, 0xE6F9, 0x9470, 0x41C7, 0x3186, 0x9450, 0x8C0F, 0x0000,
    0x4105, 0x922B, 0x920B, 0x6147, 0x9D35, 0xD73D, 0xCEDC, 0xCEDC, 0xCEDC, 0xCEFC, 0xCEFC, 0xCEFC,
    0xCEFC, 0xCEFD, 0x3A09, 0x4ACC, 0xB61A, 0xADD8, 0xA5D8, 0xADD8, 0x9D97, 0x84D5, 0x7C53, 0x0000,
    0x0000, 0x0000, 0x0000, 0x0000, 0x0000, 0x0000, 0x0000, 0x0000, 0x0000, 0x0000, 0x0000, 0x0000,
    0x0000, 0x0000, 0x0000, 0x0000, 0x0000, 0x0000, 0x0000, 0x0000, 0x0000, 0x0000, 0x0000, 0x0000,
    0x0000, 0x0000, 0x0000, 0x0000, 0x0000, 0x0000, 0x0000, 0x0000, 0x0000, 0x0000, 0x0000, 0x0000,
    0x0000, 0x0000, 0x0000, 0x0000, 0x0000, 0x0000, 0x0000, 0x0000, 0x0000, 0x2105, 0x84D5, 0x7C94,
    0x9D77, 0xADD8, 0xA5D9, 0xA5D8, 0xADF8, 0x8CF5, 0x0000, 0x532E, 0xADFA, 0xCEDB, 0xC6BB, 0xCEDC,
    0xCEDC, 0xCEFC, 0xCEFC, 0xCEDC, 0xCF1D, 0xCEBB, 0x8B0E, 0x89EB, 0x71C9, 0x1862, 0x0000, 0x0000,
    0x0000, 0x3165, 0x8C0F, 0xD636, 0xF73A, 0x0000, 0xF73A, 0xEEF9, 0xE6B8, 0xE698, 0xE698, 0xE6B8,
    0xE6B8, 0xEED9, 0xEEF9, 0xEF1A, 0xF71A, 0xEF3A, 0xF73A, 0xF75A, 0x0000, 0x0000, 0x0000, 0xCE36,
    0x83CE, 0x4A48, 0x5ACA, 0xA4F2, 0xD637, 0x7B8D, 0x0000, 0x4905, 0xA24C, 0x9A2C, 0x7988, 0x526A,
    0xD73D, 0xCEDC, 0xC6DC, 0xCEDC, 0xCEFC, 0xCEFC, 0xCEFC, 0xCEFC, 0xD73D, 0x9D97, 0x2125, 0x9536,
    0xADF9, 0xADD8, 0xA5D8, 0xADF8, 0x8D16, 0x84F6, 0x428B, 0x0000, 0x0000, 0x0000, 0x0000, 0x0000,
    0x0000, 0x0000, 0x0000, 0x0000, 0x0000, 0x0000, 0x0000, 0x0000, 0x0000, 0x0000, 0x0000, 0x0000,
    0x0000, 0x0000, 0x0000, 0x0000, 0x0000, 0x0000, 0x0000, 0x0000, 0x0000, 0x0000, 0x0000, 0x0000,
    0x0000, 0x0000, 0x0000, 0x0000, 0x0000, 0x0000, 0x0000, 0x0000, 0x0000, 0x0000, 0x0000, 0x0000,
    0x0000, 0x0000, 0x0000, 0x0000, 0x0000, 0x0000, 0x52ED, 0x8CF6, 0x84B5, 0xA5D8, 0xADD8, 0xADD8,
    0xADD8, 0xADF9, 0x5B2E, 0x1083, 0x8CF6, 0xBE9B, 0xCEDC, 0xC6DC, 0xCEDC, 0xCEDC, 0xCEFC, 0xCEFC,
    0xCEDC, 0xCF1D, 0xCEBB, 0x828D, 0x89CA, 0x820B, 0x38E4, 0x0000, 0x0000, 0x2103, 0x2965, 0x2924,
    0x5289, 0x9450, 0xBDB5, 0xDEB8, 0xF75A, 0x0000, 0x0000, 0x0000, 0x0000, 0x0000, 0x0000, 0x0000,
    0x0000, 0x0000, 0x0000, 0x0000, 0xEF19, 0xC5F5, 0x9C90, 0x8C0E, 0xA4F2, 0xDE98, 0x0000, 0xC5B5,
    0x39C6, 0x0000, 0x71A8, 0xB28D, 0xA24C, 0x920B, 0x38C4, 0x9D76, 0xD73D, 0xCEDC, 0xC6DB, 0xC6DC,
    0xCEFC, 0xCEFC, 0xCEFC, 0xCEDC, 0xD75E, 0x52CC, 0x530E, 0xB63A, 0xA5D8, 0xADD9, 0xADF9, 0xA5B8,
    0x84D5, 0x7C94, 0x1082, 0x0000, 0x0000, 0x0000, 0x0000, 0x0000, 0x0000, 0x0000, 0x0000, 0x0000,
    0x0000, 0x0000, 0x0000, 0x0000, 0x0000, 0x0000, 0x0000, 0x0000, 0x0000, 0x0000, 0x0000, 0x0000,
    0x0000, 0x0000, 0x0000, 0x0000, 0x0000, 0x0000, 0x0000, 0x0000, 0x0000, 0x0000, 0x0000, 0x0000,
    0x0000, 0x0000, 0x0000, 0x0000, 0x0000, 0x0000, 0x0000, 0x0000, 0x0000, 0x0000, 0x0000, 0x0000,
    0x0000, 0x0000, 0x0862, 0x7C74, 0x7CB5, 0x9537, 0xADF9, 0xADD8, 0xADD8, 0xADF8, 0xA5B9, 0x2987,
    0x31E9, 0xAE1A, 0xCEDB, 0xC6DC, 0xCEDC, 0xCEFC, 0xCEFC, 0xCEFC, 0xCEFC, 0xCEDC, 0xD73D, 0xBE39,
    0x69EA, 0x89EB, 0x922C, 0x6167, 0x0000, 0x10A2, 0x7BAD, 0xA4F2, 0x83AE, 0x5269, 0x4A28, 0x5248,
    0x62CA, 0x83AD, 0xA4B1, 0xC5D5, 0xDE97, 0xEF1A, 0x0000, 0x0000, 0x0000, 0x0000, 0x0000, 0xF75A,
    0xE6F9, 0xDEB8, 0xEF3A, 0x0000, 0x0000, 0xCDF6, 0x6B2B, 0x0000, 0x2062, 0x9A2B, 0xBAAD, 0xAA6C,
    0xA24C, 0x5906, 0x52AB, 0xD75D, 0xC6BB, 0xC6BB, 0xCEDC, 0xCEFC, 0xCEDC, 0xCEFC, 0xCEDC, 0xD71D,
    0xADF9, 0x29C8, 0x9D77, 0xADF9, 0xADD8, 0xADD8, 0xADF9, 0x9537, 0x8CF6, 0x4AAC, 0x0000, 0x0000,
    0x0000, 0x0000, 0x0000, 0x0000, 0x0000, 0x0000, 0x0000, 0x0000, 0x0000, 0x0000, 0x0000, 0x0000,
    0x0000, 0x0000, 0x0000, 0x0000, 0x0000, 0x0000, 0x0000, 0x0000, 0x0000, 0x0000, 0x0000, 0x0000,
    0x0000, 0x0000, 0x0000, 0x0000, 0x0000, 0x0000, 0x0000, 0x0000, 0x0000, 0x0000, 0x0000, 0x0000,
    0x0000, 0x0000, 0x0000, 0x0000, 0x0000, 0x0000, 0x0000, 0x0000, 0x0000, 0x0000, 0x0000, 0x31E8,
    0x84F6, 0x7C95, 0xA5B8, 0xADF8, 0xADD8, 0xADD9, 0xADF9, 0x8CF5, 0x0882, 0x6BD0, 0xC6BC, 0xCEDB,
    0xCEDC, 0xCEFC, 0xCEFC, 0xC6DC, 0xCEDC, 0xCEFC, 0xCEDC, 0xD75D, 0x9D56, 0x5967, 0x8A0B, 0x922C,
    0x8A0A, 0x30A4, 0x0000, 0x2944, 0x942F, 0xD5F6, 0xE6B9, 0xE6B9, 0xDE98, 0xD657, 0xD657, 0xD677,
    0xE6D8, 0xEF3A, 0x0000, 0x0000, 0x0000, 0x0000, 0x0000, 0x0000, 0x0000, 0x0000, 0xEEFA, 0xBD94,
    0x62EB, 0x1082, 0x0000, 0x6987, 0xB2AD, 0xB28D, 0xAA6C, 0xA24C, 0x89EA, 0x20A3, 0xB618, 0xD71D,
    0xCEFC, 0xCEDC, 0xCEDC, 0xCEDC, 0xCEFC, 0xCEFC, 0xCEDC, 0x0000, 0x636E, 0x6390, 0xB63A, 0xADD8,
    0xADD9, 0xADF9, 0xA5B8, 0x84D6, 0x7C94, 0x1082, 0x0000, 0x0000, 0x0000, 0x0000, 0x0000, 0x0000,
    0x0000, 0x0000, 0x0000, 0x0000, 0x0000, 0x0000, 0x0000, 0x0000, 0x0000, 0x0000, 0x0000, 0x0000,
    0x0000, 0x0000, 0x0000, 0x0000, 0x0000, 0x0000, 0x0000, 0x0000, 0x0000, 0x0000, 0x0000, 0x0000,
    0x0000, 0x0000, 0x0000, 0x0000, 0x0000, 0x0000, 0x0000, 0x0000, 0x0000, 0x0000, 0x0000, 0x0000,
    0x0000, 0x0000, 0x0000, 0x0000, 0x0000, 0x0000, 0x0000, 0x0000, 0x5B6F, 0x84D6, 0x84D5, 0xADF9,
    0xADD9, 0xADD9, 0xADD8, 0xAE1A, 0x63B0, 0x10A3, 0x9D77, 0xCEFC, 0xC6DC, 0xCEFC, 0xCEDC, 0xC6DC,
    0xCEDC, 0xCEFC, 0xCEFC, 0xC6DC, 0x0000, 0x8492, 0x4906, 0x922C, 0xAA6C, 0xB2AD, 0x8A2A, 0x38C4,
    0x0000, 0x0000, 0x4A28, 0x942F, 0xCDD5, 0xEED9, 0x0000, 0x0000, 0x0000, 0x0000, 0x0000, 0x0000,
    0x0000, 0x0000, 0xEF1A, 0xD657, 0xB553, 0x738D, 0x31A6, 0x0000, 0x0000, 0x5925, 0xA24B, 0xBAAD,
    0xAA8C, 0xAA6C, 0xA26C, 0x9A4C, 0x3083, 0x634D, 0x0000, 0xC6DB, 0xCEFC, 0xCEFC, 0xCEFC, 0xCEFC,
    0xCEFC, 0xCEDC, 0xD73D, 0xBE59, 0x4A8B, 0xADF9, 0xADF9, 0xADD9, 0xADD9, 0xADF9, 0x9536, 0x8CF6,
    0x426B, 0x0000, 0x0000, 0x0000, 0x0000, 0x0000, 0x0000, 0x0000, 0x0000, 0x0000, 0x0000, 0x0000,
    0x0000, 0x0000, 0x0000, 0x0000, 0x0000, 0x0000, 0x0000, 0x0000, 0x0000, 0x0000, 0x0000, 0x0000,
    0x0000, 0x0000, 0x0000, 0x0000, 0x0000, 0x0000, 0x0000, 0x0000, 0x0000, 0x0000, 0x0000, 0x0000,
    0x0000, 0x0000, 0x0000, 0x0000, 0x0000, 0x0000, 0x0000, 0x0000, 0x0000, 0x0000, 0x0000, 0x0000,
    0x0000, 0x0000, 0x0000, 0x0000, 0x1082, 0x7C74, 0x7CB5, 0x9557, 0xADF9, 0xADD9, 0xADD9, 0xADD8,
    0xAE1A, 0x424A, 0x29A7, 0xBE9B, 0xCEDC, 0xC6DC, 0xCEDC, 0xC6DB, 0xCEDC, 0xCEFC, 0xCEFC, 0xCEFC,
    0xC6BB, 0x0000, 0x6BAF, 0x48C5, 0x9A4C, 0xAA6C, 0xBAAD, 0xBACE, 0xA26C, 0x6167, 0x2042, 0x0000,
    0x0000, 0x2103, 0x4207, 0x62EB, 0x738D, 0x7BCE, 0x83CE, 0x7BAD, 0x6B2C, 0x4A69, 0x3185, 0x10A2,
    0x0000, 0x0000, 0x3083, 0x7188, 0xAA6C, 0xC34F, 0xD452, 0xB2AD, 0xAA6C, 0xAA6C, 0x9A4C, 0x6147,
    0x18E4, 0xCEDB, 0xCEFC, 0xCEDC, 0xCEFC, 0xCEFC, 0xCEFC, 0xCEFC, 0xCEFC, 0xCEDC, 0x0000, 0x73F0,
    0x8494, 0xB63A, 0xADD8, 0xADD9, 0xADF9, 0xA5B8, 0x84D6, 0x7433, 0x0000, 0x0000, 0x0000, 0x0000,
    0x0000, 0x0000, 0x0000, 0x0000, 0x0000, 0x0000, 0x0000, 0x0000, 0x0000, 0x0000, 0x0000, 0x0000,
    0x0000, 0x0000, 0x0000, 0x0000, 0x0000, 0x0000, 0x0000, 0x0000, 0x0000, 0x0000, 0x0000, 0x0000,
    0x0000, 0x0000, 0x0000, 0x0000, 0x0000, 0x0000, 0x0000, 0x0000, 0x0000, 0x0000, 0x0000, 0x0000,
    0x0000, 0x0000, 0x0000, 0x0000, 0x0000, 0x0000, 0x0000, 0x0000, 0x0000, 0x0000, 0x0000, 0x0000,
    0x0000, 0x29A7, 0x8CF6, 0x84B5, 0xA5B8, 0xADF9, 0xADD9, 0xADD9, 0xADF9, 0xA5B9, 0x2967, 0x5B0D,
    0xCF1D, 0xC6BB, 0xCEDC, 0xCEDC, 0xCEFC, 0xCEFC, 0xC6DC, 0xCEFC, 0xC6DC, 0xC6DC, 0x0000, 0x52CB,
    0x40A4, 0x9A4C, 0xA24C, 0xB28C, 0xB28D, 0xBAAD, 0xBAAD, 0x9A4B, 0x71A8, 0x4905, 0x2863, 0x1821,
    0x1000, 0x0000, 0x0000, 0x1000, 0x1821, 0x2842, 0x40C4, 0x6167, 0x8A0A, 0xAAAC, 0xCB70, 0xCBD1,
    0xC2EE, 0xD452, 0xEDF8, 0xBB0E, 0xAA4C, 0x922B, 0x79CA, 0x0000, 0x9D35, 0xD75E, 0xCEDC, 0xCEDC,
    0xCEFC, 0xCEFC, 0xCEFC, 0xCEFC, 0xCEFC, 0xD73D, 0xB619, 0x6BD0, 0xB61A, 0xADD8, 0xADD9, 0xADD8,
    0xADF9, 0x8D16, 0x84F6, 0x31C8, 0x0000, 0x0000, 0x0000, 0x0000, 0x0000, 0x0000, 0x0000, 0x0000,
    0x0000, 0x0000, 0x0000, 0x0000, 0x0000, 0x0000, 0x0000, 0x0000, 0x0000, 0x0000, 0x0000, 0x0000,
    0x0000, 0x0000, 0x0000, 0x0000, 0x0000, 0x0000, 0x0000, 0x0000, 0x0000, 0x0000, 0x0000, 0x0000,
    0x0000, 0x0000, 0x0000, 0x0000, 0x0000, 0x0000, 0x0000, 0x0000, 0x0000, 0x0000, 0x0000, 0x0000,
    0x0000, 0x0000, 0x0000, 0x0000, 0x0000, 0x0000, 0x0000, 0x0000, 0x0000, 0x0000, 0x52ED, 0x8CF7,
    0x8CD5, 0xADD9, 0xADD9, 0xADD9, 0xADD8, 0xB619, 0x9557, 0x1925, 0x84B3, 0xD73D, 0xC6BB, 0xCEDC,
    0xCEDC, 0xC6DB, 0xC6DC, 0xCEFC, 0xCEDC, 0xCEDC, 0xCEFC, 0x0000, 0x4229, 0x3884, 0x9A4C, 0xA24C,
    0xAA8C, 0xB26C, 0xB26C, 0xB28D, 0xBA8D, 0xBAAD, 0xBAAD, 0xBAAD, 0xB2AD, 0xB2AD, 0xB2AD, 0xB2AD,
    0xBACD, 0xC30E, 0xCB4F, 0xCB4F, 0xD3B1, 0x0000, 0xEE39, 0xF69A, 0xD452, 0xBAAD, 0xBAEE, 0xA24C,
    0x9A2C, 0x81EA, 0x0000, 0x638E, 0x0000, 0xC6DB, 0xCEFC, 0xCEFC, 0xCEDC, 0xCEDC, 0xCEDC, 0xCEFC,
    0xCEFC, 0xD71D, 0x8493, 0xA597, 0xADF9, 0xA5D8, 0xADD9, 0xADF9, 0xA598, 0x8CF6, 0x5B6F, 0x0000,
    0x0000, 0x0000, 0x0000, 0x0000, 0x0000, 0x0000, 0x0000, 0x0000, 0x0000, 0x0000, 0x0000, 0x0000,
    0x0000, 0x0000, 0x0000, 0x0000, 0x0000, 0x0000, 0x0000, 0x0000, 0x0000, 0x0000, 0x0000, 0x0000,
    0x0000, 0x0000, 0x0000, 0x0000, 0x0000, 0x0000, 0x0000, 0x0000, 0x0000, 0x0000, 0x0000, 0x0000,
    0x0000, 0x0000, 0x0000, 0x0000, 0x0000, 0x0000, 0x0000, 0x0000, 0x0000, 0x0000, 0x0000, 0x0000,
    0x0000, 0x0000, 0x0000, 0x0000, 0x0000, 0x0000, 0x0000, 0x73F2, 0x84D6, 0x9536, 0xADF9, 0xA5D8,
    0xADD9, 0xADD8, 0xB619, 0x84D5, 0x2166, 0xA5B8, 0xCF1D, 0xC6BB, 0xC6DB, 0xC6DC, 0xCEFC, 0xCEFC,
    0xC6BB, 0xCEFC, 0xCEFC, 0xCF1C, 0xD71D, 0x31C7, 0x3063, 0x922C, 0xA24C, 0xAA6D, 0xB28D, 0xB28C,
    0xAA6C, 0xB28C, 0xBACE, 0xC30E, 0xC32F, 0xCB4F, 0xCB70, 0xCB70, 0xCB70, 0xCB90, 0xCB90, 0xCB6F,
    0xD412, 0xEDF8, 0xEDB7, 0xDCD4, 0xBAEE, 0xAA6C, 0xA22C, 0x9A2C, 0x71C9, 0x0000, 0x3A4A, 0xD73D,
    0xCEFC, 0xCEFC, 0xCEFC, 0xCEFC, 0xCEFC, 0xCEFC, 0xCEFC, 0xCEDC, 0xD71D, 0xB618, 0x9536, 0xB61A,
    0xADD9, 0xADF9, 0xADD9, 0xADF9, 0x9517, 0x7C95, 0x10A3, 0x0000, 0x0000, 0x0000, 0x0000, 0x0000,
    0x0000, 0x0000, 0x0000, 0x0000, 0x0000, 0x0000, 0x0000, 0x0000, 0x0000, 0x0000, 0x0000, 0x0000,
    0x0000, 0x0000, 0x0000, 0x0000, 0x0000, 0x0000, 0x0000, 0x0000, 0x0000, 0x0000, 0x0000, 0x0000,
    0x0000, 0x0000, 0x0000, 0x0000, 0x0000, 0x0000, 0x0000, 0x0000, 0x0000, 0x0000, 0x0000, 0x0000,
    0x0000, 0x0000, 0x0000, 0x0000, 0x0000, 0x0000, 0x0000, 0x0000, 0x0000, 0x0000, 0x0000, 0x0000,
    0x0000, 0x0000, 0x0000, 0x10C3, 0x8495, 0x84B5, 0x9D77, 0xADF9, 0xA5D8, 0xADD9, 0xADD8, 0xB63A,
    0x7C73, 0x31C8, 0xBE7A, 0xCEFC, 0xC6BB, 0xC6DB, 0xCEDC, 0xC6DC, 0xC6DC, 0xCEDC, 0xCEFC, 0xCEFC,
    0xCF1D, 0xCEFC, 0x3208, 0x2041, 0x8A0B, 0xA24C, 0xA24C, 0xAA8C, 0xB28D, 0xB28D, 0xBAAD, 0xBAEE,
    0xC30E, 0xC32F, 0xC32F, 0xC32F, 0xC32F, 0xC30E, 0xC30E, 0xBAEE, 0xBACD, 0xB2AD, 0xB2AD, 0xAA2B,
    0xA22C, 0xA24C, 0x922C, 0x4906, 0x0000, 0x3A4A, 0xBE7B, 0xD71C, 0xCEDC, 0xCEFC, 0xCEFC, 0xCEFC,
    0xCEFC, 0xCEFC, 0xCEFC, 0xCEFC, 0xCEDC, 0xADD8, 0xADF9, 0xADD9, 0xADF9, 0xADD9, 0xADD9, 0x9D77,
    0x8CF7, 0x3A09, 0x0000, 0x0000, 0x0000, 0x0000, 0x0000, 0x0000, 0x0000, 0x0000, 0x0000, 0x0000,
    0x0000, 0x0000, 0x0000, 0x0000, 0x0000, 0x0000, 0x0000, 0x0000, 0x0000, 0x0000, 0x0000, 0x0000,
    0x0000, 0x0000, 0x0000, 0x0000, 0x0000, 0x0000, 0x0000, 0x0000, 0x0000, 0x0000, 0x0000, 0x0000,
    0x0000, 0x0000, 0x0000, 0x0000, 0x0000, 0x0000, 0x0000, 0x0000, 0x0000, 0x0000, 0x0000, 0x0000,
    0x0000, 0x0000, 0x0000, 0x0000, 0x0000, 0x0000, 0x0000, 0x0000, 0x0000, 0x0000, 0x0000, 0x0000,
    0x2966, 0x84D6, 0x84B5, 0xA5B8, 0xADD8, 0xADD8, 0xADD9, 0xADD8, 0xB63A, 0x7412, 0x4A6A, 0xCEFC,
    0xC6DC, 0xC6BB, 0xCEFC, 0xCF1C, 0xCEFC, 0xCEFC, 0xCEFC, 0xCEFC, 0xCEFC, 0xCF1D, 0xD73D, 0x52EB,
    0x0000, 0x5947, 0x922B, 0xA24C, 0xAA4C, 0xAA6C, 0xAA6C, 0xB28C, 0xB28C, 0xB2AD, 0xB2AD, 0xB2AD,
    0xB28D, 0xB28C, 0xAA6C, 0xAA4C, 0xAA4C, 0xAA4C, 0xA24C, 0x9A4C, 0x79CA, 0x4905, 0x1020, 0x10A3,
    0x5B4F, 0xA5B9, 0xCEFC, 0xCEFC, 0xCEFC, 0xCEFC, 0xCEFC, 0xCEFC, 0xCEFC, 0xCEDC, 0xC6DC, 0xCEFC,
    0xBE7A, 0xADF8, 0xADF9, 0xADD8, 0xADD9, 0xADD8, 0xA5B8, 0x8D17, 0x5B6F, 0x0000, 0x0000, 0x0000,
    0x0000, 0x0000, 0x0000, 0x0000, 0x0000, 0x0000, 0x0000, 0x0000, 0x0000, 0x0000, 0x0000, 0x0000,
    0x0000, 0x0000, 0x0000, 0x0000, 0x0000, 0x0000, 0x0000, 0x0000, 0x0000, 0x0000, 0x0000, 0x0000,
    0x0000, 0x0000, 0x0000, 0x0000, 0x0000, 0x0000, 0x0000, 0x0000, 0x0000, 0x0000, 0x0000, 0x0000,
    0x0000, 0x0000, 0x0000, 0x0000, 0x0000, 0x0000, 0x0000, 0x0000, 0x0000, 0x0000, 0x0000, 0x0000,
    0x0000, 0x0000, 0x0000, 0x0000, 0x0000, 0x0000, 0x0000, 0x0000, 0x0000, 0x3A2A, 0x8CF7, 0x84D5,
    0xADD8, 0xADD8, 0xADD8, 0xADD9, 0xADD8, 0xB65A, 0x7412, 0x634E, 0xD73D, 0xCEDC, 0xCEDC, 0xCEFC,
    0xCEFC, 0xCEFC, 0xCEFC, 0xCEFC, 0xCEFC, 0xCEFC, 0xCEFC, 0x0000, 0x6BF0, 0x0000, 0x1841, 0x5126,
    0x81CA, 0x922B, 0x9A2C, 0x9A4C, 0xA24C, 0xA24C, 0xA26C, 0xA26C, 0xA24C, 0xA24C, 0x9A2C, 0x920B,
    0x81CA, 0x6988, 0x48E5, 0x2041, 0x0000, 0x10C3, 0x4ACC, 0x7C95, 0x9537, 0xC6BB, 0xCEFC, 0xCEFC,
    0xCEFC, 0xCEFC, 0xCEFC, 0xCEFC, 0xCEFC, 0xCEFC, 0xC6DB, 0xC6BB, 0xB639, 0xADF9, 0xADD9, 0xADF9,
    0xADD8, 0xADD8, 0x9537, 0x7C53, 0x0882, 0x0000, 0x0000, 0x0000, 0x0000, 0x0000, 0x0000, 0x0000,
    0x0000, 0x0000, 0x0000, 0x0000, 0x0000, 0x0000, 0x0000, 0x0000, 0x0000, 0x0000, 0x0000, 0x0000,
    0x0000, 0x0000, 0x0000, 0x0000, 0x0000, 0x0000, 0x0000, 0x0000, 0x0000, 0x0000, 0x0000, 0x0000,
    0x0000, 0x0000, 0x0000, 0x0000, 0x0000, 0x0000, 0x0000, 0x0000, 0x0000, 0x0000, 0x0000, 0x0000,
    0x0000, 0x0000, 0x0000, 0x0000, 0x0000, 0x0000, 0x0000, 0x0000, 0x0000, 0x0000, 0x0000, 0x0000,
    0x0000, 0x0000, 0x0000, 0x0000, 0x0000, 0x0000, 0x4AAC, 0x8CF7, 0x8CF6, 0xADD8, 0xADD8, 0xADD8,
    0xADD9, 0xA5B8, 0xB65A, 0x7C53, 0x7C52, 0xD71D, 0xCEDC, 0xCEDC, 0xCEDC, 0xCEDC, 0xCEFC, 0xCEFC,
    0xCEFC, 0xCEFC, 0xCEFC, 0xCEDC, 0xD73D, 0x9516, 0x3A6B, 0x10C3, 0x0000, 0x1821, 0x2862, 0x38A4,
    0x40E5, 0x48E5, 0x48E5, 0x48E5, 0x38C4, 0x3083, 0x2041, 0x0000, 0x0000, 0x0000, 0x1104, 0x3229,
    0x6390, 0x84B5, 0x84F6, 0x84D6, 0xBE9B, 0xD71C, 0xCEFC, 0xCEFC, 0xCEFC, 0xCEFC, 0xCEFC, 0xCEFC,
    0xCEDC, 0xCEDC, 0xCEDC, 0xB65A, 0xADF9, 0xADF9, 0xADF9, 0xADF9, 0xADF9, 0x9557, 0x8CD6, 0x2966,
    0x0000, 0x0000, 0x0000, 0x0000, 0x0000, 0x0000, 0x0000, 0x0000, 0x0000, 0x0000, 0x0000, 0x0000,
    0x0000, 0x0000, 0x0000, 0x0000, 0x0000, 0x0000, 0x0000, 0x0000, 0x0000, 0x0000, 0x0000, 0x0000,
    0x0000, 0x0000, 0x0000, 0x0000, 0x0000, 0x0000, 0x0000, 0x0000, 0x0000, 0x0000, 0x0000, 0x0000,
    0x0000, 0x0000, 0x0000, 0x0000, 0x0000, 0x0000, 0x0000, 0x0000, 0x0000, 0x0000, 0x0000, 0x0000,
    0x0000, 0x0000, 0x0000, 0x0000, 0x0000, 0x0000, 0x0000, 0x0000, 0x0000, 0x0000, 0x0000, 0x0000,
    0x0000, 0x0000, 0x0000, 0x52ED, 0x8CF7, 0x8CF6, 0xADF9, 0xADF9, 0xADF9, 0xADF9, 0xADD8, 0xB65A,
    0x8CF4, 0x9535, 0xCF1C, 0xC6DC, 0xCEDC, 0xCEDC, 0xCEFC, 0xCEFC, 0xCEFC, 0xCEFC, 0xCEFC, 0xCEDC,
    0xCEFC, 0xCF1C, 0xA5D9, 0x7C74, 0x63D1, 0x4AAC, 0x29C8, 0x1946, 0x10E4, 0x10C3, 0x10C4, 0x1905,
    0x2166, 0x31C8, 0x3A4A, 0x530D, 0x63D1, 0x7C94, 0x8D37, 0x9558, 0x8CF6, 0x7C74, 0x8CD5, 0xC69B,
    0xCEFC, 0xCEFC, 0xCEFC, 0xCEFC, 0xCEFC, 0xCEFC, 0xCEFC, 0xCEDC, 0xCEFC, 0xCEFC, 0xC69B, 0xAE19,
    0xB619, 0xADF9, 0xADD9, 0xADF9, 0xA598, 0x8D17, 0x426B, 0x0000, 0x0000, 0x0000, 0x0000, 0x0000,
    0x0000, 0x0000, 0x0000, 0x0000, 0x0000, 0x0000, 0x0000, 0x0000, 0x0000, 0x0000, 0x0000, 0x0000,
    0x0000, 0x0000, 0x0000, 0x0000, 0x0000, 0x0000, 0x0000, 0x0000, 0x0000, 0x0000, 0x0000, 0x0000,
    0x0000, 0x0000, 0x0000, 0x0000, 0x0000, 0x0000, 0x0000, 0x0000, 0x0000, 0x0000, 0x0000, 0x0000,
    0x0000, 0x0000, 0x0000, 0x0000, 0x0000, 0x0000, 0x0000, 0x0000, 0x0000, 0x0000, 0x0000, 0x0000,
    0x0000, 0x0000, 0x0000, 0x0000, 0x0000, 0x0000, 0x0000, 0x0000, 0x0000, 0x0000, 0x0000, 0x0000,
    0x530E, 0x8CF6, 0x8D16, 0xADF9, 0xADF9, 0xADF9, 0xADF9, 0xADF9, 0xB63A, 0x9D77, 0xB619, 0xCEFC,
    0xC6DC, 0xCEDC, 0xC6DC, 0xCEFC, 0xCEFC, 0xCEDC, 0xCEFC, 0xCEFC, 0xCEFC, 0xCEFC, 0xCEFC, 0xADD9,
    0x84D6, 0x84D6, 0x8CF6, 0x8CF6, 0x8D17, 0x9537, 0x84B5, 0x7412, 0x634F, 0x4AAC, 0x422A, 0x31E8,
    0x31C8, 0x29A7, 0x31C8, 0x3A4A, 0x7432, 0xA598, 0xCEDC, 0xD71C, 0xC6DC, 0xCEDC, 0xCEFC, 0xCF1C,
    0xCF1C, 0xCEFC, 0xCEFC, 0xCEFC, 0xCF1D, 0xCEDC, 0xB619, 0xAE19, 0xADF9, 0xADF9, 0xADF9, 0xADD8,
    0x9557, 0x5B6F, 0x0000, 0x0000, 0x0000, 0x0000, 0x0000, 0x0000, 0x0000, 0x0000, 0x0000, 0x0000,
    0x0000, 0x0000, 0x0000, 0x0000, 0x0000, 0x0000, 0x0000, 0x0000, 0x0000, 0x0000, 0x0000, 0x0000,
    0x0000, 0x0000, 0x0000, 0x0000, 0x0000, 0x0000, 0x0000, 0x0000, 0x0000, 0x0000, 0x0000, 0x0000,
    0x0000, 0x0000, 0x0000, 0x0000, 0x0000, 0x0000, 0x0000, 0x0000, 0x0000, 0x0000, 0x0000, 0x0000,
    0x0000, 0x0000, 0x0000, 0x0000, 0x0000, 0x0000, 0x0000, 0x0000, 0x0000, 0x0000, 0x0000, 0x0000,
    0x0000, 0x0000, 0x0000, 0x0000, 0x0000, 0x0000, 0x0000, 0x0000, 0x0000, 0x52ED, 0x8CF6, 0x9516,
    0xADF9, 0xADF8, 0xADF9, 0xAE19, 0xB619, 0xB639, 0xADF9, 0xC69B, 0xCEFC, 0xC6DC, 0xCEDC, 0xCEFC,
    0xCEFC, 0xCEDC, 0xCEFC, 0xCEFC, 0xCEFC, 0xCEFC, 0xCEFC, 0xCF1C, 0xBE9B, 0x9D77, 0x7C95, 0x7C95,
    0x6BF2, 0x3A2A, 0x18C3, 0x0000, 0x0000, 0x0000, 0x0000, 0x0000, 0x0000, 0x0000, 0x0000, 0x0000,
    0x63B0, 0xAE3A, 0xBE7B, 0xCEFC, 0xD71D, 0xCEFC, 0xCEFC, 0xCF1C, 0xCEFC, 0xCEFC, 0xCEFC, 0xCEFC,
    0xC6DC, 0xB639, 0xAE19, 0xADF9, 0xADF9, 0xADF9, 0xADF9, 0x9557, 0x7432, 0x0000, 0x0000, 0x0000,
    0x0000, 0x0000, 0x0000, 0x0000, 0x0000, 0x0000, 0x0000, 0x0000, 0x0000, 0x0000, 0x0000, 0x0000,
    0x0000, 0x0000, 0x0000, 0x0000, 0x0000, 0x0000, 0x0000, 0x0000, 0x0000, 0x0000, 0x0000, 0x0000,
    0x0000, 0x0000, 0x0000, 0x0000, 0x0000, 0x0000, 0x0000, 0x0000, 0x0000, 0x0000, 0x0000, 0x0000,
    0x0000, 0x0000, 0x0000, 0x0000, 0x0000, 0x0000, 0x0000, 0x0000, 0x0000, 0x0000, 0x0000, 0x0000,
    0x0000, 0x0000, 0x0000, 0x0000, 0x0000, 0x0000, 0x0000, 0x0000, 0x0000, 0x0000, 0x0000, 0x0000,
    0x0000, 0x0000, 0x0000, 0x0000, 0x0000, 0x0000, 0x4AAC, 0x84D6, 0x9536, 0xAE19, 0xADF9, 0xADF9,
    0xB619, 0xB619, 0xADF9, 0xAE19, 0xC6BB, 0xCEFC, 0xCEDC, 0xCEFC, 0xCEFC, 0xCEFC, 0xCEFC, 0xCEFC,
    0xCEFC, 0xCEFC, 0xCEFC, 0xCEFC, 0xCEFC, 0xCF1C, 0xC6BB, 0xAE1A, 0x31E8, 0x0000, 0x0000, 0x0000,
    0x0000, 0x0000, 0x0000, 0x0000, 0x0000, 0x0000, 0x0000, 0x0000, 0x3A2A, 0x4AED, 0x636F, 0x7C53,
    0x9D97, 0xC69B, 0xCEFC, 0xCEFC, 0xCEFC, 0xCEFC, 0xCEFC, 0xC6BB, 0xB639, 0xADF9, 0xAE19, 0xADF9,
    0xADF9, 0xAE19, 0x9D98, 0x84B5, 0x1904, 0x0000, 0x0000, 0x0000, 0x0000, 0x0000, 0x0000, 0x0000,
    0x0000, 0x0000, 0x0000, 0x0000, 0x0000, 0x0000, 0x0000, 0x0000, 0x0000, 0x0000, 0x0000, 0x0000,
    0x0000, 0x0000, 0x0000, 0x0000, 0x0000, 0x0000, 0x0000, 0x0000, 0x0000, 0x0000, 0x0000, 0x0000,
    0x0000, 0x0000, 0x0000, 0x0000, 0x0000, 0x0000, 0x0000, 0x0000, 0x0000, 0x0000, 0x0000, 0x0000,
    0x0000, 0x0000, 0x0000, 0x0000, 0x0000, 0x0000, 0x0000, 0x0000, 0x0000, 0x0000, 0x0000, 0x0000,
    0x0000, 0x0000, 0x0000, 0x0000, 0x0000, 0x0000, 0x0000, 0x0000, 0x0000, 0x0000, 0x0000, 0x0000,
    0x0000, 0x0000, 0x0000, 0x424A, 0x84D6, 0x9557, 0xADF9, 0xADF9, 0xADF9, 0xAE19, 0xADF9, 0xB619,
    0xB619, 0xC6BB, 0xCEFC, 0xCEDC, 0xCEFC, 0xCEFC, 0xCEFC, 0xCEFC, 0xCEFC, 0xCEDC, 0xCEFC, 0xCEDC,
    0xCF1C, 0xC6DC, 0xA598, 0x7C74, 0x39E9, 0x0000, 0x0000, 0x0000, 0x0000, 0x0000, 0x0000, 0x0000,
    0x0000, 0x0000, 0x0000, 0x2104, 0xC67A, 0xC67A, 0xBE39, 0xB619, 0xBE5A, 0xC69B, 0xCEDC, 0xCEFC,
    0xC6DB, 0xBE7A, 0xB65A, 0xAE19, 0xAE19, 0xADF9, 0xAE19, 0xAE19, 0xADF9, 0xA598, 0x8CF6, 0x31E8,
    0x0000, 0x0000, 0x0000, 0x0000, 0x0000, 0x0000, 0x0000, 0x0000, 0x0000, 0x0000, 0x0000, 0x0000,
    0x0000, 0x0000, 0x0000, 0x0000, 0x0000, 0x0000, 0x0000, 0x0000, 0x0000, 0x0000, 0x0000, 0x0000,
    0x0000, 0x0000, 0x0000, 0x0000, 0x0000, 0x0000, 0x0000, 0x0000, 0x0000, 0x0000, 0x0000, 0x0000,
    0x0000, 0x0000, 0x0000, 0x0000, 0x0000, 0x0000, 0x0000, 0x0000, 0x0000, 0x0000, 0x0000, 0x0000,
    0x0000, 0x0000, 0x0000, 0x0000, 0x0000, 0x0000, 0x0000, 0x0000, 0x0000, 0x0000, 0x0000, 0x0000,
    0x0000, 0x0000, 0x0000, 0x0000, 0x0000, 0x0000, 0x0000, 0x0000, 0x0000, 0x0000, 0x0000, 0x0000,
    0x31C8, 0x84B5, 0x9557, 0xADF9, 0xB619, 0xAE19, 0xAE19, 0xADF9, 0xB619, 0xB639, 0xC69B, 0xCEFC,
    0xCEFC, 0xCEFC, 0xCEFC, 0xCEFC, 0xCEFC, 0xCEDC, 0xCEFC, 0xCEFC, 0xAE19, 0x7C53, 0x636F, 0x636E,
    0x8CB3, 0x2986, 0x0000, 0x0000, 0x0000, 0x0000, 0x0000, 0x0000, 0x0000, 0x0000, 0x0000, 0x4A6A,
    0x0000, 0x0000, 0x0000, 0x0000, 0xD71D, 0xCEFC, 0xCEFC, 0xCEDC, 0xCEFC, 0xBE7A, 0xADF9, 0xAE19,
    0xADF9, 0xADD9, 0xADF9, 0xADF9, 0xA5B8, 0x8D37, 0x428B, 0x0000, 0x0000, 0x0000, 0x0000, 0x0000,
    0x0000, 0x0000, 0x0000, 0x0000, 0x0000, 0x0000, 0x0000, 0x0000, 0x0000, 0x0000, 0x0000, 0x0000,
    0x0000, 0x0000, 0x0000, 0x0000, 0x0000, 0x0000, 0x0000, 0x0000, 0x0000, 0x0000, 0x0000, 0x0000,
    0x0000, 0x0000, 0x0000, 0x0000, 0x0000, 0x0000, 0x0000, 0x0000, 0x0000, 0x0000, 0x0000, 0x0000,
    0x0000, 0x0000, 0x0000, 0x0000, 0x0000, 0x0000, 0x0000, 0x0000, 0x0000, 0x0000, 0x0000, 0x0000,
    0x0000, 0x0000, 0x0000, 0x0000, 0x0000, 0x0000, 0x0000, 0x0000, 0x0000, 0x0000, 0x0000, 0x0000,
    0x0000, 0x0000, 0x0000, 0x0000, 0x0000, 0x0000, 0x0000, 0x0000, 0x0000, 0x2125, 0x7C54, 0x9557,
    0xADD8, 0xB619, 0xADF9, 0xADF9, 0xB619, 0xB63A, 0xB619, 0xBE5A, 0xCEDC, 0xCEFC, 0xCEFC, 0xCEFC,
    0xCEFC, 0xCEDC, 0xCEFC, 0xC69B, 0xADD8, 0xB618, 0xD6FC, 0x0000, 0x0000, 0x94D3, 0x0000, 0x0000,
    0x0000, 0x0000, 0x0000, 0x0000, 0x0000, 0x0000, 0x0000, 0x73AF, 0x0000, 0x0000, 0x0000, 0x0000,
    0xD71C, 0xCEFC, 0xCEFC, 0xCEDC, 0xC6DC, 0xCEDC, 0xB63A, 0xADF9, 0xADF9, 0xADF9, 0xADF9, 0xADD8,
    0x9578, 0x5B4F, 0x0000, 0x0000, 0x0000, 0x0000, 0x0000, 0x0000, 0x0000, 0x0000, 0x0000, 0x0000,
    0x0000, 0x0000, 0x0000, 0x0000, 0x0000, 0x0000, 0x0000, 0x0000, 0x0000, 0x0000, 0x0000, 0x0000,
    0x0000, 0x0000, 0x0000, 0x0000, 0x0000, 0x0000, 0x0000, 0x0000, 0x0000, 0x0000, 0x0000, 0x0000,
    0x0000, 0x0000, 0x0000, 0x0000, 0x0000, 0x0000, 0x0000, 0x0000, 0x0000, 0x0000, 0x0000, 0x0000,
    0x0000, 0x0000, 0x0000, 0x0000, 0x0000, 0x0000, 0x0000, 0x0000, 0x0000, 0x0000, 0x0000, 0x0000,
    0x0000, 0x0000, 0x0000, 0x0000, 0x0000, 0x0000, 0x0000, 0x0000, 0x0000, 0x0000, 0x0000, 0x0000,
    0x0000, 0x0000, 0x0000, 0x0000, 0x0000, 0x0000, 0x10A3, 0x6BF2, 0x9558, 0xA5B8, 0xB619, 0xADF9,
    0xADF9, 0xB619, 0xB619, 0xADF9, 0xB619, 0xBE7A, 0xC6BB, 0xC6DB, 0xCEDC, 0xCEFC, 0xCEFC, 0xCEFC,
    0x0000, 0x0000, 0x0000, 0x0000, 0x0000, 0x0000, 0x18C3, 0x0000, 0x0000, 0x0000, 0x0000, 0x0000,
    0x0000, 0x0000, 0x0000, 0x9CF3, 0x0000, 0x0000, 0x0000, 0x0000, 0x0000, 0xD71C, 0xCEFC, 0xCEFC,
    0xC6DC, 0xC6DB, 0xB63A, 0xADF9, 0xADF9, 0xADF9, 0xADF9, 0x9D77, 0x6BF2, 0x0000, 0x0000, 0x0000,
    0x0000, 0x0000, 0x0000, 0x0000, 0x0000, 0x0000, 0x0000, 0x0000, 0x0000, 0x0000, 0x0000, 0x0000,
    0x0000, 0x0000, 0x0000, 0x0000, 0x0000, 0x0000, 0x0000, 0x0000, 0x0000, 0x0000, 0x0000, 0x0000,
    0x0000, 0x0000, 0x0000, 0x0000, 0x0000, 0x0000, 0x0000, 0x0000, 0x0000, 0x0000, 0x0000, 0x0000,
    0x0000, 0x0000, 0x0000, 0x0000, 0x0000, 0x0000, 0x0000, 0x0000, 0x0000, 0x0000, 0x0000, 0x0000,
    0x0000, 0x0000, 0x0000, 0x0000, 0x0000, 0x0000, 0x0000, 0x0000, 0x0000, 0x0000, 0x0000, 0x0000,
    0x0000, 0x0000, 0x0000, 0x0000, 0x0000, 0x0000, 0x0000, 0x0000, 0x0000, 0x0000, 0x0000, 0x0000,
    0x0000, 0x0000, 0x0000, 0x0000, 0x5B2F, 0x9537, 0xA598, 0xADF8, 0xADF9, 0xB619, 0xADF9, 0xADF9,
    0xB619, 0xB619, 0xB63A, 0xB639, 0xC69B, 0xCEFC, 0xCEFC, 0xD71C, 0xD71C, 0x0000, 0x0000, 0x0000,
    0x0000, 0x0000, 0x73AF, 0x0000, 0x0000, 0x0000, 0x0000, 0x0000, 0x0000, 0x0000, 0x0000, 0xBDF8,
    0x0000, 0x0000, 0x0000, 0x0000, 0x0000, 0xD73D, 0xCF1C, 0xCEFC, 0xCEFC, 0xC6DC, 0xB63A, 0xADF9,
    0xADF9, 0xADF9, 0x9D77, 0x7C74, 0x10A3, 0x0000, 0x0000, 0x0000, 0x0000, 0x0000, 0x0000, 0x0000,
    0x0000, 0x0000, 0x0000, 0x0000, 0x0000, 0x0000, 0x0000, 0x0000, 0x0000, 0x0000, 0x0000, 0x0000,
    0x0000, 0x0000, 0x0000, 0x0000, 0x0000, 0x0000, 0x0000, 0x0000, 0x0000, 0x0000, 0x0000, 0x0000,
    0x0000, 0x0000, 0x0000, 0x0000, 0x0000, 0x0000, 0x0000, 0x0000, 0x0000, 0x0000, 0x0000, 0x0000,
    0x0000, 0x0000, 0x0000, 0x0000, 0x0000, 0x0000, 0x0000, 0x0000, 0x0000, 0x0000, 0x0000, 0x0000,
    0x0000, 0x0000, 0x0000, 0x0000, 0x0000, 0x0000, 0x0000, 0x0000, 0x0000, 0x0000, 0x0000, 0x0000,
    0x0000, 0x0000, 0x0000, 0x0000, 0x0000, 0x0000, 0x0000, 0x0000, 0x0000, 0x0000, 0x0000, 0x0000,
    0x0000, 0x426B, 0x8CF6, 0x9D78, 0xADD8, 0xADF9, 0xADF9, 0xADF9, 0xAE19, 0xB619, 0xB63A, 0xB65A,
    0xCEDC, 0xCEDC, 0xCEDC, 0xCEFC, 0xD71C, 0x0000, 0x0000, 0x0000, 0x0000, 0x0000, 0xC67A, 0x0000,
    0x0000, 0x0000, 0x0000, 0x0000, 0x0000, 0x0000, 0x0000, 0xD6DB, 0x0000, 0x0000, 0x0000, 0x0000,
    0x0000, 0xD73D, 0xCF1C, 0xCEFC, 0xCEFC, 0xC6DC, 0xAE19, 0xADF9, 0xADF9, 0x9D77, 0x84D6, 0x2145,
    0x0000, 0x0000, 0x0000, 0x0000, 0x0000, 0x0000, 0x0000, 0x0000, 0x0000, 0x0000, 0x0000, 0x0000,
    0x0000, 0x0000, 0x0000, 0x0000, 0x0000, 0x0000, 0x0000, 0x0000, 0x0000, 0x0000, 0x0000, 0x0000,
    0x0000, 0x0000, 0x0000, 0x0000, 0x0000, 0x0000, 0x0000, 0x0000, 0x0000, 0x0000, 0x0000, 0x0000,
    0x0000, 0x0000, 0x0000, 0x0000, 0x0000, 0x0000, 0x0000, 0x0000, 0x0000, 0x0000, 0x0000, 0x0000,
    0x0000, 0x0000, 0x0000, 0x0000, 0x0000, 0x0000, 0x0000, 0x0000, 0x0000, 0x0000, 0x0000, 0x0000,
    0x0000, 0x0000, 0x0000, 0x0000, 0x0000, 0x0000, 0x0000, 0x0000, 0x0000, 0x0000, 0x0000, 0x0000,
    0x0000, 0x0000, 0x0000, 0x0000, 0x0000, 0x0000, 0x0000, 0x0000, 0x0000, 0x0000, 0x2987, 0x7C94,
    0x9D77, 0xA5D8, 0xADF9, 0xADF9, 0xAE19, 0xB619, 0xAE19, 0xBE7A, 0xCEFC, 0xCEDC, 0xCEFC, 0xCEDC,
    0xD73D, 0x0000, 0x0000, 0x0000, 0x0000, 0x0000, 0x0000, 0x4249, 0x0000, 0x0000, 0x0000, 0x0000,
    0x0000, 0x0000, 0x2124, 0x0000, 0x0000, 0x0000, 0x0000, 0x0000, 0x0000, 0xD71D, 0xCF1C, 0xCEFC,
    0xCEFC, 0xBE7A, 0xADF9, 0xB619, 0x9D77, 0x8D17, 0x31E9, 0x0000, 0x0000, 0x0000, 0x0000, 0x0000,
    0x0000, 0x0000, 0x0000, 0x0000, 0x0000, 0x0000, 0x0000, 0x0000, 0x0000, 0x0000, 0x0000, 0x0000,
    0x0000, 0x0000, 0x0000, 0x0000, 0x0000, 0x0000, 0x0000, 0x0000, 0x0000, 0x0000, 0x0000, 0x0000,
    0x0000, 0x0000, 0x0000, 0x0000, 0x0000, 0x0000, 0x0000, 0x0000, 0x0000, 0x0000, 0x0000, 0x0000,
    0x0000, 0x0000, 0x0000, 0x0000, 0x0000, 0x0000, 0x0000, 0x0000, 0x0000, 0x0000, 0x0000, 0x0000,
    0x0000, 0x0000, 0x0000, 0x0000, 0x0000, 0x0000, 0x0000, 0x0000, 0x0000, 0x0000, 0x0000, 0x0000,
    0x0000, 0x0000, 0x0000, 0x0000, 0x0000, 0x0000, 0x0000, 0x0000, 0x0000, 0x0000, 0x0000, 0x0000,
    0x0000, 0x0000, 0x0000, 0x0000, 0x0000, 0x0000, 0x0000, 0x10A3, 0x6BD1, 0x9558, 0xA5B8, 0xADF9,
    0xADD8, 0xADD8, 0xADF9, 0xB619, 0xC6DB, 0xC6DC, 0xCEFC, 0xCEFC, 0xD71C, 0x0000, 0x0000, 0x0000,
    0x0000, 0x0000, 0x0000, 0xA535, 0x0000, 0x0000, 0x0000, 0x0000, 0x0000, 0x0000, 0x3A08, 0x0000,
    0x0000, 0x0000, 0x0000, 0x0000, 0xD73C, 0xCF1C, 0xCEFC, 0xCEFC, 0xC6BB, 0xADF9, 0xB619, 0x9D77,
    0x8D17, 0x428B, 0x0000, 0x0000, 0x0000, 0x0000, 0x0000, 0x0000, 0x0000, 0x0000, 0x0000, 0x0000,
    0x0000, 0x0000, 0x0000, 0x0000, 0x0000, 0x0000, 0x0000, 0x0000, 0x0000, 0x0000, 0x0000, 0x0000,
    0x0000, 0x0000, 0x0000, 0x0000, 0x0000, 0x0000, 0x0000, 0x0000, 0x0000, 0x0000, 0x0000, 0x0000,
    0x0000, 0x0000, 0x0000, 0x0000, 0x0000, 0x0000, 0x0000, 0x0000, 0x0000, 0x0000, 0x0000, 0x0000,
    0x0000, 0x0000, 0x0000, 0x0000, 0x0000, 0x0000, 0x0000, 0x0000, 0x0000, 0x0000, 0x0000, 0x0000,
    0x0000, 0x0000, 0x0000, 0x0000, 0x0000, 0x0000, 0x0000, 0x0000, 0x0000, 0x0000, 0x0000, 0x0000,
    0x0000, 0x0000, 0x0000, 0x0000, 0x0000, 0x0000, 0x0000, 0x0000, 0x0000, 0x0000, 0x0000, 0x0000,
    0x0000, 0x0000, 0x0000, 0x0000, 0x0000, 0x52ED, 0x9537, 0x9D97, 0xADF8, 0xADD9, 0xA5B8, 0xA5D8,
    0xBE9B, 0xCEFC, 0xCEFC, 0xCF1C, 0xD71C, 0x0000, 0x0000, 0x0000, 0x0000, 0x0000, 0x0000, 0x0000,
    0x18E4, 0x0000, 0x0000, 0x0000, 0x0000, 0x0000, 0x5B0C, 0x0000, 0x0000, 0x0000, 0x0000, 0xD73D,
    0xCF1C, 0xCEFC, 0xCEFC, 0xC6BB, 0xB619, 0xAE19, 0x9557, 0x8D37, 0x530E, 0x0000, 0x0000, 0x0000,
    0x0000, 0x0000, 0x0000, 0x0000, 0x0000, 0x0000, 0x0000, 0x0000, 0x0000, 0x0000, 0x0000, 0x0000,
    0x0000, 0x0000, 0x0000, 0x0000, 0x0000, 0x0000, 0x0000, 0x0000, 0x0000, 0x0000, 0x0000, 0x0000,
    0x0000, 0x0000, 0x0000, 0x0000, 0x0000, 0x0000, 0x0000, 0x0000, 0x0000, 0x0000, 0x0000, 0x0000,
    0x0000, 0x0000, 0x0000, 0x0000, 0x0000, 0x0000, 0x0000, 0x0000, 0x0000, 0x0000, 0x0000, 0x0000,
    0x0000, 0x0000, 0x0000, 0x0000, 0x0000, 0x0000, 0x0000, 0x0000, 0x0000, 0x0000, 0x0000, 0x0000,
    0x0000, 0x0000, 0x0000, 0x0000, 0x0000, 0x0000, 0x0000, 0x0000, 0x0000, 0x0000, 0x0000, 0x0000,
    0x0000, 0x0000, 0x0000, 0x0000, 0x0000, 0x0000, 0x0000, 0x0000, 0x0000, 0x0000, 0x0000, 0x0000,
    0x0000, 0x0000, 0x31C8, 0x8494, 0x9557, 0xA5B8, 0xB619, 0xADF9, 0xAE19, 0xC6DB, 0xD71D, 0xCEFC,
    0xCF1C, 0xD71D, 0xD73D, 0x0000, 0x0000, 0x0000, 0x0000, 0x0000, 0x6B6E, 0x0000, 0x0000, 0x0000,
    0x0000, 0x0000, 0x7BF0, 0x0000, 0x0000, 0x0000, 0xD71D, 0xCEFC, 0xCEFC, 0xCF1C, 0xBE9B, 0xADF9,
    0xADF9, 0x9536, 0x8D17, 0x636F, 0x0000, 0x0000, 0x0000, 0x0000, 0x0000, 0x0000, 0x0000, 0x0000,
    0x0000, 0x0000, 0x0000, 0x0000, 0x0000, 0x0000, 0x0000, 0x0000, 0x0000, 0x0000, 0x0000, 0x0000,
    0x0000, 0x0000, 0x0000, 0x0000, 0x0000, 0x0000, 0x0000, 0x0000, 0x0000, 0x0000, 0x0000, 0x0000,
    0x0000, 0x0000, 0x0000, 0x0000, 0x0000, 0x0000, 0x0000, 0x0000, 0x0000, 0x0000, 0x0000, 0x0000,
    0x0000, 0x0000, 0x0000, 0x0000, 0x0000, 0x0000, 0x0000, 0x0000, 0x0000, 0x0000, 0x0000, 0x0000,
    0x0000, 0x0000, 0x0000, 0x0000, 0x0000, 0x0000, 0x0000, 0x0000, 0x0000, 0x0000, 0x0000, 0x0000,
    0x0000, 0x0000, 0x0000, 0x0000, 0x0000, 0x0000, 0x0000, 0x0000, 0x0000, 0x0000, 0x0000, 0x0000,
    0x0000, 0x0000, 0x0000, 0x0000, 0x0000, 0x0000, 0x0000, 0x0000, 0x0000, 0x0000, 0x0000, 0x18C4,
    0x6BD1, 0x9537, 0x9D78, 0xADF9, 0xADF9, 0xB619, 0xC6DC, 0xD71D, 0xCEFC, 0xCF1D, 0xD71C, 0xD71D,
    0xD73D, 0x0000, 0x0000, 0x0000, 0xB5F8, 0x0000, 0x0000, 0x0000, 0x0000, 0x0000, 0x94B3, 0x0000,
    0xCEFC, 0xCF1C, 0xCEFC, 0xCEFC, 0xCEDC, 0xBE5A, 0xAE19, 0xA5B8, 0x8CF6, 0x8D17, 0x5B4F, 0x0000,
    0x0000, 0x0000, 0x0000, 0x0000, 0x0000, 0x0000, 0x0000, 0x0000, 0x0000, 0x0000, 0x0000, 0x0000,
    0x0000, 0x0000, 0x0000, 0x0000, 0x0000, 0x0000, 0x0000, 0x0000, 0x0000, 0x0000, 0x0000, 0x0000,
    0x0000, 0x0000, 0x0000, 0x0000, 0x0000, 0x0000, 0x0000, 0x0000, 0x0000, 0x0000, 0x0000, 0x0000,
    0x0000, 0x0000, 0x0000, 0x0000, 0x0000, 0x0000, 0x0000, 0x0000, 0x0000, 0x0000, 0x0000, 0x0000,
    0x0000, 0x0000, 0x0000, 0x0000, 0x0000, 0x0000, 0x0000, 0x0000, 0x0000, 0x0000, 0x0000, 0x0000,
    0x0000, 0x0000, 0x0000, 0x0000, 0x0000, 0x0000, 0x0000, 0x0000, 0x0000, 0x0000, 0x0000, 0x0000,
    0x0000, 0x0000, 0x0000, 0x0000, 0x0000, 0x0000, 0x0000, 0x0000, 0x0000, 0x0000, 0x0000, 0x0000,
    0x0000, 0x0000, 0x0000, 0x0000, 0x0000, 0x0000, 0x0000, 0x0000, 0x0000, 0x4ACD, 0x84F6, 0x9537,
    0xA5B8, 0xB619, 0xB619, 0xBE7B, 0xCEDC, 0xCF1C, 0xCF1C, 0xCEFC, 0xCEFC, 0xD71D, 0xD71C, 0xD73D,
    0x0000, 0x2986, 0x0000, 0x0000, 0x0000, 0x0000, 0xA575, 0x0000, 0xCEFC, 0xCEFC, 0xC6DC, 0xBE7A,
    0xB639, 0xADF9, 0x9557, 0x84D5, 0x8CF7, 0x52CD, 0x0000, 0x0000, 0x0000, 0x0000, 0x0000, 0x0000,
    0x0000, 0x0000, 0x0000, 0x0000, 0x0000, 0x0000, 0x0000, 0x0000, 0x0000, 0x0000, 0x0000, 0x0000,
    0x0000, 0x0000, 0x0000, 0x0000, 0x0000, 0x0000, 0x0000, 0x0000, 0x0000, 0x0000, 0x0000, 0x0000,
    0x0000, 0x0000, 0x0000, 0x0000, 0x0000, 0x0000, 0x0000, 0x0000, 0x0000, 0x0000, 0x0000, 0x0000,
    0x0000, 0x0000, 0x0000, 0x0000, 0x0000, 0x0000, 0x0000, 0x0000, 0x0000, 0x0000, 0x0000, 0x0000,
    0x0000, 0x0000, 0x0000, 0x0000, 0x0000, 0x0000, 0x0000, 0x0000, 0x0000, 0x0000, 0x0000, 0x0000,
    0x0000, 0x0000, 0x0000, 0x0000, 0x0000, 0x0000, 0x0000, 0x0000, 0x0000, 0x0000, 0x0000, 0x0000,
    0x0000, 0x0000, 0x0000, 0x0000, 0x0000, 0x0000, 0x0000, 0x0000, 0x0000, 0x0000, 0x0000, 0x0000,
    0x0000, 0x0000, 0x0000, 0x0000, 0x0000, 0x0000, 0x2987, 0x7454, 0x8CF7, 0x9536, 0xA5B8, 0xAE19,
    0xB639, 0xBE7A, 0xC6BB, 0xCEFC, 0xCEFC, 0xCF1C, 0xCEFC, 0xCEFC, 0x0000, 0x73F0, 0x0000, 0x0000,
    0x0000, 0x0000, 0xADD7, 0xCF1C, 0xBE7A, 0xBE5A, 0xB619, 0xADF9, 0x9D97, 0x8CF5, 0x84F6, 0x84B5,
    0x3A09, 0x0000, 0x0000, 0x0000, 0x0000, 0x0000, 0x0000, 0x0000, 0x0000, 0x0000, 0x0000, 0x0000,
    0x0000, 0x0000, 0x0000, 0x0000, 0x0000, 0x0000, 0x0000, 0x0000, 0x0000, 0x0000, 0x0000, 0x0000,
    0x0000, 0x0000, 0x0000, 0x0000, 0x0000, 0x0000, 0x0000, 0x0000, 0x0000, 0x0000, 0x0000, 0x0000,
    0x0000, 0x0000, 0x0000, 0x0000, 0x0000, 0x0000, 0x0000, 0x0000, 0x0000, 0x0000, 0x0000, 0x0000,
    0x0000, 0x0000, 0x0000, 0x0000, 0x0000, 0x0000, 0x0000, 0x0000, 0x0000, 0x0000, 0x0000, 0x0000,
    0x0000, 0x0000, 0x0000, 0x0000, 0x0000, 0x0000, 0x0000, 0x0000, 0x0000, 0x0000, 0x0000, 0x0000,
    0x0000, 0x0000, 0x0000, 0x0000, 0x0000, 0x0000, 0x0000, 0x0000, 0x0000, 0x0000, 0x0000, 0x0000,
    0x0000, 0x0000, 0x0000, 0x0000, 0x0000, 0x0000, 0x0000, 0x0000, 0x0000, 0x0000, 0x0000, 0x0000,
    0x0000, 0x0000, 0x0000, 0x0882, 0x530E, 0x84D6, 0x8CF6, 0x8D16, 0x9D77, 0xADD9, 0xB619, 0xB639,
    0xBE5A, 0xBE7A, 0xBE7A, 0xBE7B, 0xC6DC, 0xADB7, 0x0000, 0x0000, 0x0000, 0x0000, 0xA597, 0xB619,
    0xADD8, 0xA598, 0x9D57, 0x8CD5, 0x84D6, 0x8CF6, 0x6390, 0x18E4, 0x0000, 0x0000, 0x0000, 0x0000,
    0x0000, 0x0000, 0x0000, 0x0000, 0x0000, 0x0000, 0x0000, 0x0000, 0x0000, 0x0000, 0x0000, 0x0000,
    0x0000, 0x0000, 0x0000, 0x0000, 0x0000, 0x0000, 0x0000, 0x0000, 0x0000, 0x0000, 0x0000, 0x0000,
    0x0000, 0x0000, 0x0000, 0x0000, 0x0000, 0x0000, 0x0000, 0x0000, 0x0000, 0x0000, 0x0000, 0x0000,
    0x0000, 0x0000, 0x0000, 0x0000, 0x0000, 0x0000, 0x0000, 0x0000, 0x0000, 0x0000, 0x0000, 0x0000,
    0x0000, 0x0000, 0x0000, 0x0000, 0x0000, 0x0000, 0x0000, 0x0000, 0x0000, 0x0000, 0x0000, 0x0000,
    0x0000, 0x0000, 0x0000, 0x0000, 0x0000, 0x0000, 0x0000, 0x0000, 0x0000, 0x0000, 0x0000, 0x0000,
    0x0000, 0x0000, 0x0000, 0x0000, 0x0000, 0x0000, 0x0000, 0x0000, 0x0000, 0x0000, 0x0000, 0x0000,
    0x0000, 0x0000, 0x0000, 0x0000, 0x0000, 0x0000, 0x0000, 0x0000, 0x0000, 0x0000, 0x0000, 0x0000,
    0x0000, 0x2146, 0x63B0, 0x84D6, 0x8CF6, 0x8CF6, 0x9516, 0x9D77, 0xA5B8, 0xADD8, 0xADD9, 0xADF9,
    0xADF9, 0xBE5A, 0x2986, 0x0000, 0x0000, 0x10C3, 0x9D57, 0x9537, 0x8CD5, 0x84B5, 0x84D6, 0x8CF6,
    0x7412, 0x31C8, 0x0000, 0x0000, 0x0000, 0x0000, 0x0000, 0x0000, 0x0000, 0x0000, 0x0000, 0x0000,
    0x0000, 0x0000, 0x0000, 0x0000, 0x0000, 0x0000, 0x0000, 0x0000, 0x0000, 0x0000, 0x0000, 0x0000,
    0x0000, 0x0000, 0x0000, 0x0000, 0x0000, 0x0000, 0x0000, 0x0000, 0x0000, 0x0000, 0x0000, 0x0000,
    0x0000, 0x0000, 0x0000, 0x0000, 0x0000, 0x0000, 0x0000, 0x0000, 0x0000, 0x0000, 0x0000, 0x0000,
    0x0000, 0x0000, 0x0000, 0x0000, 0x0000, 0x0000, 0x0000, 0x0000, 0x0000, 0x0000, 0x0000, 0x0000,
    0x0000, 0x0000, 0x0000, 0x0000, 0x0000, 0x0000, 0x0000, 0x0000, 0x0000, 0x0000, 0x0000, 0x0000,
    0x0000, 0x0000, 0x0000, 0x0000, 0x0000, 0x0000, 0x0000, 0x0000, 0x0000, 0x0000, 0x0000, 0x0000,
    0x0000, 0x0000, 0x0000, 0x0000, 0x0000, 0x0000, 0x0000, 0x0000, 0x0000, 0x0000, 0x0000, 0x0000,
    0x0000, 0x0000, 0x0000, 0x0000, 0x0000, 0x0000, 0x0000, 0x0000, 0x0000, 0x0000, 0x0000, 0x2146,
    0x5B2E, 0x7C74, 0x8CF6, 0x8CF6, 0x8CF6, 0x84F6, 0x8CF6, 0x8CF6, 0x8CF5, 0x9557, 0x4ACC, 0x0000,
    0x0000, 0x1925, 0x8D16, 0x8CF6, 0x8CF6, 0x7C94, 0x636F, 0x29A7, 0x0000, 0x0000, 0x0000, 0x0000,
    0x0000, 0x0000, 0x0000, 0x0000, 0x0000, 0x0000, 0x0000, 0x0000, 0x0000, 0x0000, 0x0000, 0x0000,
    0x0000, 0x0000, 0x0000, 0x0000, 0x0000, 0x0000, 0x0000, 0x0000, 0x0000, 0x0000, 0x0000, 0x0000,
    0x0000, 0x0000, 0x0000, 0x0000, 0x0000, 0x0000, 0x0000, 0x0000, 0x0000, 0x0000, 0x0000, 0x0000,
    0x0000, 0x0000, 0x0000, 0x0000, 0x0000, 0x0000, 0x0000, 0x0000, 0x0000, 0x0000, 0x0000, 0x0000,
    0x0000, 0x0000, 0x0000, 0x0000, 0x0000, 0x0000, 0x0000, 0x0000, 0x0000, 0x0000, 0x0000, 0x0000,
    0x0000, 0x0000, 0x0000, 0x0000, 0x0000, 0x0000, 0x0000, 0x0000, 0x0000, 0x0000, 0x0000, 0x0000,
    0x0000, 0x0000, 0x0000, 0x0000, 0x0000, 0x0000, 0x0000, 0x0000, 0x0000, 0x0000, 0x0000, 0x0000,
    0x0000, 0x0000, 0x0000, 0x0000, 0x0000, 0x0000, 0x0000, 0x0000, 0x0000, 0x0000, 0x0000, 0x0000,
    0x0000, 0x0000, 0x0000, 0x0000, 0x0000, 0x0000, 0x0000, 0x0000, 0x0000, 0x1082, 0x31E8, 0x530D,
    0x6BF2, 0x7C74, 0x84B5, 0x84D6, 0x84D6, 0x8CF6, 0x7C54, 0x0000, 0x0000, 0x2966, 0x7412, 0x52ED,
    0x31C8, 0x10A2, 0x0000, 0x0000, 0x0000, 0x0000, 0x0000, 0x0000, 0x0000, 0x0000, 0x0000, 0x0000,
    0x0000, 0x0000, 0x0000, 0x0000, 0x0000, 0x0000, 0x0000, 0x0000, 0x0000, 0x0000, 0x0000, 0x0000,
    0x0000, 0x0000, 0x0000, 0x0000, 0x0000, 0x0000, 0x0000, 0x0000, 0x0000, 0x0000, 0x0000, 0x0000,
    0x0000, 0x0000, 0x0000, 0x0000, 0x0000, 0x0000, 0x0000, 0x0000, 0x0000, 0x0000, 0x0000, 0x0000,
    0x0000, 0x0000, 0x0000, 0x0000, 0x0000, 0x0000, 0x0000, 0x0000, 0x0000, 0x0000, 0x0000, 0x0000,
    0x0000, 0x0000, 0x0000, 0x0000, 0x0000, 0x0000, 0x0000, 0x0000, 0x0000, 0x0000, 0x0000, 0x0000,
    0x0000, 0x0000, 0x0000, 0x0000, 0x0000, 0x0000, 0x0000, 0x0000, 0x0000, 0x0000, 0x0000, 0x0000,
    0x0000, 0x0000, 0x0000, 0x0000, 0x0000, 0x0000, 0x0000, 0x0000, 0x0000, 0x0000, 0x0000, 0x0000,
    0x0000, 0x0000, 0x0000, 0x0000, 0x0000, 0x0000, 0x0000, 0x0000, 0x0000, 0x0000, 0x0000, 0x0000,
    0x0000, 0x0000, 0x0000, 0x0000, 0x0000, 0x0000, 0x0000, 0x0000, 0x0000, 0x0882, 0x1904, 0x2166,
    0x2987, 0x29A7, 0x29A7, 0x0000, 0x0000, 0x0000, 0x0000, 0x0000, 0x0000, 0x0000, 0x0000, 0x0000,
    0x0000, 0x0000, 0x0000, 0x0000, 0x0000, 0x0000, 0x0000, 0x0000, 0x0000, 0x0000, 0x0000, 0x0000,
    0x0000, 0x0000, 0x0000, 0x0000, 0x0000, 0x0000, 0x0000, 0x0000, 0x0000, 0x0000, 0x0000, 0x0000,
    0x0000, 0x0000, 0x0000, 0x0000, 0x0000, 0x0000, 0x0000, 0x0000, 0x0000, 0x0000, 0x0000, 0x0000,
    0x0000, 0x0000, 0x0000, 0x0000, 0x0000, 0x0000, 0x0000, 0x0000, 0x0000, 0x0000, 0x0000, 0x0000,
    0x0000, 0x0000, 0x0000, 0x0000, 0x0000, 0x0000, 0x0000, 0x0000, 0x0000, 0x0000, 0x0000, 0x0000,
    0x0000, 0x0000, 0x0000, 0x0000, 0x0000, 0x0000, 0x0000, 0x0000, 0x0000, 0x0000, 0x0000, 0x0000,
    0x0000, 0x0000, 0x0000, 0x0000, 0x0000, 0x0000, 0x0000, 0x0000, 0x0000, 0x0000, 0x0000, 0x0000,
    0x0000, 0x0000, 0x0000, 0x0000, 0x0000, 0x0000, 0x0000, 0x0000, 0x0000, 0x0000, 0x0000, 0x0000,
    0x0000, 0x0000, 0x0000, 0x0000, 0x0000, 0x0000, 0x0000, 0x0000, 0x0000, 0x0000, 0x0000, 0x0000,
    0x0000, 0x0000, 0x0000, 0x0000, 0x0000, 0x0000, 0x0000, 0x0000, 0x0000, 0x0000, 0x0000, 0x0000,
    0x0000, 0x0000, 0x0000, 0x0000, 0x0000, 0x0000, 0x0000, 0x0000, 0x0000, 0x0000, 0x0000, 0x0000,
    0x0000, 0x0000, 0x0000, 0x0000, 0x0000, 0x0000, 0x0000, 0x0000, 0x0000, 0x0000, 0x0000, 0x0000,
    0x0000, 0x0000, 0x0000, 0x0000, 0x0000, 0x0000, 0x0000, 0x0000, 0x0000, 0x0000, 0x0000, 0x0000,
    0x0000, 0x0000, 0x0000, 0x0000, 0x0000, 0x0000, 0x0000, 0x0000, 0x0000, 0x0000, 0x0000, 0x0000,
    0x0000, 0x0000, 0x0000, 0x0000, 0x0000, 0x0000, 0x0000, 0x0000, 0x0000, 0x0000, 0x0000, 0x0000,
    0x0000, 0x0000, 0x0000, 0x0000, 0x0000, 0x0000, 0x0000, 0x0000, 0x0000, 0x0000, 0x0000, 0x0000,
    0x0000, 0x0000, 0x0000, 0x0000, 0x0000, 0x0000, 0x0000, 0x0000, 0x0000, 0x0000, 0x0000, 0x0000,
    0x0000, 0x0000, 0x0000, 0x0000, 0x0000, 0x0000, 0x0000, 0x0000, 0x0000, 0x0000, 0x0000, 0x0000,
    0x0000, 0x0000, 0x0000, 0x0000, 0x0000, 0x0000, 0x0000, 0x0000, 0x0000, 0x0000, 0x0000, 0x0000,
    0x0000, 0x0000, 0x0000, 0x0000, 0x0000, 0x0000, 0x0000, 0x0000, 0x0000, 0x0000, 0x0000, 0x0000,
    0x0000, 0x0000, 0x0000, 0x0000, 0x0000, 0x0000, 0x0000, 0x0000, 0x0000, 0x0000, 0x0000, 0x0000,
    0x0000, 0x0000, 0x0000, 0x0000, 0x0000, 0x0000, 0x0000, 0x0000, 0x0000, 0x0000, 0x0000, 0x0000,
    0x0000, 0x0000, 0x0000, 0x0000, 0x0000, 0x0000, 0x0000, 0x0000, 0x0000, 0x0000, 0x0000, 0x0000,
    0x0000, 0x0000, 0x0000, 0x0000, 0x0000, 0x0000, 0x0000, 0x0000, 0x0000, 0x0000, 0x0000, 0x0000,
    0x0000, 0x0000, 0x0000, 0x0000, 0x0000, 0x0000, 0x0000, 0x0000, 0x0000, 0x0000, 0x0000, 0x0000,
    0x0000, 0x0000, 0x0000, 0x0000,
  },
};
